1.82022
1.87744
1.97937
1.79903
1.97179
1.8645
1.79784
1.85797
1.90677
1.94912
1.78548
1.97148
1.86389
1.75146
1.86277
1.76359
1.90158
1.7069
1.82703
1.97625
1.85198
1.95996
1.89195
1.85371
1.74492
1.86708
2.03645
2.0142
1.70511
1.95579
1.70552
1.73926
1.76894
1.73366
2.02019
1.70477
1.72856
2.03585
1.8749
1.85657
1.79408
1.82541
1.81026
1.72894
1.83597
1.87619
1.80433
1.8972
1.77861
1.90378
1.91524
1.87846
1.81234
1.75995
1.71814
1.86026
1.71193
1.93232
1.74567
1.75342
1.90272
2.02371
1.85119
1.83882
1.97716
1.78633
1.7001
1.8466
1.76461
1.81464
1.72923
1.90818
1.89224
1.92111
1.81804
1.74561
1.87742
1.8628
2.03888
1.77304
1.81184
1.78839
1.85818
2.02195
1.92993
1.80142
1.86588
1.84409
1.92846
1.77313
1.96715
1.73114
1.74744
1.84763
1.81566
1.73741
1.7835
1.83639
1.7197
1.79585
1.72743
1.94151
1.72304
1.83667
1.7936
1.93457
1.72895
1.9132
1.79612
1.98238
1.80607
1.90593
1.81923
1.84174
1.80039
1.70323
2.02652
1.89765
1.72366
1.93719
1.91251
1.77163
1.73242
1.86973
1.7103
1.73816
2.04057
1.91133
1.84151
1.88974
1.76161
1.80106
1.8796
1.9236
1.88993
1.76399
1.86163
1.86028
1.74827
1.93292
1.75596
1.84767
1.92785
1.74887
1.71618
1.70778
1.88907
1.86166
1.8802
1.73812
1.78888
1.76098
1.87782
1.84
1.74334
1.9191
1.86293
1.85123
1.84174
1.81933
1.74132
1.86207
2.02195
1.74262
1.83288
1.75817
1.82565
1.86439
1.90116
1.84927
1.82219
1.74477
1.8718
1.79128
1.70848
2.01783
1.80812
1.85288
1.8677
1.8607
1.86863
1.95615
1.92355
1.72931
2.02904
2.03627
1.86016
2.01959
1.77962
1.86382
1.77873
1.84674
1.72795
1.78821
1.95593
1.75549
1.99705
1.74086
1.88047
1.87308
1.81155
1.70466
1.86043
1.77973
1.84896
1.85265
1.84136
1.87603
1.81041
1.7723
2.01549
1.70493
1.81283
1.85707
1.82271
1.73646
1.81952
1.83721
1.87447
1.93428
1.83677
1.85963
1.8615
1.7532
1.79375
1.78881
1.91544
1.86204
1.89583
1.85265
1.82878
1.76993
1.71699
1.79686
1.87229
1.97742
1.73124
1.96842
1.85915
1.95983
1.75336
1.91576
1.73534
1.90905
1.73941
1.87603
1.83901
1.88565
1.87211
1.94468
1.72973
2.01178
1.94337
1.82063
1.77199
1.89384
1.70358
2.01634
1.81556
1.71092
1.76902
2.04649
1.82891
1.91934
1.83968
1.86084
1.82756
1.88524
1.87946
1.88
1.78385
2.00899
1.87401
2.04211
1.75695
1.87446
1.72893
1.90765
1.86008
1.76625
1.70067
1.90601
1.99567
1.99082
1.78504
1.84329
1.74971
1.95905
1.74277
1.87467
1.89309
1.98779
1.8686
1.70914
1.77382
1.79362
1.75902
1.84932
1.73534
1.78333
1.77045
1.89612
1.87137
1.8201
1.8367
1.76265
1.78612
1.8638
1.84966
1.93793
1.90132
1.70447
1.89954
1.77334
1.84992
1.86619
1.74978
1.79864
1.89433
1.76349
1.88667
1.86405
2.00046
1.96009
1.71762
1.98699
1.95783
2.00938
1.73374
1.9912
1.76936
1.85097
1.85609
1.84472
1.85222
1.84396
1.72134
1.86328
1.88131
1.91279
1.9204
1.96288
1.87203
1.73365
1.89472
1.80043
1.70392
1.71511
1.89329
1.95746
1.81457
1.85519
1.90493
1.86311
1.89034
1.73759
1.87656
1.89648
1.7993
1.99216
1.71708
1.77754
1.74929
1.85732
2.00232
1.94013
1.78285
1.89347
2.02317
1.70038
1.94298
1.9288
1.81815
1.92854
1.78943
1.87388
2.02029
1.93856
1.88155
1.71562
1.77728
1.77815
1.87315
1.73515
1.84253
1.88793
1.77582
1.92
1.71818
1.72795
1.79732
1.88038
1.8402
1.95828
1.80727
1.86775
1.96004
1.74655
1.76067
1.80042
1.7457
1.81813
1.7441
1.77633
1.88772
1.91366
1.84811
1.78942
1.87822
1.73694
1.83779
1.97486
1.71931
1.78496
1.74382
1.96757
1.77329
1.73293
1.83902
2.00957
1.8312
1.71215
1.79702
1.82636
1.75967
1.8453
1.7583
2.02359
2.04964
1.98738
1.7065
1.82375
1.71038
1.77488
1.89327
1.86885
1.80096
1.90723
1.96221
1.72375
1.84173
1.85032
1.84946
1.94551
1.84064
1.7534
1.8774
1.92365
1.85069
1.93129
1.74496
1.82656
1.71722
1.84137
1.85895
1.87854
1.71894
1.95993
1.9445
1.85033
2.01659
2.01568
1.80233
1.94798
1.87912
1.79577
1.7677
1.76926
1.73851
1.87313
1.86631
1.95614
1.87032
1.93356
1.98436
1.72935
1.77467
1.75311
1.74391
1.99401
1.91777
1.82584
2.03895
1.7008
1.72512
1.77504
1.97256
1.77301
1.89492
1.78222
2.04051
1.87879
1.75782
1.77749
1.84858
1.77127
1.85399
1.8386
1.77695
1.7999
1.89986
1.73924
1.96921
1.8507
1.83051
1.77364
1.70944
1.73501
1.94923
2.00823
1.8637
1.86661
1.97739
2.04997
1.87064
1.86441
1.85611
1.84523
1.85518
2.02782
1.76918
1.80597
1.73763
1.86297
1.82959
1.99169
1.99122
2.04084
2.03968
1.96975
1.72106
1.93878
1.82158
1.83166
1.95511
1.87843
2.01693
1.85887
1.74092
1.7934
1.87097
1.76318
1.97599
1.71722
1.9087
1.8749
1.73724
1.84455
1.85249
1.77945
1.75389
1.7577
1.84627
1.90671
1.70533
1.81194
1.85702
1.82797
1.85192
1.87282
1.7566
1.83019
1.7942
2.02127
1.90274
1.70559
1.81846
1.8704
1.99892
1.86719
1.74461
1.86013
1.77993
1.88858
1.85743
1.83422
1.81206
1.78972
1.9091
1.90692
1.72327
1.788
1.87646
1.74996
1.93026
1.90275
1.98295
1.78898
1.81757
1.78244
1.74075
1.75456
1.85407
1.90522
1.73702
1.76901
1.82179
1.70983
1.77465
2.02293
1.76609
1.76819
1.95675
1.84933
1.81326
1.92185
1.99465
1.86195
1.8814
1.71493
1.72213
1.93975
1.81023
1.82881
1.76388
1.72098
1.97944
2.00756
1.99387
2.01646
1.96773
1.831
1.8942
1.80939
1.74085
1.74124
1.88173
1.81507
1.84764
1.86484
1.87141
1.7834
1.85139
1.75976
1.79148
1.72557
1.76037
1.88033
1.99719
1.86821
1.86052
1.99584
1.87952
1.70784
1.72383
1.82743
1.7296
1.74139
1.73993
1.92068
1.74293
1.76297
1.87845
1.97464
1.82899
1.91139
2.02361
1.73997
1.99715
1.96212
1.82662
1.75075
2.00612
1.75088
1.86771
1.71079
1.86247
1.7075
1.86319
1.86659
1.90114
1.71605
1.83836
1.73608
1.77217
1.84366
2.00712
1.99189
1.96787
1.85816
1.85251
1.7072
1.8013
1.85346
1.9077
1.87842
1.72781
1.81518
1.9351
1.77386
1.84465
1.87108
1.83483
1.86169
1.86891
1.83648
1.7536
1.89446
1.94398
1.7661
1.88705
1.76405
1.79551
1.98011
1.91171
1.86857
1.86439
1.96674
1.97649
1.74693
1.77399
1.78234
1.86719
1.81441
1.75691
1.97266
1.74511
1.73466
1.89887
2.03647
1.77761
1.89007
1.94986
1.77824
1.7938
1.85699
1.91419
1.71967
1.84241
1.71266
1.80419
1.71689
1.87034
1.86697
2.03538
1.81104
1.73204
1.77287
1.87078
1.79154
1.71247
1.85863
1.77242
1.92795
2.0056
1.74004
1.88816
1.833
1.76936
1.9081
1.79207
1.86921
1.96291
1.7096
1.85476
1.97235
1.98294
1.75398
1.84823
1.72559
1.74336
1.73406
1.85309
1.90137
1.70765
1.85629
1.80774
2.02898
1.95613
1.89579
1.70288
1.7383
2.02948
1.77776
1.86794
1.9191
1.97367
1.76279
1.75339
1.93066
1.88715
1.88616
1.79924
1.76896
1.89489
1.85842
1.86838
1.8905
1.87063
1.76404
1.94234
1.86362
1.93199
1.94487
1.8116
1.70964
1.902
1.82028
1.97566
1.71133
1.87601
1.85027
1.86272
1.701
1.93143
1.78287
1.95902
1.88147
1.8642
1.77988
1.87978
1.8944
1.94201
1.90122
2.0124
1.94514
1.86768
2.00692
1.85321
1.83741
1.85071
1.82211
1.82035
1.86717
1.86501
1.95751
1.9363
1.9144
1.71345
1.76955
1.97483
1.74453
1.90293
1.84666
1.94072
1.84162
1.81169
1.89355
1.79675
1.83135
1.75236
1.91713
1.71555
1.94524
1.85339
1.78324
1.75523
1.80394
1.75683
1.93846
1.92047
1.9718
1.87987
1.795
1.74353
1.76596
2.00709
1.86814
1.77892
1.97995
1.72592
1.92848
1.84109
1.73665
1.8549
1.75489
1.82768
1.86124
1.87629
1.7804
1.95144
1.88165
1.86756
1.86583
1.70977
1.71499
1.86176
1.93515
2.04312
1.9215
1.75541
1.8422
1.72603
1.77715
1.76273
1.90557
1.88241
1.80041
1.70411
1.71232
1.86456
1.76286
1.8892
1.81867
1.94928
1.88497
1.81637
1.70224
1.87283
1.87613
1.77528
1.89201
1.72745
1.84859
1.71519
1.90641
1.81203
2.04583
1.83393
1.97968
1.86464
1.70071
1.87693
1.77258
1.92251
1.86428
1.81511
2.01759
1.75185
1.83678
1.73084
1.76563
1.78788
1.74915
1.81179
1.71668
1.83663
1.9814
1.73046
1.7928
1.89684
1.86363
1.85317
1.73433
1.77625
1.8649
1.81544
1.73452
1.86088
1.82014
1.86174
1.84683
2.02736
1.94655
1.85042
1.8824
1.71081
1.77282
1.77119
1.99379
1.86529
1.81897
1.8627
1.95664
1.74996
1.84532
1.72863
1.8585
1.80255
2.02693
1.77585
1.78572
1.92219
1.71513
1.86767
1.77118
1.86652
2.01804
1.89023
1.98316
1.702
1.845
1.7049
1.70746
1.80097
1.70864
1.86808
1.80688
1.70482
1.86431
1.85522
1.86908
1.74547
1.85872
1.95627
1.73319
1.81358
1.88843
1.82268
1.7968
1.74196
1.85624
1.86082
1.88526
1.87393
1.91761
1.90389
1.86016
1.9728
2.02091
1.85748
1.79376
1.8496
1.75638
1.77206
1.94758
1.90644
1.89092
1.78439
1.98428
1.88154
1.7211
1.86079
1.86781
1.88943
1.89388
1.848
1.80275
1.79524
1.72563
1.85228
1.8727
1.85093
2.01402
1.86769
1.96656
1.7563
1.88847
1.86606
1.8778
1.77987
1.79443
1.91406
1.72744
1.88063
1.95827
1.93398
1.77693
1.71403
1.80332
1.86666
1.97173
1.94808
1.75308
1.86891
1.75196
1.84847
1.9201
1.7389
1.7492
1.87452
1.74334
1.8684
1.75979
1.87094
1.82919
1.96984
1.95182
1.71203
1.71079
1.91239
1.94491
2.03272
1.72479
1.82613
1.85071
2.01953
1.77196
1.88922
1.96644
1.74928
1.7291
1.91391
2.02667
1.84129
1.86253
1.93217
1.86544
1.96566
1.96793
1.79292
1.80734
1.7909
1.7913
1.75434
1.72154
1.77647
1.71967
1.9472
1.83148
2.04079
1.86006
1.92573
1.94997
1.91981
1.85299
1.84548
1.91672
1.85457
1.95883
1.87471
1.8505
1.88741
1.99672
1.73733
1.70081
1.72833
1.84282
1.74342
1.86218
1.86657
1.79377
2.04845
1.85526
1.88343
1.78388
1.98155
1.72891
1.79433
1.94102
1.86608
1.7383
1.92526
1.71402
1.72215
1.75962
2.04346
2.01143
1.79945
2.02245
1.71617
1.72776
1.85999
2.04236
1.8284
1.81063
1.84884
1.72533
1.80116
1.73055
1.7543
1.70597
1.93845
1.88183
1.85674
1.8725
1.76125
1.89853
2.00924
1.9642
1.77625
2.01751
1.76152
1.74472
1.99052
1.8583
2.04526
1.97505
1.7467
2.01677
1.746
1.82959
1.80475
1.76963
1.80144
1.95057
1.91558
1.89407
1.85066
2.00082
1.85461
1.93027
1.73676
1.7767
1.78706
1.92972
1.72791
1.90188
1.91569
1.71107
1.77234
1.85737
1.74499
1.8806
1.79131
1.94044
1.87782
1.77004
2.03839
1.71658
1.97327
1.93825
1.78566
1.70063
1.90832
1.96316
1.77504
1.99833
1.78348
1.71016
1.8262
1.90975
1.74384
1.86541
1.70892
1.70096
2.02993
1.81629
1.85353
1.8405
1.86945
1.87582
1.98012
1.8741
1.84103
2.04872
1.83733
1.76495
1.8563
1.972
1.95196
1.8462
1.88822
1.89952
1.73291
1.95974
1.85883
1.8029
1.75265
1.95946
1.9837
1.84592
1.85312
1.73582
1.76631
2.01664
1.71547
2.01553
1.84249
1.80499
1.76679
1.82817
1.86039
1.88219
1.91305
1.85721
1.74821
1.76926
1.97898
1.73662
1.80701
1.75871
1.94832
1.87242
1.75862
1.78385
1.80703
1.88394
1.76214
1.88357
1.75852
1.81316
1.92877
1.80284
1.93807
1.87886
1.88054
1.72624
1.76222
1.76135
1.75866
1.87948
1.77163
1.7669
1.73028
1.76691
1.85197
1.72967
1.93127
1.71224
1.90095
1.94155
1.98831
1.75572
2.03532
1.74988
1.93443
1.86378
1.92634
1.81381
1.706
1.99133
1.79887
1.80699
1.75718
1.73268
1.86148
1.91476
1.83394
1.85286
1.87764
1.91044
1.73488
1.91031
1.7882
1.71897
1.79824
1.75513
1.87211
2.03701
1.91947
1.77999
1.71907
1.83526
1.84384
1.7107
1.81358
1.96732
1.8995
1.89398
1.83444
1.85268
1.95711
2.01564
1.82148
1.73902
1.71818
1.90576
1.76642
2.02765
1.87323
1.76396
1.85572
1.72497
1.74179
1.87799
1.95101
1.84432
1.79595
1.84498
1.75752
1.88915
1.73697
1.90557
2.02831
1.87635
1.94469
1.70706
1.74642
1.8597
1.76764
1.94213
1.87407
1.84442
1.80408
2.01837
1.86383
1.76212
1.81175
1.8336
2.00487
1.71124
1.84415
1.93181
1.98494
1.76222
1.90755
1.92244
2.00668
2.04334
1.84536
1.86011
1.72602
1.71039
1.92881
1.70223
1.85238
1.74391
1.76175
1.74946
1.90726
1.82931
1.75528
1.82793
1.74449
1.98212
1.9196
1.81423
1.7534
1.835
1.84511
1.94011
1.83094
1.98164
1.71318
2.00255
1.86546
1.82397
2.01358
1.8622
1.86608
1.95915
1.71327
1.84619
2.034
1.95499
1.98325
1.74593
1.99664
1.84604
1.76402
1.8539
1.7147
2.00639
1.85738
1.72779
1.80661
1.86792
1.8919
1.71655
1.75484
1.85539
1.70535
1.85246
1.99126
1.94596
2.00645
1.88885
1.87088
1.87713
1.99743
1.83847
1.8116
1.87903
1.847
1.7951
1.94841
1.87896
1.94428
1.82806
1.92572
1.84313
1.84819
1.78013
1.8438
1.87525
2.02249
1.81052
1.9783
1.72548
2.01571
1.97649
1.82057
1.72888
1.79019
1.89336
1.74501
1.8218
1.74191
1.73325
1.91159
1.8625
1.86611
1.96632
1.71474
1.75415
2.03098
1.8456
1.90804
1.92188
2.01689
1.85137
1.75537
1.77258
1.98437
1.9777
1.99633
1.96734
1.80093
1.87846
1.86066
1.80767
1.70637
1.92784
1.78553
1.99506
1.90955
1.76898
2.02058
1.92523
1.87898
1.7448
1.82827
1.73427
1.8694
2.02042
2.03773
1.92497
1.87772
1.76325
2.03658
1.85965
1.78676
1.74876
1.83947
1.70251
2.02453
1.76339
1.78794
1.72289
1.96269
1.70912
2.00478
1.87417
1.99394
1.9733
1.74674
1.9344
1.95328
1.86989
1.83062
1.71266
1.72577
1.77051
1.83118
1.81735
1.7992
1.97049
1.92176
1.83667
1.98933
1.74219
1.72829
1.85001
1.71022
1.89019
1.87966
1.7003
1.70393
1.88613
1.87455
1.91688
1.72364
1.85002
1.86243
1.73982
1.99931
1.9669
1.92981
1.95057
1.97486
1.72739
1.76552
1.74724
1.86757
1.93326
2.04841
1.89739
1.85155
1.71518
1.86801
1.82903
1.71627
1.74796
2.00719
1.99822
1.80579
1.91095
1.72561
2.0142
1.9896
1.7438
1.81615
1.8576
1.74054
1.94502
1.80343
1.8206
1.74626
1.71895
1.74809
2.03817
1.87156
1.83827
1.9913
1.85028
1.95814
1.92446
1.79527
1.74751
1.77036
1.98004
1.9042
1.94977
1.8317
1.86445
1.86533
1.70694
1.96666
2.03752
1.76694
1.74225
1.74412
1.86337
1.89526
1.72786
1.7287
1.93018
1.9473
1.95518
1.7708
1.77102
2.01894
1.85576
1.89486
1.81499
1.87397
1.81036
1.8315
1.86465
1.71591
1.84317
1.88953
1.97801
1.71454
1.8793
1.81248
1.76603
1.72273
1.80471
1.83502
1.72892
2.03587
1.76771
1.77899
2.04715
1.95718
1.79854
1.74345
1.81203
1.93165
1.80569
1.79839
2.02466
1.85481
1.87067
1.73849
1.97382
1.90197
1.70125
1.91578
1.79723
1.90341
1.71315
1.72042
1.8631
1.82161
1.73434
1.73213
1.70431
1.96109
1.94112
1.76794
1.83723
2.0477
1.83173
1.75834
1.89464
1.8583
1.86638
1.75202
2.00138
1.84841
1.95359
1.86556
1.85637
1.9841
1.82433
1.70966
1.95517
1.9951
2.00069
1.72565
1.80678
1.88687
1.8403
1.75701
1.82689
1.98618
1.97426
1.9733
1.90792
1.88963
1.76044
1.78857
1.88806
1.90656
1.7526
1.71373
1.76026
1.7141
1.87725
1.80061
1.99639
1.98511
2.00712
1.7154
1.82399
1.70717
1.93344
1.70911
1.79135
1.83217
1.81949
1.96173
1.9994
2.04429
1.9836
1.87888
1.76512
1.77698
1.80276
1.80343
1.97305
1.88206
1.76479
1.92294
1.84786
1.81504
1.91809
1.84557
1.71169
2.02451
1.97054
1.93631
1.76583
1.98577
1.86317
2.01019
1.8084
1.97339
1.93937
1.99644
1.91538
2.00644
1.8156
1.74568
1.74388
1.86504
1.95317
1.89923
2.03529
1.77934
2.04507
1.83184
2.00507
1.70968
1.70426
1.91679
1.73221
1.73133
2.00445
1.93396
1.91525
1.78877
1.82548
1.84981
1.73051
1.762
1.87528
2.04154
1.70619
1.95819
1.75598
1.76722
1.71924
2.03185
2.04722
1.81217
1.86707
1.72243
1.88322
1.82751
1.73881
1.80451
1.73545
1.99415
1.92478
2.02175
1.72015
1.88772
1.92887
1.8341
1.90607
1.75549
1.95759
1.71509
1.98935
1.94955
1.80488
1.84649
1.75732
1.84822
1.74124
1.71293
1.81758
1.88482
2.01551
1.83175
1.78067
1.8544
1.84364
2.04374
1.81827
1.77236
1.70001
1.94759
1.86581
1.84837
1.76899
1.82372
1.84032
1.8767
1.94283
1.87205
1.87679
1.99809
1.94798
1.86683
1.85274
1.85931
1.94705
1.70806
2.03216
2.02132
1.72533
1.92914
1.86014
1.82712
1.81489
1.70586
1.84972
1.86958
1.87277
1.76142
1.89063
2.02902
1.72551
1.85974
1.752
1.77146
1.86841
1.70727
2.02943
1.8699
1.7509
2.02483
1.852
1.92829
1.73479
1.99177
1.73123
1.94666
1.8621
1.71773
1.73867
1.72271
1.84658
1.71438
1.71268
1.78101
1.77981
1.88011
1.86191
1.88761
2.03843
1.8318
2.00207
1.8866
1.89122
1.959
1.86923
1.94855
1.87351
1.91872
1.85516
1.80575
1.93466
1.83667
1.75643
1.95064
2.02816
1.85774
2.03353
1.82948
1.78941
2.03539
2.03406
1.77207
2.01878
1.89437
1.81208
1.92178
1.89557
1.73953
1.86349
1.99388
2.04008
1.74332
1.83474
1.84734
2.0244
1.78535
1.88552
1.7163
1.97775
1.75801
1.88685
1.93199
1.81282
2.01943
1.74024
1.75414
1.90835
1.72677
1.81256
1.94626
1.92624
1.87343
1.90529
1.95996
1.72506
1.85111
1.73953
1.87705
1.85672
1.90838
1.76502
1.7715
1.75265
1.70941
1.97028
1.86013
1.70599
2.02616
1.83013
1.92027
1.70078
1.78452
2.00323
1.74443
1.80865
1.73971
1.8655
1.74662
1.93593
1.74278
1.8828
1.88902
1.78876
1.86216
1.97229
1.72989
1.77206
1.823
1.71736
1.85698
1.77461
1.85838
1.71071
1.75928
1.86574
1.76612
1.87502
1.76125
1.89097
2.03485
1.71935
1.70251
1.86075
2.01438
1.84191
1.86278
2.02675
1.96783
1.94468
1.73345
1.89784
1.87703
2.03846
2.03001
1.83561
1.75685
1.96383
1.8672
1.78581
1.86251
1.96022
2.0026
1.73003
1.82379
1.84916
1.85681
1.86369
1.75041
1.85093
1.85176
1.72577
1.84788
1.8245
2.02482
1.97852
1.76955
1.95879
1.71929
1.78016
1.70519
1.99789
1.86519
1.73625
1.83041
1.71163
1.88863
1.86218
1.84391
1.96532
1.90083
1.82222
1.76948
1.97068
1.87878
1.84505
1.83719
1.85513
1.7984
1.75271
1.86397
2.04152
1.88597
1.76035
1.92802
1.93573
1.77336
2.04698
1.84192
1.95194
1.72585
1.82475
1.85869
1.82064
1.78719
1.78175
1.90124
1.83542
1.87569
1.92435
1.80886
1.76882
1.71405
1.83084
1.7405
1.7739
1.71944
1.87358
1.7141
1.94417
1.73688
1.82211
1.71375
1.74501
1.71149
1.72993
1.72518
1.87971
1.95145
1.75834
1.72202
1.77494
1.95274
1.83627
2.03171
1.84405
1.9671
1.8779
1.73064
1.71677
1.84358
1.78754
1.78567
1.9921
1.86184
1.83634
1.78089
1.94713
1.87221
1.83909
1.82584
1.85036
1.83229
1.91132
1.96739
1.89075
1.87398
1.77685
1.87752
1.89052
1.71111
1.87491
2.00538
1.82682
1.92397
1.84891
1.86932
1.95769
1.75052
1.8806
1.85064
1.86499
1.82494
1.77302
1.84449
1.78425
1.94701
1.72843
1.9391
1.75107
2.03701
1.71873
1.9242
1.78556
1.87603
1.72479
1.80191
1.76271
1.83369
1.85946
1.80157
1.93423
1.85181
1.86494
1.71184
1.77378
1.79535
1.72561
1.853
1.79857
1.99482
1.74246
1.76558
1.70907
2.01841
1.78997
1.73909
1.84498
1.82475
1.79434
1.89601
1.86641
1.80022
1.73365
1.90111
1.75458
1.84929
1.82067
1.82987
1.83794
1.87195
2.0076
1.82767
1.82441
1.8515
1.72071
1.84123
1.74968
1.99036
1.89713
1.71803
1.78343
1.73451
1.75799
1.81923
1.90223
1.92381
1.85509
1.86056
1.87917
1.98334
1.75811
1.71178
1.81706
1.77741
2.04698
1.90991
1.82881
1.86322
1.80754
1.83155
1.85239
2.03953
1.74249
1.74384
1.70166
1.80621
1.85581
1.879
1.78585
1.81641
1.82442
1.88196
1.76826
1.71393
1.83932
1.80604
1.85571
1.73748
1.92133
1.84881
1.85263
1.70775
1.78224
1.70446
1.73049
1.80165
1.7986
1.72752
1.9539
1.87265
1.91028
1.94986
1.87951
1.91211
1.99103
1.88653
1.84328
1.8282
1.8493
2.02424
1.80552
1.72888
1.94146
1.7366
1.85038
1.73111
1.83685
1.74618
1.9987
1.76245
1.70153
1.86055
1.86395
2.04853
1.75825
1.96285
1.89013
1.81311
1.77352
1.78271
2.00717
1.74692
1.81545
2.02584
1.96798
1.85745
1.7541
1.94725
1.89485
1.87654
1.84892
1.95857
1.71688
1.98851
1.84484
1.82179
1.87137
1.75902
1.90119
1.89356
2.01854
1.86014
1.94188
1.94575
1.79578
1.8816
1.89056
1.8807
1.95978
1.70112
1.72011
1.9455
1.73309
1.72385
1.89135
1.96793
1.74318
1.95277
1.75234
1.77914
1.96698
1.74949
1.84801
1.79827
2.00151
1.90516
1.8455
1.84911
1.85987
1.78913
1.75159
1.92034
1.71085
1.84256
1.87919
1.94393
1.91558
1.8322
1.884
1.86616
1.97232
2.01785
1.89298
1.75442
1.81782
1.98485
1.93271
1.75354
1.95012
1.72035
1.90022
1.85518
1.76003
1.71584
1.86518
1.74124
1.93807
1.71317
1.71092
1.72064
1.861
1.8597
1.72342
1.77715
1.78948
1.88371
1.81545
1.79334
1.86873
1.77743
1.74195
1.85843
1.87521
1.82064
1.8713
1.77658
1.74236
1.81074
1.8443
2.02954
1.81212
1.92849
1.94957
1.74487
1.93149
1.78271
1.7563
1.78254
1.88621
1.9652
1.99326
1.75799
1.86256
1.79165
1.87513
1.76534
1.87615
1.86437
1.99484
1.70234
1.71378
1.84597
1.70871
1.8892
2.03359
1.87121
1.98645
1.80911
1.7475
1.77309
1.70532
1.98577
1.88278
1.81783
1.93648
2.0012
1.73277
1.75098
1.7292
1.71022
1.75357
1.81394
1.94785
1.79757
1.71963
1.92477
1.80358
1.81752
1.81759
1.83171
1.79735
1.7297
1.76966
1.94863
1.85231
1.73075
1.70647
1.81036
1.74538
1.87372
1.79366
1.85379
1.87925
1.81605
1.87992
1.74658
1.79673
1.77644
1.81319
1.90644
1.9107
1.83522
1.70353
1.81047
1.89507
1.77697
1.85489
1.72805
1.93512
1.8891
1.7108
1.78849
1.9548
1.84788
1.73975
1.92681
1.75334
2.04814
1.94098
1.95333
1.90083
1.97264
1.70986
1.71786
1.75015
1.79291
2.02479
1.82677
1.89883
1.80941
1.71567
1.70681
1.8082
1.78743
1.71521
1.76119
1.82717
1.88361
1.82243
1.8188
2.01373
1.7578
1.96318
1.84993
1.94831
1.73115
1.87857
1.92576
1.88377
1.80717
1.8279
1.86508
1.88819
2.0379
1.87948
1.96497
1.98134
1.87818
1.79002
1.90995
1.89016
1.98034
1.70226
1.9173
1.7083
1.9428
1.79315
1.92928
1.87375
1.82498
1.76668
1.95832
1.98511
1.86559
1.73331
1.72295
1.85467
1.71769
1.80718
1.79843
1.90616
1.84841
1.89233
1.95855
1.83954
1.75528
1.85352
2.03409
1.70624
1.87988
1.79853
1.77287
1.85515
1.8672
1.79817
1.94393
1.87955
1.84791
2.03475
2.04577
1.91145
2.02228
1.80427
1.8684
1.7152
2.00144
1.73672
1.76168
1.7586
1.80635
1.88778
1.78981
1.76099
1.73248
1.91064
1.81656
1.79752
1.86745
1.98796
1.9151
1.72709
1.77247
1.77784
1.7405
1.85762
1.86792
1.90927
1.85356
1.81997
1.92517
1.8645
1.77364
1.93934
1.90803
1.8026
1.80734
1.71194
1.75934
1.95167
1.87726
1.86809
1.83547
1.84375
1.7663
1.8252
2.03297
1.86329
1.79135
1.81504
1.81377
1.80456
1.71351
1.95824
1.77079
2.04528
1.8033
1.83221
1.94238
2.00775
1.97797
2.01119
1.87946
1.72027
1.85777
1.86759
1.83441
1.77333
1.79557
1.86362
1.81071
1.83925
1.84838
1.95106
1.79077
1.80776
1.96796
1.87541
1.78802
1.91985
1.96009
1.81898
1.89158
1.83674
1.81988
1.74447
2.03347
1.88267
1.80231
1.78775
1.70568
1.77869
1.77017
1.85668
1.73455
2.04136
1.87096
2.00581
1.72759
1.76008
2.01532
1.85014
1.99134
1.84641
1.94463
2.0201
1.78651
1.85537
1.71698
1.9595
1.79098
1.99539
1.89583
1.92139
1.70956
1.84231
1.74522
1.76907
1.92206
1.80566
1.71247
1.70278
1.91015
2.01424
1.94144
1.72808
1.96039
1.72403
1.72052
1.97491
1.86378
1.72098
1.71149
1.88744
1.78515
1.8175
2.00722
1.72195
1.80013
1.81007
1.78631
1.73427
1.8656
1.78098
1.7701
1.71285
1.92989
1.84922
1.92189
1.88765
1.71964
1.8495
1.74544
1.98
1.91287
1.93038
1.98064
1.75801
1.93989
1.70819
1.70972
1.79731
1.70201
1.86541
1.96707
1.88983
1.91809
1.8761
1.71987
1.84397
1.89957
1.78589
1.77907
1.83131
1.88159
1.99793
1.8133
1.87004
1.85607
1.85309
2.02792
2.04847
2.04882
1.91024
1.81297
2.02756
1.84947
1.9764
1.86057
1.85507
1.88454
1.73315
1.71188
1.80315
2.00818
1.99334
1.85624
1.85352
1.72701
2.01405
1.8828
1.76869
1.97308
1.82927
1.74082
1.71271
1.90152
1.85817
1.83517
1.93649
1.82419
1.82921
1.73343
1.77158
1.98139
1.75444
1.74254
1.7441
1.77106
1.88368
1.99021
1.83123
1.72828
1.92008
1.87956
1.86246
1.7167
2.04985
1.75443
1.74009
1.71556
1.79826
1.85415
1.85436
1.8838
1.7931
1.91732
1.70987
1.7873
1.72558
1.77792
1.82558
1.93806
1.96057
1.71909
1.79138
1.86609
1.70405
1.898
2.04175
1.70704
1.83013
1.74372
1.9554
1.7621
1.84727
1.87001
1.84339
1.86917
1.99489
1.86617
2.0185
1.96995
1.73646
1.93496
1.70134
1.71618
1.82849
1.81844
1.95948
1.85816
1.8531
1.78784
2.04707
1.9962
1.71024
1.76742
1.79284
1.95793
1.8744
1.98405
1.70327
1.7376
1.71615
1.86614
1.86428
1.78883
1.89413
1.76665
1.76506
1.7659
1.91185
1.87821
1.89908
1.7687
1.71664
1.91145
1.83627
1.83324
1.74163
1.71865
1.86347
1.88222
1.7245
1.97304
1.77978
1.72969
1.72057
1.9446
1.70349
1.98411
1.74954
2.00082
1.90177
1.97607
1.74509
1.74485
1.87505
1.75957
1.85314
1.87384
1.93397
1.95974
1.77379
1.97545
1.95257
1.96015
1.89474
1.97274
1.86686
1.91043
1.89492
1.88522
1.73382
1.79131
1.93453
1.79289
1.74518
1.88826
1.72835
1.70658
1.70376
1.73398
1.85212
1.8365
2.03111
2.01998
1.91131
1.79229
1.87949
1.86635
1.88209
1.70609
1.88211
1.98622
2.00541
1.76016
1.75457
1.71998
1.82059
1.89106
1.80907
1.86899
1.83771
1.81835
2.00148
1.89606
1.86554
1.71193
1.75755
1.71793
1.83578
1.81796
2.01372
1.8401
1.70597
1.8457
1.77296
1.85252
1.86308
1.81648
1.87258
1.78688
1.89674
1.98111
2.04581
1.7696
1.86443
1.72334
1.85933
1.84972
1.74185
1.7375
2.03111
1.74251
1.72124
1.79167
1.83475
1.71055
2.03646
1.81569
1.71365
1.87745
1.81011
1.85604
1.74414
2.02683
1.9775
1.88587
1.95465
1.94305
1.83801
1.98832
1.73422
1.90146
1.89097
1.7152
1.79523
1.80831
1.89281
1.79643
1.78468
1.93906
1.74623
1.84448
1.70939
1.87472
1.71627
1.75935
1.74672
2.00849
1.73827
1.80311
1.9859
1.72541
1.82203
1.88889
1.99525
1.81182
1.8679
1.86999
1.86132
1.86853
1.77828
1.70903
1.73243
1.75484
1.74041
1.8677
1.7632
1.76199
1.78074
1.87719
1.92638
1.72564
1.79607
1.83294
1.72065
1.75854
1.90498
1.86444
1.99752
1.76903
1.86212
1.98472
1.9838
1.77825
1.70467
1.75587
1.86918
1.97436
1.80736
1.7172
1.7173
1.85
1.94504
1.82354
1.85212
1.89485
1.80742
1.86193
1.86737
1.75324
1.75967
1.75526
1.94781
1.86322
1.70635
1.8043
1.70347
1.72217
1.83294
1.74302
1.85164
1.79364
1.81295
1.81649
1.7708
1.82112
1.72642
1.76054
1.87646
1.72702
1.84462
1.85363
1.71215
1.75481
1.9282
1.94529
1.99954
1.79137
1.70027
1.70782
1.99579
1.82073
1.82265
1.73884
1.87681
1.86956
1.80923
1.87986
1.77159
1.88765
1.75914
1.97693
1.70817
1.79862
2.01924
1.86701
1.72472
1.86323
1.75328
1.74808
1.85579
1.71399
1.73826
1.86809
2.01558
1.87713
1.80797
1.8708
1.83837
1.94765
1.84524
2.04719
1.72428
1.85537
1.92215
1.98019
1.8813
1.72215
1.98972
1.79846
1.89204
1.91394
1.82519
1.7008
1.87785
1.70544
1.85141
1.77507
1.78964
1.8501
1.78203
2.02357
1.72441
1.783
1.93038
1.78602
1.89545
1.75398
1.88059
1.82589
1.86118
1.96892
1.75317
1.76411
1.83523
1.8364
1.97362
1.93545
1.73826
1.89944
1.88993
1.86715
1.70115
1.77269
1.91435
1.91803
1.82759
1.72086
1.77806
1.76759
1.8295
1.78718
1.88823
1.87211
1.87826
1.85388
1.75191
1.91367
1.82094
1.93924
1.74419
1.81894
1.72107
1.84462
1.85354
1.72707
1.86001
1.87814
1.81056
1.82906
1.83246
2.02099
1.90706
1.82089
1.96192
1.73672
1.82763
1.70645
1.73217
1.76551
1.85468
1.84588
1.83062
1.96918
1.82236
1.94679
1.74434
1.84345
1.9798
1.71352
1.76556
1.71568
1.86307
1.8797
1.8782
2.02265
1.72185
1.8297
1.7066
1.89705
1.72848
1.86945
1.87359
1.86809
1.8627
1.748
1.72346
1.81087
2.04307
1.88653
1.86801
1.81074
1.87347
2.02903
1.82794
1.85432
1.81508
1.75365
1.79106
1.72523
1.72829
2.01869
1.77365
1.84815
1.8874
1.7027
1.93158
1.79468
1.86752
1.85759
1.73342
1.72869
1.88289
1.936
1.84345
1.8485
1.81443
1.83498
2.04261
1.76449
1.75573
1.86526
1.79511
1.83126
1.74289
1.7486
1.9422
1.85556
1.8615
1.84764
1.9136
1.86454
1.83564
1.86824
1.82779
1.75026
1.7278
2.0427
1.70374
1.86596
1.82176
1.74635
1.85954
1.81606
1.72869
1.94735
2.03933
1.79033
2.02679
1.7251
1.87516
1.81813
1.94816
1.87532
1.75936
1.73964
1.71733
1.75823
1.77582
1.91229
1.84291
1.86207
2.0015
1.70499
1.87383
1.7449
2.047
1.84829
1.95133
1.81944
2.02082
1.77868
1.75772
1.99762
1.74572
1.93534
1.73572
1.8842
1.77401
1.98594
1.71962
1.70583
1.81502
1.72389
1.73621
1.86111
1.84694
1.71948
1.71671
1.71256
1.88231
2.03195
1.82644
1.75593
1.87058
1.79812
1.74644
1.73244
1.87981
1.86867
1.94283
1.90611
1.75857
1.75615
1.85156
1.96188
1.78778
1.85856
1.81367
1.80961
1.8435
1.88968
1.83846
2.00363
1.70619
1.83054
1.88659
1.79842
1.80935
1.76671
1.89051
1.8847
1.77722
1.81082
1.89939
2.03902
1.79768
1.91413
1.72525
2.024
2.03622
1.99478
1.97738
1.88697
2.01363
1.9311
1.93976
1.7036
1.84647
1.93697
1.77367
1.8737
2.02393
1.98827
1.97278
2.00673
1.77547
1.77249
1.8491
1.92832
1.85256
2.01996
1.76062
1.86339
1.70701
1.86133
1.84614
1.85932
1.70665
1.75151
1.9851
1.7539
1.73053
1.80807
1.95406
1.91508
1.73556
1.7523
1.86718
1.88893
1.86015
1.86974
1.70192
1.7869
1.78069
1.83244
1.94998
1.96614
1.74811
1.70805
2.01828
1.79356
1.90567
1.86142
1.8452
1.88224
1.74396
1.86165
1.7303
1.89259
1.71483
1.77837
1.77902
1.76746
1.98688
1.87616
1.74359
1.70313
1.7633
1.88037
1.88727
1.73319
1.86271
1.87009
1.91978
1.83202
1.7907
1.95322
1.88483
1.90091
1.80534
2.00818
1.76562
2.00138
1.74245
1.86269
1.86923
1.96739
1.75755
1.72243
1.72946
1.97617
1.75949
1.78973
1.84063
1.98468
1.76746
1.85564
1.8708
1.85955
1.76318
1.93874
1.89558
1.88555
1.80979
1.88437
1.94275
1.71429
1.88702
1.72884
1.82646
1.75723
1.90875
2.03943
1.73738
1.88184
1.759
1.76453
1.7073
1.7665
1.86986
1.73577
1.92181
1.86054
1.96702
1.987
1.77487
1.91331
1.84483
1.87597
1.72649
1.76536
1.70179
1.94346
1.97738
1.93753
1.89286
1.83063
1.85695
1.81784
1.84094
1.72122
1.79593
1.70046
1.8868
1.90789
1.98448
1.70641
1.82005
1.84454
1.7283
1.89858
1.8384
1.70121
1.86853
2.0472
1.84083
1.91438
1.92584
1.8104
1.87908
2.01558
1.89197
1.86007
1.94476
2.05
1.74302
1.7587
1.86826
1.87425
1.89332
1.78192
1.87337
1.83768
1.864
1.76989
1.89156
1.74185
1.966
1.95726
1.98343
1.72349
1.82357
1.86638
1.74679
1.78757
2.00551
1.76897
1.93479
1.71316
1.87218
2.01509
1.84757
1.8604
1.81176
1.70562
2.01445
1.76043
1.89391
1.86725
1.71903
1.70285
1.81579
1.87185
1.90235
1.86242
1.82906
1.70681
1.72521
1.89145
1.98057
1.96261
1.84273
1.71329
1.74603
1.72806
1.77877
1.72468
1.90878
1.7277
1.79429
1.83264
1.7762
1.80978
1.79947
1.79457
1.70763
1.79438
1.99442
1.86792
2.02396
2.00841
1.80686
1.85465
1.80885
1.71817
1.70329
1.78353
1.88981
1.86485
1.85393
1.79475
1.85353
1.87406
2.03588
1.78455
2.04758
2.01413
1.77503
1.9628
1.97689
1.86953
1.89753
1.97153
1.85499
1.76194
1.86835
1.87946
1.93714
1.97247
1.82854
1.70576
1.95443
1.77323
1.88906
2.03405
2.01319
1.85095
1.75863
1.86105
1.8758
1.79841
1.86358
2.02436
1.82529
1.93363
2.02451
1.74571
1.90927
2.02947
1.7643
1.8605
1.82625
1.85426
1.93131
1.88766
1.88751
1.87797
1.81045
1.92864
2.02697
1.81753
2.04702
1.7595
1.73638
1.85535
1.92433
1.89723
1.75978
1.78186
1.86023
1.92971
1.86539
1.71855
1.87772
1.87526
1.72076
1.87638
1.85977
1.77874
1.83545
1.76801
1.91197
1.88283
1.84551
1.96542
1.84611
1.97691
1.96022
1.96276
2.04383
1.81572
1.87297
1.83814
1.75895
1.93059
1.85887
2.03475
2.00568
1.80213
1.87514
1.73807
1.85983
1.76661
1.82401
1.90412
1.79334
1.73105
1.96495
1.86819
1.78739
1.97849
1.90039
1.70873
1.78616
1.75194
2.01161
1.9911
1.87927
1.87903
1.74848
2.0404
1.72393
1.92904
1.74704
1.77658
2.00987
1.77781
1.82015
1.84819
1.93086
1.81755
1.72845
1.73029
1.71908
1.84856
1.94135
1.74295
1.72707
1.87322
1.84875
2.04156
1.89427
1.99365
1.98695
1.81955
1.8885
1.83815
1.94529
1.7917
1.70546
1.73293
1.9093
1.98262
1.72939
1.71999
1.96321
1.86836
1.9782
1.89095
1.73922
1.72458
1.90911
1.86348
1.87269
1.85174
1.79533
1.79687
1.84213
1.82247
2.01577
1.71503
1.76165
2.02628
1.80902
1.78101
1.9372
1.7548
1.85653
1.85142
1.71756
1.8601
1.8639
1.97867
1.87234
1.78011
1.95294
1.89166
1.97073
1.83174
1.80398
1.8776
1.73658
1.7185
1.89204
1.86935
2.02425
1.88942
1.87666
1.71362
1.91855
1.83591
1.78918
1.9311
1.92016
1.85073
1.90219
1.86218
1.81592
1.85152
1.829
1.86179
1.73738
1.86438
1.86002
1.98191
1.87329
1.79766
1.7378
1.80541
1.73151
1.77985
1.78004
1.70942
1.76952
1.86936
2.03662
1.79401
1.92744
1.79144
1.79663
1.8771
1.71408
1.86081
1.87815
1.98111
1.85469
1.85363
1.94008
1.74029
1.8388
1.91513
1.91852
1.81782
1.76137
1.80201
1.97893
1.72119
1.76036
2.00935
1.77073
1.82419
1.89056
1.79898
1.90795
1.94221
1.79369
1.86262
1.81955
1.98397
1.98837
2.03895
1.87363
1.75633
1.76941
1.72204
1.87385
1.78689
2.04897
1.79379
1.73831
1.70158
1.86334
1.72223
1.76658
1.94002
1.8087
1.82723
1.81727
1.8516
1.78553
1.86094
1.77801
1.70321
1.84412
2.00514
1.77545
1.9138
1.83459
1.85462
1.75887
2.01148
1.70725
1.72922
2.00918
1.84811
1.76419
1.75869
1.91442
1.72051
1.88175
1.90278
1.72962
1.74592
1.85679
1.84559
2.03818
1.95249
1.82691
1.77651
1.96183
1.77744
1.96291
1.91749
2.02094
1.83398
1.80646
1.77273
1.70263
1.91734
1.86007
1.87749
1.90149
1.97481
1.70594
1.8873
1.97735
1.85753
1.89776
2.00113
2.04897
1.85311
1.86121
1.82548
1.90692
1.79893
1.85386
1.90838
1.76813
1.98679
1.94366
1.70728
2.03324
1.82786
1.7345
1.9414
2.01911
1.89147
1.86961
2.02914
1.71239
1.76647
1.85365
1.87285
1.87649
1.8585
1.76196
1.82676
1.90722
1.7714
1.88157
1.89418
2.00028
1.87167
1.71243
1.76954
1.85032
1.75877
1.93833
1.72896
1.79458
1.73858
1.88773
2.04494
1.91987
1.97988
1.75234
1.84494
1.70644
1.74186
1.70176
1.79057
1.93533
1.93305
1.94039
1.75411
1.76659
1.7134
1.94926
1.90034
1.82695
1.84916
2.0243
2.028
1.97612
1.8767
1.8566
1.95833
1.94434
1.8596
1.8022
1.71757
1.81358
1.79439
1.86342
1.91529
1.75425
1.94146
2.04552
1.75864
1.88384
1.85677
1.88148
1.88507
1.91676
1.77493
1.75701
1.87176
1.73894
1.99346
1.91538
1.7874
1.75006
1.99144
1.83871
1.70595
1.86651
1.70503
2.0062
1.87117
1.74259
1.74887
1.74222
1.96209
1.70282
1.71698
1.87679
1.91715
1.91972
1.75207
2.02383
1.86262
1.7377
1.75862
1.81038
1.77341
1.72066
1.95039
1.72417
1.9585
1.76466
1.78225
1.80347
1.96724
1.77341
2.04215
1.95771
1.84567
1.77654
1.91675
1.78563
1.91409
1.73525
1.88852
1.86532
1.90815
1.73803
2.01304
1.70219
1.76993
1.70489
1.96121
1.82544
1.7405
1.95303
1.80948
1.9809
1.72726
1.71799
1.86871
1.82768
1.86037
1.86332
1.84083
1.7253
1.87539
1.87811
1.92033
1.74706
1.88132
1.88378
1.83713
1.9512
1.99248
1.86356
1.79305
1.84283
2.00216
2.04473
1.7799
1.77989
2.0157
1.8924
1.92878
1.97404
1.84523
1.95937
1.84407
1.79228
1.89772
1.93651
1.79131
1.79747
1.92288
1.73479
1.90355
1.7363
1.75443
1.96843
1.76349
1.851
1.79712
1.89773
1.87011
1.85217
1.73583
1.86748
2.04465
1.98203
1.7964
1.86677
1.87959
1.89028
1.80399
1.80537
2.04505
1.96896
1.72681
1.78718
1.75545
1.75282
1.87086
1.83045
1.71761
1.74353
1.76434
1.74714
1.82385
1.76621
1.81061
2.02708
1.77889
1.92863
1.71874
1.86065
1.73453
1.86149
1.79732
1.77084
1.86865
1.86218
2.02001
1.87764
1.92969
1.96336
1.7884
1.74929
1.85396
1.76794
1.87022
1.76948
1.71429
1.88915
1.85813
1.88055
1.76767
1.77295
1.8678
1.8445
1.86981
1.71393
2.04957
1.73411
1.87338
1.87342
1.75946
1.74402
1.97784
1.70568
1.80612
1.85831
1.79489
1.871
1.77738
1.82144
1.73698
2.01082
1.75553
1.80411
1.83676
1.80009
1.87649
1.74777
2.03259
1.89788
1.86895
1.97535
1.74254
1.86827
1.90713
1.84256
1.93074
1.70485
1.75734
1.7941
1.93017
1.74124
1.75842
1.96924
1.91664
1.763
1.83479
1.97766
2.02832
1.86833
1.71023
2.04026
1.76245
1.76702
1.84825
1.87212
1.72807
1.72638
1.73514
1.81105
1.83552
1.8423
1.81816
1.72586
1.8223
1.88782
1.8753
1.93791
1.76975
1.82655
1.85581
1.87811
1.72773
2.01278
1.74725
1.76866
1.80847
1.81376
1.79433
1.73409
1.85992
1.88384
1.77883
1.70409
1.88723
1.85807
1.95224
1.86214
1.91255
1.87563
2.01907
1.93245
1.83317
1.73396
1.98687
1.89827
1.89724
1.93923
1.90216
1.83565
1.757
1.98249
1.76773
1.89309
1.70544
2.04515
2.00167
1.81569
1.97119
2.02136
1.91103
1.7099
1.86995
1.83585
1.79116
1.70086
1.8349
1.96492
1.80004
1.88114
1.91368
1.8391
1.90529
1.87588
1.86185
1.86763
1.76834
1.99832
1.84474
1.81558
1.71173
1.80175
1.84451
1.79309
1.78545
1.94473
1.77688
1.74742
1.85141
1.85452
1.71842
1.88872
2.02495
1.93611
1.75361
2.02051
1.8618
1.90983
1.8956
1.85006
1.84476
1.81382
1.75638
1.88953
1.81608
1.73722
1.7414
1.85118
1.8714
1.81879
1.81056
1.8037
1.78071
1.86218
1.83541
1.72706
1.83445
1.93919
1.7208
1.89739
1.7225
1.89447
1.85972
1.83408
2.01176
1.72098
1.8489
1.91917
1.7723
1.71111
1.84735
1.95598
1.7979
1.72272
1.87833
1.94887
1.98161
2.03137
1.85846
2.00536
1.73844
1.9311
1.7179
1.75319
1.72695
1.78366
1.81252
1.72587
1.77289
1.89338
1.76511
1.71485
1.88482
1.72766
1.85278
1.9436
1.85111
1.99985
1.93417
1.75243
1.87498
1.98431
2.00109
1.70659
1.857
1.70494
1.77604
1.84831
1.78969
1.80722
1.78872
1.84809
1.85775
1.87984
1.81746
1.74304
1.71861
1.8754
2.00103
1.70259
1.79541
1.84906
1.8537
1.91407
1.71912
1.99519
1.87072
1.86847
1.81502
2.00352
1.80808
1.87169
1.95556
1.8424
1.88311
1.71399
1.72963
1.71863
1.91932
1.7341
1.74431
1.80519
1.83228
1.91026
2.01511
1.88057
1.83157
2.02086
1.87311
1.76773
1.82174
1.78577
1.87811
1.76751
1.70835
1.83535
1.87666
1.92162
1.73681
1.71711
1.74303
1.88738
2.01177
1.89664
1.72107
1.83774
2.01966
1.89114
1.91262
1.94757
1.8492
1.82257
1.84804
1.7381
1.87775
1.80479
2.03501
1.79288
1.92819
1.84473
1.88585
2.04385
1.90954
1.71872
1.8951
1.78121
1.85971
1.76145
1.74592
1.95291
1.87072
2.02729
1.79876
1.93173
1.87814
1.7372
1.94642
1.71035
1.8519
1.89085
1.92493
1.75674
1.8993
1.76305
1.78786
1.80576
1.9346
1.80944
2.03175
1.75043
1.72166
1.72612
2.04226
1.82433
1.89505
1.92583
1.9221
1.88874
1.98436
1.84577
1.93925
1.96328
2.03842
1.856
1.71304
1.80302
2.00149
1.84134
1.82778
1.7287
2.00796
1.70027
1.71754
1.87554
1.80545
1.76185
1.97535
1.89429
1.93023
1.71873
1.78322
1.78772
1.72249
1.8713
1.94308
1.71661
1.86659
1.87106
1.73408
1.9104
1.70656
1.70502
1.75419
1.85285
1.86594
2.00786
2.00128
2.01437
1.79406
1.85903
1.70594
1.88145
1.78197
1.71451
1.80202
1.89594
1.74351
1.93643
1.78248
1.91127
1.8332
1.81911
1.72432
1.86255
1.70712
1.85408
1.7883
1.74685
1.96498
1.8691
1.87619
1.89957
1.83032
1.856
1.85338
1.89881
2.02591
1.97654
1.71065
1.84954
1.84457
1.70109
1.90014
1.81992
2.01026
1.94456
1.72479
1.77354
1.9163
2.01285
1.8552
1.73547
1.95781
1.93966
1.7528
2.00874
1.84181
1.72524
1.77262
1.77005
1.91087
1.98201
1.84802
1.88763
1.87151
1.79038
1.77165
1.71368
1.87337
1.94986
1.90952
1.89795
1.8738
1.92915
1.93221
1.74037
1.87439
1.78788
2.01405
1.70133
1.92398
1.85539
1.71014
1.74368
1.82764
1.836
1.86891
1.88472
1.80804
1.73566
1.96335
1.92187
1.82892
1.84926
1.74942
2.03253
1.95278
1.8207
1.7479
1.71676
2.01803
1.7207
1.82562
1.9463
1.86956
1.96428
1.80799
1.85027
1.85639
2.00573
1.83326
1.84153
1.89502
1.75096
1.73103
1.83401
2.04989
1.8314
1.8258
1.86698
1.74047
1.73718
1.87047
1.72421
1.84383
1.75311
1.88972
2.00037
1.83636
1.87068
1.90794
1.74084
1.8525
1.92301
1.89691
1.87592
1.94627
1.78814
2.03791
1.92558
1.96656
1.71347
1.73105
1.83785
1.84496
1.70003
1.82006
1.86533
1.95064
1.91412
1.70508
1.72473
1.74445
1.73467
1.80326
1.79386
1.84773
1.86619
1.98666
1.70953
1.70092
1.75897
1.85431
1.94073
1.81543
1.82109
1.87191
1.75796
2.01098
1.78411
2.00396
1.74557
1.81099
1.72589
1.7122
1.74955
1.90744
1.7465
2.03624
1.93258
1.73716
1.80292
1.83802
1.9515
1.72952
1.85784
1.9511
1.87392
1.74614
1.70888
1.99622
1.73231
1.73885
1.96677
1.72817
1.95262
1.99287
1.92528
1.85762
1.90151
1.86406
1.82724
1.84812
1.7131
1.86262
1.76595
1.70904
1.82751
1.93555
1.85783
1.91402
1.75232
1.79194
1.86913
1.87429
1.86647
1.79775
2.03078
1.81305
1.86811
1.95438
1.83913
1.87533
1.97566
1.72874
1.87996
1.96589
1.87336
1.84357
1.70842
1.70348
1.85997
2.00416
1.74684
1.92985
1.78929
1.85077
1.88873
1.75137
1.71552
1.72351
1.9869
1.87349
1.94513
1.89218
1.76764
1.98948
1.85345
1.98506
1.71436
1.92652
1.76715
1.75127
1.78964
1.77392
1.70566
1.95126
1.91273
1.93574
2.01601
1.85401
1.87246
1.77161
1.95176
1.79228
1.74985
1.8868
1.86471
1.98154
1.72766
1.88042
1.84527
1.93822
2.03619
1.7443
1.93626
1.83369
1.83283
1.7873
1.90725
1.72881
1.86388
1.90486
1.73975
1.92264
1.85025
1.84123
1.87842
1.83184
2.01296
1.8522
1.74033
1.79397
1.81056
1.71118
1.80593
1.70413
1.70181
1.83688
1.76662
1.85209
1.74711
2.01264
1.8684
2.01948
1.87835
1.94456
1.82521
1.78482
1.76501
1.72178
1.79174
1.85446
1.71643
1.83164
1.78633
1.71
1.86338
1.92506
1.8767
1.97174
1.97571
1.76249
1.79883
1.8816
1.86624
1.84444
1.79774
1.81104
1.74399
1.87603
1.83938
1.88428
1.85173
1.77632
1.89967
1.75775
1.93824
1.83647
1.83785
1.90482
2.03104
1.86773
1.78946
1.77872
1.95075
1.71909
1.76876
1.8668
1.71962
1.88019
2.04484
1.81222
1.99726
1.70649
1.7444
1.85012
1.76689
1.8329
1.75902
1.72224
1.73565
1.98787
2.01468
2.01825
1.88274
1.89564
2.02913
1.85314
1.88146
1.73797
1.9302
1.75989
1.88721
1.87099
1.72122
1.90594
1.82388
1.72115
1.845
1.72325
1.94654
1.9876
1.91031
1.86483
1.72936
1.78895
1.96766
1.7392
1.82788
1.81334
1.9931
1.793
1.96408
1.86238
1.93235
1.87005
1.71189
1.7662
1.81746
1.88093
1.97958
2.01939
1.78884
1.96027
1.84237
1.71384
1.76844
1.78735
1.85332
1.71445
1.89554
1.79071
1.94833
1.98591
1.76683
1.85878
1.70949
2.03179
1.82572
1.85117
1.7092
1.97846
1.83449
1.9573
1.95855
2.0277
1.88893
1.79006
1.71258
1.87854
1.86767
1.80603
1.74368
1.85696
1.88109
1.73007
1.95256
1.75179
1.75583
1.73291
1.78865
1.90171
1.70295
1.95182
1.79705
1.91338
2.0169
1.82146
1.77794
1.76632
1.9977
1.85113
1.98496
1.98794
1.70124
1.86801
1.95773
1.98422
1.72688
1.87116
1.70374
1.90901
1.93245
1.86777
2.04583
1.72363
1.82346
1.72941
1.78951
1.9031
1.9854
1.99919
1.874
1.86309
1.77523
2.03541
1.71406
2.01056
1.78263
2.01554
1.97585
1.8724
1.87878
1.85498
1.7037
1.7207
1.70176
1.88553
2.00391
1.70189
1.71356
1.80918
1.92328
2.02831
1.87657
1.73486
1.80686
1.85519
1.88838
1.80805
1.75241
1.96086
1.7618
1.9219
1.70756
1.94021
1.71003
1.80396
1.86438
1.81744
1.87723
1.94414
1.71916
1.90435
1.8632
1.85513
2.02143
1.91345
1.91207
1.71493
1.94689
1.79528
1.8733
1.8608
1.72526
1.99497
1.92508
2.04996
1.73907
1.72297
1.95722
1.90567
1.75952
1.94789
1.97305
1.77229
1.84799
1.79435
1.86601
1.8258
1.865
1.787
1.73402
1.70747
1.88199
1.8293
1.76063
1.78659
1.90437
1.87977
1.90477
1.89636
1.70758
1.83572
1.85759
1.77766
1.73386
1.84227
1.73724
1.83228
1.87448
1.84803
1.71632
1.96252
1.97213
1.86394
1.95934
1.85619
1.87028
1.87544
1.88744
1.9977
1.9554
1.96684
2.02894
2.00312
1.99505
1.72365
1.92302
1.7393
1.83182
1.92966
1.84316
1.94444
1.86944
1.96259
1.92408
1.84664
2.01028
1.93901
2.01031
1.87539
1.75369
1.72151
1.80325
1.87034
1.81396
1.75646
1.79891
1.86126
1.85186
1.84938
1.91083
1.78714
1.78022
1.72356
1.88821
1.87802
1.75616
1.703
2.02833
1.82431
1.84226
1.82064
1.8173
2.04757
1.82185
1.81385
1.73743
1.71498
1.81401
1.7588
1.84818
1.76104
1.77072
1.86577
1.72408
1.94823
1.85661
1.86391
1.98603
2.02841
1.74628
1.74748
1.83546
1.8254
1.82355
1.83431
1.92373
1.75054
1.88636
1.76256
1.7717
1.74884
1.86438
1.85605
1.86327
1.71901
1.76902
1.83705
1.85444
1.86368
1.85864
1.89447
1.74969
1.8661
1.89479
1.95391
1.80366
1.82833
1.78774
2.04086
1.86014
2.03544
2.0393
1.76445
1.87431
1.76639
1.85586
1.75295
1.71377
1.90089
1.77988
1.88853
1.74823
1.78316
1.8623
1.8363
1.73504
1.8128
1.75268
1.90193
1.77177
1.94077
1.81843
1.86704
1.87651
1.98582
1.81985
1.8671
1.86888
1.80162
1.94063
1.70762
1.74395
1.80354
1.99065
1.72241
1.7154
1.74609
1.89397
1.90531
1.90915
1.86108
1.84151
1.86451
1.74717
1.89886
1.73185
1.91234
1.9651
1.71656
1.72867
1.95458
1.92938
1.72216
1.75119
1.97281
1.95404
1.71114
1.86973
1.81986
1.71894
1.9584
1.83364
1.97478
1.74323
1.75556
1.76951
1.85018
2.01133
1.88842
1.84654
1.83183
1.84243
1.7299
1.85289
1.84666
2.02197
1.74647
1.7393
1.71186
1.71118
2.04057
1.72817
1.92697
2.03452
2.04115
1.77082
1.94021
1.84951
1.8545
1.91293
1.99116
2.00194
1.87503
1.71592
1.87549
2.02918
1.80624
1.80262
1.85066
1.71043
1.71464
1.7112
1.86436
1.93297
1.70703
1.7455
1.82303
1.86724
2.01891
2.02431
1.85198
1.70596
1.71486
1.97505
1.81695
1.90134
1.86518
1.99608
1.72462
1.80146
1.84982
1.7504
1.81637
2.0242
1.84051
1.74263
1.70568
1.78181
1.80252
2.01323
1.79366
1.84445
1.94528
1.81605
1.83113
2.04439
1.81617
1.8918
1.98789
1.76196
1.73153
1.89214
2.0147
1.93709
1.9342
1.82581
1.8498
1.87454
1.71574
1.95534
1.79408
1.95627
1.86182
1.70824
1.88732
1.97832
1.7436
1.90834
1.7657
1.99404
1.86924
1.97125
1.84799
1.87332
1.90986
1.73717
1.70219
1.80858
2.01304
1.7343
1.75599
2.01889
1.97594
1.91564
1.84288
1.94187
1.89487
1.7141
1.70025
1.89076
1.85293
1.77256
1.84906
1.82894
1.9139
1.78037
1.83896
1.95299
1.85226
1.90479
1.84781
1.99706
1.78698
1.85498
1.85477
2.03794
1.97291
2.01516
1.8203
1.72223
1.80744
1.83645
1.79045
1.78929
1.91892
1.92904
1.92456
1.94823
2.03874
1.9938
1.85732
1.8997
1.811
2.01407
1.88763
1.85823
1.89429
1.80836
1.73681
1.96953
1.86377
1.76007
1.96498
1.79382
1.96573
1.76386
2.02238
1.82008
1.81792
1.80236
1.77862
1.84795
1.91754
1.81144
1.79436
1.83026
1.89986
1.82779
2.04312
1.8712
1.75506
1.90279
1.86752
1.82651
1.85293
1.82691
1.83071
1.74299
1.89648
1.71262
1.76853
1.79338
2.04148
1.94815
1.82677
1.81834
1.87024
1.72964
1.84424
1.9312
1.81294
1.97229
1.90552
1.87102
1.70673
1.71539
1.80842
1.90294
1.78125
1.72014
1.8405
1.8912
1.95317
1.79565
1.80118
1.82783
1.8412
1.71287
1.72163
1.99047
1.89843
1.88853
1.84017
1.96731
1.76972
1.84887
1.81611
1.96556
1.76094
1.74254
1.79071
1.85497
1.85068
1.92009
1.73327
1.8766
1.76711
1.88411
2.00087
1.72493
1.89126
1.97944
1.80719
1.75184
1.9938
1.87921
1.81258
1.88156
1.92516
1.97342
1.77907
1.82486
1.85874
1.71243
1.83339
1.9038
1.88989
1.73956
1.8349
1.87458
1.86334
1.84653
1.73635
1.85785
1.72391
1.70098
1.85949
1.81349
1.89194
1.95526
1.71947
1.83323
1.77047
1.99558
1.83159
1.73225
1.96692
1.93814
1.78839
1.75854
1.81538
1.90718
2.0307
1.86004
1.82655
1.83827
1.75893
1.85266
1.91799
1.77507
1.9321
2.0103
1.81375
1.95401
1.79728
1.86785
2.01284
1.73079
1.84944
1.81844
1.83152
1.7378
1.8395
1.88417
1.74897
1.84985
2.03453
2.03508
1.91456
1.8356
1.71951
1.8108
1.78883
1.73576
1.8235
1.99145
1.97293
1.95204
1.99377
1.79299
1.73552
1.75464
1.75044
1.79873
1.74805
1.70467
1.88062
1.8164
1.96101
1.89097
1.91938
1.82445
1.74836
1.71174
1.80385
1.77156
2.02614
1.85622
1.87693
1.80772
1.79104
1.80316
1.87102
1.72134
1.81032
1.86509
1.81758
1.84337
1.71174
1.78707
1.72147
1.90556
1.71406
1.87157
1.86216
1.93861
1.82285
1.89076
2.0266
1.93291
1.83422
1.76908
1.95707
1.85722
1.75201
1.77287
1.97942
1.94382
1.95912
1.76998
1.79863
1.87562
1.88486
1.9406
1.74258
1.86787
2.04496
2.02401
1.73717
1.86234
1.84908
2.01692
1.71892
1.72971
1.73167
1.90026
1.86817
1.74481
1.89367
1.73883
1.80477
1.85043
1.80801
1.87628
1.76414
1.81386
1.78996
1.87756
2.03806
1.74699
1.77091
1.74688
1.83883
1.76232
1.90563
1.72974
1.72115
1.78926
1.74234
1.76939
1.79555
1.84029
1.73125
1.99418
1.94823
1.89077
1.76222
1.92828
1.79678
1.75498
1.7133
1.74342
1.79605
1.9653
1.87526
1.70245
1.90645
1.70531
1.74984
1.85673
1.78328
1.70952
1.83285
1.88216
1.75052
1.70459
1.99722
1.80251
1.76482
1.82839
1.72077
1.88533
1.89457
1.8948
1.9964
1.71212
1.78767
1.92587
1.87241
1.73326
1.91353
1.91269
2.00482
1.71581
1.87499
1.74023
1.84951
1.80814
2.01749
1.71437
1.87236
1.84793
1.87916
2.002
1.88614
1.74509
1.90723
1.87989
1.8762
1.80507
1.75199
1.92635
2.00815
1.71952
1.86847
1.71317
1.74891
1.97444
1.71876
1.85884
1.78078
1.83078
1.8625
1.77791
1.94097
1.75224
1.76871
1.771
1.86509
1.73918
1.70399
2.03347
1.87158
1.80751
1.96972
1.8668
1.80878
1.82776
1.90254
1.94687
1.82634
1.88313
1.98137
1.88024
1.72766
1.85575
1.83771
1.82628
1.70722
1.86145
1.91287
1.83629
1.80208
1.71512
1.87961
2.01317
1.79681
1.95384
1.85306
1.73552
1.87136
1.86817
1.93671
1.93584
1.90904
1.85707
1.92956
1.74561
1.70406
1.92473
1.73991
2.02531
1.72909
1.75218
1.77969
1.94453
1.95024
1.73357
1.89862
2.02445
1.75801
1.98466
1.87655
1.85961
1.86626
1.84713
2.04369
1.90945
1.74748
1.74395
1.87058
1.8649
1.85418
1.73369
1.85535
1.99326
1.95198
1.71417
1.85186
1.85887
2.02617
1.9899
1.78108
1.95792
1.79386
2.03032
1.81783
1.83135
1.84488
1.76278
1.82485
2.03961
1.82094
1.85075
1.85632
1.76792
1.72209
1.72512
1.99623
1.85578
1.83752
1.937
1.85024
1.77929
1.96602
1.85231
1.86606
1.82566
1.79537
1.90102
1.7773
2.01253
1.7062
1.73205
1.90272
1.76422
1.95577
1.86378
1.90968
1.79009
1.87505
1.87937
1.71983
1.79474
1.75198
1.94343
1.71097
1.98617
1.75368
2.04025
1.83055
1.7031
1.95193
1.90051
1.82286
1.80009
1.71119
1.97906
1.73709
1.83886
1.81532
1.7192
1.94443
1.86806
1.80101
1.94853
1.92208
1.85999
2.0055
1.80774
1.76238
2.03821
1.82845
1.92756
1.90145
1.95756
1.70753
1.85981
1.94686
1.93145
1.82019
1.9447
1.79177
1.85532
1.86813
1.86279
1.89588
1.78038
1.82657
1.72409
1.70669
1.71307
1.73314
1.74896
1.83422
1.72062
1.83113
1.95574
2.02926
1.86195
1.7323
1.86637
1.77934
1.91236
1.92804
1.7017
2.02422
1.84077
1.96462
1.78108
1.70065
1.87996
1.87268
1.73878
1.7561
1.7971
1.92181
1.88976
1.75457
1.82055
1.76308
1.80841
1.98162
2.02249
1.76367
1.72088
1.76722
1.99627
1.97025
1.89826
1.84684
1.77839
1.95295
1.73683
1.99724
2.02111
1.7186
1.99715
1.71161
1.7896
1.74882
1.93416
1.73914
1.70503
1.83868
1.78434
1.70408
1.85443
1.75115
1.94266
1.97956
1.90321
1.73537
1.80703
1.8404
2.01975
1.70656
1.85004
1.85594
1.74052
1.86903
1.94485
1.8028
1.86479
1.73012
1.86087
1.81717
1.86525
1.8636
1.80713
1.84463
1.85109
1.9584
1.81562
1.71917
1.83592
1.70682
1.83923
1.77382
1.83033
1.86696
1.83116
1.84228
1.83269
1.72618
2.04639
2.00691
1.95782
1.86279
1.98813
1.75098
1.95285
2.0283
2.0493
1.96298
1.87848
1.92759
1.91664
1.76101
1.96739
1.79205
1.88536
2.04133
1.72804
1.81752
1.84588
1.84
1.73334
1.73615
1.93984
1.97827
2.0484
2.01189
1.97168
1.81478
1.81408
1.85365
1.86529
1.82803
1.8593
1.71359
1.75496
1.71776
1.77257
1.87961
1.86289
1.72416
1.85926
1.87053
1.7099
1.78321
1.93337
2.01908
1.89977
1.81816
1.86866
1.72866
1.86798
1.75735
1.85943
1.94505
1.88113
2.03666
1.75123
1.90205
1.8522
1.71405
1.87866
1.74633
1.86615
1.99784
1.77315
1.87019
1.81723
1.7062
1.95159
1.80877
2.00457
1.88483
1.85779
1.85856
1.83966
2.03498
1.86314
1.71143
1.93313
2.01899
1.85542
1.75301
1.85637
1.93757
1.86424
1.71996
1.72513
1.75672
1.87003
1.9562
2.02261
1.78853
1.70516
1.81378
1.83209
1.86015
1.72531
1.80592
1.72042
1.94299
1.79383
1.84783
1.88615
1.70296
1.73258
1.71017
1.85406
1.94889
1.86672
1.93776
1.85331
1.8882
1.79055
1.77041
1.81904
1.7716
2.03032
1.75254
1.76346
1.83052
1.99855
2.0302
1.74207
1.83484
1.94399
1.83756
1.8582
1.73634
1.72737
1.85765
1.97654
1.87728
1.72343
2.01505
1.7714
1.82599
1.775
1.76849
1.72038
1.87354
1.88098
1.73367
1.83457
1.74886
1.7692
2.01748
1.84359
1.99708
1.71706
1.92728
1.86603
1.76852
1.87607
1.8484
1.84564
1.99643
1.85757
1.97823
1.70917
1.73576
1.70747
1.71095
1.74308
1.73448
1.89306
1.85391
1.76154
1.75019
1.95765
1.72683
1.86708
1.78485
1.71015
1.85561
1.76516
1.87257
1.7436
1.91506
1.95867
1.80619
1.7467
1.86711
1.98257
1.75775
1.89435
1.76268
1.82302
1.96897
1.88806
1.86457
1.7466
1.88005
1.86156
1.8093
1.83652
1.85049
1.79675
1.77411
1.87443
1.83815
1.84261
1.74139
2.00658
1.71175
1.87782
1.70696
1.77978
1.70232
1.93383
1.71283
1.76079
1.83136
1.7294
1.94526
1.83323
1.76154
1.70974
1.86209
1.88451
1.84658
1.83422
1.78113
1.75664
1.80321
1.70943
1.82634
1.87517
1.80933
1.78296
1.79663
1.76448
1.76986
1.74612
1.74095
1.8696
1.87772
1.91016
1.74561
1.70458
1.88337
1.93801
1.83991
1.75218
1.8313
1.84349
1.73301
1.84387
1.81724
1.70412
1.71359
1.96781
1.74912
1.98305
1.83114
1.9021
1.948
1.71095
1.79866
1.71067
1.72653
1.83383
1.73188
1.91597
1.87716
1.72112
1.78385
1.71571
1.85856
1.82764
1.85381
1.80066
1.99213
1.73796
1.81101
1.96356
1.75022
1.8118
1.83675
1.80632
1.98229
1.85442
1.95493
1.90949
1.72232
1.96686
1.87013
1.90031
1.86981
1.845
1.81816
1.74223
1.95562
2.00084
1.73243
2.04054
1.74418
1.85472
2.03321
1.83004
1.808
1.80052
1.91348
1.74871
1.87527
1.83141
1.88851
1.90981
1.87625
1.88036
1.80973
1.78363
1.75916
1.85093
1.85135
1.95992
1.73281
1.89415
1.86829
1.85923
1.82099
1.73989
1.82395
1.864
1.81387
1.87608
1.72337
1.72666
1.75919
2.00985
1.71215
2.02761
1.80957
2.02839
1.72238
1.78071
1.77088
1.71044
1.7458
1.8503
1.97444
1.7226
1.73338
1.71469
1.8647
1.74721
1.87842
1.86931
1.87098
1.87414
1.79707
1.85475
1.90125
1.90637
1.76807
1.75222
1.73579
1.93634
1.71087
1.89593
1.86055
1.90967
1.86028
1.8681
1.8545
1.99847
2.00415
1.71771
1.72098
1.78127
1.86443
1.72647
1.76543
1.83406
1.8433
1.74709
1.77417
1.78269
1.72507
1.95704
1.71112
1.82183
1.84794
1.92149
2.0306
1.75446
1.85986
1.90522
1.88928
1.85137
1.79497
1.79982
1.93631
1.889
1.96284
1.79707
1.8095
1.9904
1.76739
1.9606
1.99384
1.80978
1.73642
1.85532
1.87433
1.92303
1.8926
1.70773
1.74174
1.92474
1.79853
2.01252
1.87547
1.85644
1.8345
1.76067
1.76528
1.87516
1.73545
1.72025
1.94702
1.91208
1.86299
1.7983
1.84389
1.81866
1.85164
1.75458
1.93657
2.02332
2.01628
1.79228
1.79044
1.84746
1.70561
1.96007
1.83778
1.9507
1.97551
1.78889
1.86621
2.01784
1.84179
1.78866
1.74196
2.03783
1.71559
1.95924
1.8051
1.89178
1.87632
1.75987
1.70325
1.9094
1.7645
1.82739
1.84135
1.83247
1.86606
1.90655
1.74751
1.87483
1.87816
1.72689
1.78843
1.8163
1.8671
1.76978
1.70229
1.8517
1.77728
1.87182
1.72329
1.70037
1.83006
1.88379
1.99819
1.72292
1.94124
1.91636
2.02042
1.93383
2.03433
1.99692
1.92797
1.89105
1.73239
1.83879
1.71769
1.70755
1.87686
1.75137
1.70942
1.83572
1.78363
1.86821
1.83129
1.91281
1.98028
1.77216
1.87658
1.82928
1.7771
1.73273
1.72835
1.74375
1.98562
1.73534
1.71422
1.74675
1.86719
1.75284
1.87287
1.90085
1.79889
1.83184
1.75594
2.03372
1.90164
1.86368
1.7343
1.84367
1.73161
1.75691
1.76037
1.8218
1.76072
1.70292
1.85941
1.90641
1.8477
1.98182
1.78038
1.86616
1.96236
1.72348
1.89428
1.86204
1.74665
1.97794
1.92579
1.79866
1.85346
1.73951
2.00832
1.83496
1.80801
1.92483
2.01421
1.94793
1.81798
1.70497
1.7814
1.82514
1.98049
1.91793
1.80291
1.72223
1.85042
1.79348
1.75668
2.03801
1.73454
1.95018
1.73374
1.78497
1.96984
1.94103
1.78239
1.71119
1.9031
1.79801
1.70204
1.73543
1.80117
1.86251
2.00049
1.84784
1.70507
1.70384
1.77956
1.7635
1.98168
1.72249
1.79207
2.03377
2.00908
1.7061
1.82838
1.71343
1.75636
1.87478
1.83624
1.97342
1.80045
1.76558
1.92775
1.82477
1.85909
1.77911
1.71264
1.76225
2.03171
1.72219
1.79119
1.89574
1.97709
1.89442
1.77041
1.7488
1.76977
1.88146
1.77256
1.82918
1.84987
1.91983
1.85922
1.8728
1.80368
2.01612
1.77641
1.86166
1.9664
2.00634
1.84521
1.77907
1.93415
1.92915
1.95925
1.96206
1.85524
1.76416
1.72065
1.92117
1.96566
1.99273
1.86998
1.90486
1.85655
2.04703
1.85772
1.78607
1.99915
1.94693
1.85675
1.81557
1.7445
1.94865
1.76589
1.88859
1.80311
1.76377
1.70152
1.75101
1.7992
1.70617
1.74622
1.84202
1.93169
1.87868
1.94326
1.72083
1.76613
1.83647
2.00905
1.94177
1.87671
1.92841
1.76945
1.87121
1.81758
1.721
2.0326
1.86282
1.97292
1.86719
1.81751
1.87959
1.78007
1.74055
2.0029
1.86591
1.72548
1.83132
2.01118
1.73545
1.72764
1.71109
2.01821
1.80986
1.74941
1.8865
1.72339
1.85765
1.71204
1.70395
1.73996
2.04461
1.80771
1.70382
1.80161
2.00958
1.97733
1.75876
1.84157
1.73893
1.77946
1.95165
1.87865
1.8324
2.01258
1.73984
1.87874
1.83101
1.8533
2.04023
1.9979
1.86529
1.78417
1.77472
1.70828
1.82485
2.01594
1.82345
1.82358
1.75271
1.89237
1.85866
1.90469
1.87515
1.71717
1.86878
1.86832
1.82974
1.82536
1.84182
1.72629
1.76538
1.92869
1.94391
1.88538
1.70062
1.8439
1.76518
2.02988
1.85248
1.71708
1.73946
1.76219
1.72999
1.73244
2.02627
1.7077
1.72314
1.85169
1.86182
1.93469
1.8145
2.04247
1.89553
1.83941
2.03429
1.75928
1.86719
1.98826
1.72642
1.7799
1.76102
1.80061
1.71368
1.8996
1.71462
1.86437
1.73892
1.8133
1.78929
1.79873
1.84387
1.85043
1.8216
2.04767
1.7681
1.82819
1.71682
1.74203
1.88771
1.86786
1.77687
2.00987
1.94244
1.88602
1.78995
1.83332
1.86667
1.82935
1.85333
1.8413
1.93212
1.79233
1.84354
1.84492
1.91639
1.73598
1.9544
1.86867
1.98919
1.86138
1.77759
1.82363
1.87759
1.73803
1.83461
1.70427
1.74526
1.73985
2.00898
1.8232
1.80462
1.95084
1.83782
1.81954
2.02644
1.72074
1.84972
1.92979
1.94921
1.93332
1.89288
1.831
1.83211
1.7103
1.86208
1.78446
1.74348
1.86602
1.86976
2.01286
1.92868
2.02931
1.89536
1.72453
1.81619
1.94091
1.91928
1.76181
1.70652
1.76057
1.74326
1.92308
2.02595
1.71977
1.81536
1.86872
1.81822
1.93857
1.86097
1.71891
1.93895
1.73143
1.87863
1.78649
1.8624
1.71174
1.82889
1.89227
1.96048
1.83841
1.93497
1.99916
2.02989
1.81765
1.88445
1.71837
1.7546
1.86494
1.95176
1.78725
1.7392
1.79534
1.76644
1.92101
1.86016
1.86891
1.9198
1.74918
1.79485
1.84627
1.86688
1.94402
1.86482
1.80608
1.82615
1.78092
1.72962
1.82089
1.78946
1.75847
1.82698
1.75925
1.88275
1.7058
1.90536
1.74842
1.83134
1.74774
1.9453
1.77161
1.85136
1.77319
1.81413
1.77199
1.7266
2.02174
1.85294
2.00504
1.7051
1.77552
1.92193
1.92842
2.02164
1.85226
1.87553
1.93746
1.87253
2.04219
1.9604
1.86714
1.75069
1.83762
1.8556
1.76103
1.856
1.84695
1.94598
1.93956
1.72506
1.96267
1.71089
1.70756
1.93747
1.7134
1.89251
1.82313
1.72225
1.75906
2.04122
1.82963
1.84846
1.95479
1.88085
1.88967
1.86098
1.77756
1.78312
1.88682
2.02776
1.76401
1.80602
1.95492
1.94702
1.77315
1.70996
1.70801
2.00545
2.0496
1.72664
1.74582
1.84814
1.91828
1.88615
2.01867
1.92272
1.85216
1.79602
1.81717
1.97701
1.79402
1.79534
1.86064
1.80686
1.76365
1.84226
1.70199
1.75368
1.80176
1.89979
1.74981
1.85188
1.88592
1.82738
1.73586
1.74501
1.7246
1.9034
1.70597
1.84647
1.86618
1.73379
1.7459
1.82199
1.86418
1.85643
1.70168
1.92052
1.94815
2.03878
1.87129
1.94839
1.76024
2.01955
1.75387
2.00384
1.87439
1.71647
1.94025
1.89034
1.842
1.98584
1.87055
1.73077
1.72426
1.85675
1.78836
1.85775
1.89847
1.81725
2.04226
1.70762
1.87786
1.87651
1.71244
1.85887
1.76913
1.97483
1.99168
1.79947
2.01227
1.92833
1.80389
1.75409
1.78182
1.70722
1.89324
1.9181
1.88082
1.86204
1.72045
1.98522
1.74643
1.93063
1.73301
1.75249
1.93586
1.75358
1.80941
1.77138
1.97628
1.90736
2.04971
1.84205
1.97556
1.78834
2.02522
1.89078
1.85423
1.79074
1.96087
1.87576
1.78606
1.99808
1.76158
1.74189
1.82028
1.88457
1.70487
1.84019
1.86381
1.94909
1.84853
1.84196
2.00989
1.79704
1.8358
1.71319
1.92337
1.73082
1.82942
1.95365
1.76907
1.93587
1.75092
1.81571
1.83074
1.97024
1.80411
1.85114
1.89286
1.75532
1.70505
1.7704
1.78403
1.8606
1.79449
1.79305
1.96558
1.88047
1.77004
2.02584
1.8746
1.85245
1.76481
1.80098
1.76314
1.99492
1.87782
1.78263
1.90288
1.92297
1.97139
1.8501
1.85116
1.80493
1.70477
2.01619
2.02174
1.93348
1.9202
1.72367
1.99086
1.88769
1.84511
2.0185
2.03191
1.79429
1.8237
1.79498
1.89784
1.90107
2.01812
1.70758
1.8473
1.95753
1.81826
1.89433
1.84028
1.77812
1.77381
1.82473
1.90455
1.72674
1.89442
1.98478
1.8976
1.74366
1.88384
1.86917
1.99693
1.98499
2.04195
1.79543
1.94408
1.71407
1.71292
1.86676
1.7435
1.72921
1.72492
1.84339
1.73211
1.73173
2.03239
1.94243
1.89304
1.89212
1.78338
1.86275
1.82897
1.89097
1.71615
2.0147
1.82526
1.79267
1.97725
1.83636
1.93012
2.04931
2.007
1.83899
1.87726
1.84199
1.97034
1.75282
1.95958
1.86366
1.87264
1.85088
2.03154
1.78409
1.94738
1.94409
2.02637
1.71524
1.85711
1.868
1.71853
1.97821
1.76213
1.86065
1.71316
1.70135
1.76069
1.81168
1.75465
1.7729
1.77521
1.82226
1.84763
1.85601
1.92657
1.91043
1.71437
1.90424
1.88621
1.93932
1.73254
1.96736
1.87935
1.70484
2.01126
1.74954
1.88352
1.90708
1.75775
1.85044
1.7306
1.75811
1.73795
1.92182
1.73522
2.00312
1.91971
2.03176
1.84637
2.0064
1.98888
1.8548
1.86317
1.80393
2.01524
1.87525
1.70514
1.81168
1.88452
1.83334
2.04883
1.85152
1.78315
1.9648
1.8698
1.77079
1.7097
1.77494
1.88424
1.99397
1.8954
1.92166
1.84065
1.77102
1.86488
1.96515
1.85011
1.88491
1.76264
1.93355
1.78068
2.00251
2.04983
1.72522
2.04044
1.81031
1.95386
1.72747
1.74545
1.82656
1.99266
1.91551
1.86274
2.01866
1.85777
1.84452
1.87365
1.86754
1.78479
1.98793
1.98501
1.77303
1.87522
1.86369
1.76455
1.87958
1.86047
1.7937
1.83146
1.85345
1.86786
1.89821
1.89607
1.72789
1.88189
1.70384
1.71153
1.84733
1.83256
1.86294
1.73772
1.80538
1.71301
1.81815
1.74839
1.76256
1.76854
1.88178
1.87967
1.77514
1.76689
2.02892
1.75957
1.79145
1.95242
2.00917
2.02325
2.02618
1.7411
1.75873
1.73991
1.86895
1.81714
1.84663
1.76361
1.8615
1.75636
1.95821
1.9209
1.79302
1.90413
1.96884
1.7865
1.72056
1.86932
1.72921
1.76983
1.87438
1.86359
1.95198
1.89086
1.98772
1.85262
1.78882
1.85042
1.87962
1.72547
1.76559
1.97369
1.71616
2.01727
1.77235
1.87547
1.72304
1.8606
1.86706
1.85396
1.73567
1.83443
1.90952
1.72252
1.9467
1.83459
2.02846
1.70235
1.76904
1.73028
1.89106
2.02477
1.88531
1.86111
2.04954
1.866
1.78057
1.9222
1.85192
1.86102
1.94362
1.70642
1.80422
1.8554
1.84477
1.73418
1.83454
1.78585
1.90003
1.76562
1.9763
1.86128
2.03984
1.73356
1.73553
1.81901
1.74696
1.71819
1.93875
1.88739
2.0249
1.96919
1.70679
1.76626
2.00056
1.77174
1.80159
1.83732
1.73806
1.77784
1.78055
1.89197
1.94145
1.80169
1.88184
1.72379
1.83048
1.94849
1.93248
1.90014
1.87329
1.7148
1.79658
1.73681
1.91313
2.01257
1.72958
2.00535
1.89352
1.70612
1.98233
1.88354
1.82464
1.9716
1.8856
1.75413
1.94698
1.8463
1.71874
1.80095
1.73264
1.78698
1.78946
1.70919
1.76136
1.74464
1.72055
1.79097
1.86601
1.82197
1.83938
1.97731
1.85695
1.87101
1.90609
1.91101
1.70393
1.79656
1.873
1.70222
1.80866
1.80116
1.85021
1.81727
1.76146
1.90314
1.70073
1.91518
1.92327
1.85902
2.03777
1.9099
1.83772
1.72693
1.78123
1.86952
1.75146
1.7512
1.96422
2.00247
1.79861
1.70727
1.73713
1.78541
1.92144
1.97011
1.96451
1.91821
1.70121
1.77976
1.89428
1.71178
2.03434
1.86822
1.71944
1.99303
1.71012
1.74014
1.79245
1.97551
2.04075
1.94474
1.85547
1.70709
1.70811
1.92237
1.95707
1.8697
1.73293
1.73091
1.74178
1.88577
1.93675
1.80312
1.88355
1.96673
1.70879
1.70942
1.74457
1.88658
1.96411
1.77044
1.70956
1.86285
1.91384
1.79825
1.70794
1.88065
1.7317
1.72927
1.77057
1.78051
1.87481
1.99449
1.86295
1.87295
1.74123
2.01503
1.7205
1.97461
1.77709
1.73507
1.9196
1.8695
1.70716
1.89921
1.8002
1.84442
1.89259
1.94515
1.70934
1.78176
1.73736
1.82123
1.99516
1.86974
1.83064
1.90985
1.8335
2.04722
1.70461
1.72226
1.85472
1.79881
2.04078
1.96064
2.03067
1.71104
1.87565
2.00557
1.71363
1.72118
1.77135
1.84025
1.86257
1.88842
1.8621
1.8499
1.99012
1.86754
1.92957
1.89219
2.04545
1.7202
1.98282
1.8915
1.70992
1.70363
1.88032
1.91541
2.02892
1.78806
1.85406
1.83906
1.89918
1.79275
1.84026
1.85861
1.92949
1.70736
1.76177
1.75241
1.76286
1.85456
1.76212
1.72713
1.80933
2.005
1.80454
1.77193
1.73604
1.83335
1.71411
1.76241
1.85527
1.71385
1.73219
1.86306
1.88427
1.89067
1.76344
1.95803
1.90797
1.91156
1.97362
1.78322
1.88045
1.71312
2.03552
1.85492
1.87364
1.77102
1.81985
1.8444
1.90853
1.86664
1.781
1.93606
1.86583
1.92005
1.7907
1.89794
1.7978
1.71507
2.02504
1.91582
1.782
1.83396
1.71301
1.88905
1.89787
1.9549
1.96859
1.82411
1.86414
1.87488
1.70745
1.74023
1.909
1.71077
1.96319
1.90264
1.70755
1.78069
1.7497
1.90709
1.71604
1.9392
1.90971
1.86245
1.74766
1.87446
1.93558
1.87543
1.85105
1.93406
1.80277
1.95922
1.85461
1.83914
1.82182
2.02841
1.92159
1.86843
1.87561
1.77016
1.79696
1.73613
1.80389
1.80618
1.90421
1.80767
1.8861
1.96879
1.91637
2.01529
1.80001
1.94913
1.7047
1.87802
1.82058
1.89306
1.85865
1.72684
1.91457
2.04788
1.83624
1.78617
1.73876
1.8729
1.8601
1.97497
1.90398
2.00333
1.9786
1.72446
1.79449
1.86822
1.87137
1.87433
1.77079
1.86987
1.81478
1.91842
2.02378
1.88575
1.80243
1.85491
1.77512
1.87351
1.97296
1.79456
1.78393
1.80427
2.01528
1.92714
1.9754
1.82284
1.85548
1.72304
1.86286
1.88677
2.02562
1.88127
2.0352
1.7587
1.73758
1.80435
1.8401
1.80235
1.86004
1.75957
1.71747
2.01736
1.88946
1.84688
1.89996
1.80565
1.81709
1.84126
1.88674
1.84372
1.77626
1.91676
2.03885
1.94263
2.0336
1.74609
1.87359
1.98777
1.79931
1.88408
1.96153
1.85324
1.82494
1.86973
2.00802
1.74741
1.88167
1.71628
1.88703
1.84959
1.99833
1.89161
1.7163
1.84734
1.90762
1.81573
1.75422
1.77757
1.8372
1.74979
2.03413
1.79578
1.95756
1.77868
1.85249
1.7763
1.87683
1.78578
1.78636
1.86595
1.82083
1.88343
1.87139
1.76049
1.8774
1.79588
1.82731
1.73375
1.80513
1.72668
1.91061
1.83925
1.8425
1.84403
1.87797
1.80432
1.96789
1.88656
1.73344
1.80536
1.86959
1.87494
1.77393
1.71348
1.83057
1.82078
2.02171
1.90197
1.80787
1.88335
1.73225
1.76016
1.87287
1.98082
1.81901
1.70234
1.74088
1.74405
1.86379
1.75883
1.70431
1.93724
1.75493
1.82705
1.90979
1.84687
1.84057
1.84616
1.7716
1.79689
1.78921
1.7808
1.77358
1.77611
1.99901
1.96739
1.95463
1.90258
1.9691
1.9685
1.93145
1.96685
1.73661
1.84591
1.80006
1.93229
2.00091
1.75791
2.04306
1.96668
1.86289
1.78639
1.87027
1.98182
1.70231
1.97246
1.97491
1.99406
1.93413
1.89815
1.84465
1.89151
1.71973
1.71953
1.81674
1.93059
1.87173
1.78322
1.9528
1.75544
1.99814
1.73686
1.7653
1.98805
2.02346
1.72655
1.84618
1.76126
1.86309
1.80926
1.71358
1.71609
1.86181
1.73657
1.91075
1.7349
1.71495
1.70261
1.95736
1.87614
1.87743
1.94073
1.79356
1.87156
1.87342
1.86585
1.96351
1.86556
2.02827
1.70136
1.96546
1.91419
1.71906
1.76055
1.77126
2.00185
2.04828
2.00161
1.74222
1.74157
1.85165
1.79941
1.7482
1.87868
1.81336
2.04509
1.82689
1.90611
1.7551
1.95015
1.95797
1.96947
1.82567
1.74641
1.87073
1.83758
2.03395
1.70216
1.70143
1.97591
1.94291
1.7703
1.90483
1.87233
1.95428
1.78049
2.0097
1.75108
1.70142
1.86162
1.92796
1.70047
1.91596
1.99853
1.8508
1.87034
1.76946
1.97379
1.96164
2.03847
1.89513
1.80822
2.01476
1.70061
1.73357
2.02231
1.82486
1.78641
2.02312
1.72067
1.7479
1.94266
1.86719
1.8477
1.99026
1.84711
1.86077
1.94316
1.82177
1.88595
1.74911
1.80844
1.83172
2.00214
1.85706
1.76603
1.80138
1.73451
1.9605
1.87062
1.7111
1.77696
1.82465
1.8482
1.82683
1.71145
2.01775
1.76498
1.81631
1.9078
1.83606
1.71632
1.87603
1.78927
1.95478
1.857
1.74817
1.82656
1.73491
1.9348
1.89149
2.01682
1.724
1.85409
1.98516
1.91742
1.72601
1.9137
1.70047
1.87814
1.95007
1.80986
1.96852
1.84172
1.93655
1.71069
1.85627
1.79054
1.77945
1.85361
1.70317
1.84385
1.937
1.77812
1.93312
1.88216
2.04018
1.94405
1.7153
1.78845
1.87595
1.91289
1.74947
1.71461
1.70267
1.81061
1.83474
1.85323
1.92625
1.83812
1.83485
1.85759
1.75887
1.78392
1.7595
1.9029
1.8785
1.71396
1.76845
1.83645
1.74113
1.86519
1.71189
1.89216
1.71169
1.8053
1.89097
1.72937
1.70374
1.83436
2.01891
1.85347
1.7815
1.93961
1.80389
1.90597
1.78364
2.03699
1.9668
1.72561
1.7171
1.74684
1.83881
2.03539
1.86138
1.72382
1.72707
2.02433
2.00817
1.91272
1.82606
1.70312
1.85203
1.80247
1.90983
1.90105
1.87094
1.85429
1.87888
1.70705
2.019
1.75841
1.84991
1.99478
1.70518
2.01981
1.74247
1.87642
1.72911
1.94391
1.79829
1.98296
1.74007
1.88624
1.74389
1.76826
1.7106
1.84049
1.95638
2.00411
1.87719
1.80211
1.91052
1.86011
1.75536
1.88468
1.92244
1.86007
2.03377
1.75722
1.91828
1.80981
1.82314
1.84942
1.78715
1.83093
1.8175
1.70308
1.81798
2.0077
1.89969
1.85421
1.70138
1.83612
1.72683
1.78146
1.86111
1.71042
1.80261
2.00323
1.87705
2.0146
1.82729
2.04589
1.77176
1.99809
1.85869
1.71215
1.87811
1.75492
1.85928
1.72012
1.78089
1.8771
1.82277
1.98607
1.77518
1.83562
1.82635
1.86034
1.91129
1.79407
1.82713
1.82844
2.00541
1.94634
1.71438
2.01462
1.89694
1.9133
1.85853
2.04767
1.81349
1.85652
1.75408
1.79206
1.89648
1.93339
1.97964
1.72711
1.73881
1.78511
1.72181
2.04095
2.03914
1.76575
1.72635
1.78877
2.0077
1.86851
1.96703
1.94756
1.86622
2.02358
1.74096
1.96484
2.00618
1.81034
1.83006
1.74184
1.85001
1.99281
1.96167
1.86993
1.81162
1.73281
1.84791
1.71811
1.87383
1.89237
1.93921
1.76191
1.89199
1.86953
1.87105
1.88762
1.7225
1.77847
1.71446
1.8311
1.77645
1.81095
1.78417
1.79864
1.76857
1.88891
1.94864
1.73841
1.70707
1.83189
1.84607
1.88437
1.91135
1.84294
1.80083
1.78328
1.76892
1.85719
1.71737
1.79587
1.74531
1.99923
1.78128
1.86015
1.85396
1.85624
1.84167
1.78919
1.9692
1.8521
1.73746
1.85313
1.70339
1.71135
1.71921
1.72988
1.90389
1.85533
1.72841
1.88633
1.9941
1.86083
1.85069
1.8516
1.70435
1.79627
1.74153
1.70838
1.84909
1.75973
1.86078
1.74343
1.83832
1.84548
1.83363
1.8504
1.97759
1.82205
1.85431
1.84144
2.01329
1.90762
2.0405
1.72201
1.86286
1.92526
1.81544
1.87555
1.83445
1.8733
1.92307
1.73176
1.73491
1.90267
1.82821
1.81419
1.83769
1.98801
1.88093
2.04242
1.7905
1.81388
1.85778
1.88996
1.82902
1.87038
1.90027
1.75508
2.00695
1.72552
1.80066
1.80422
1.85539
1.71293
1.71754
1.78521
1.70991
1.8581
1.70317
1.86947
1.82572
1.9029
1.82981
1.73895
1.76516
1.9797
1.8552
1.76473
1.75517
1.87338
1.79589
1.87965
1.75338
1.84366
1.89377
1.85957
1.95748
1.87287
1.95144
1.8739
2.00486
1.8679
1.75468
1.75634
1.70139
1.75905
1.78864
1.83693
1.7838
2.00854
1.87515
1.90126
1.87403
1.71937
1.78068
1.86337
1.73568
1.82094
1.79986
1.89434
1.82923
1.77447
1.71455
1.8388
1.91025
1.9293
1.71383
1.85405
1.92367
1.94176
1.91685
1.70185
1.74284
1.8797
1.97372
1.87038
1.89556
1.86863
1.74954
1.94845
1.95456
2.02922
1.70064
1.70469
1.94519
2.03314
1.79552
1.71998
1.85236
1.80668
1.8708
1.7104
1.95701
1.93084
1.81574
1.94798
1.82775
2.04898
1.7662
1.77486
1.77426
1.88558
1.70709
1.72468
1.9592
1.87273
1.92071
1.73277
1.97681
1.77127
1.83182
1.80763
1.82622
1.87426
1.74177
1.76321
1.77058
1.74177
1.80576
1.78073
1.87455
1.85679
1.85835
1.85918
1.81817
1.71586
1.78866
1.86045
1.76058
2.02493
1.85905
2.00284
1.98333
1.87974
1.70745
1.85567
1.91241
1.85232
1.81912
1.82278
2.00861
1.87413
1.79633
1.75541
1.71188
1.92789
1.75718
1.85713
1.73877
1.81278
1.93436
1.98354
1.91932
1.90976
1.86804
1.7077
1.78268
1.79025
1.92004
1.87014
1.77048
1.76429
1.79186
1.72273
2.01573
1.86825
1.98304
1.86498
1.86794
1.88528
1.76532
2.00066
1.82956
1.89402
1.71161
1.87627
1.96765
2.00738
1.83387
1.71179
1.77465
1.83012
1.93307
1.89856
1.83723
2.02969
1.73675
1.75416
1.7125
1.78752
1.91597
1.94606
1.87496
1.73112
1.89156
1.71317
1.81715
1.84137
1.83388
2.03922
1.85606
1.86606
1.93058
1.94463
1.72321
1.8355
1.92469
1.71363
1.76118
1.93532
1.93846
1.70256
1.74222
1.88203
1.76601
2.04049
1.74409
1.87307
1.92006
1.71922
1.87137
1.99345
1.91996
1.72578
1.87656
1.76737
1.77466
1.82164
1.76039
1.98309
1.76832
1.76211
1.87373
1.85973
1.84298
1.91184
1.7733
1.8521
1.82124
1.78603
1.71049
1.76353
1.89798
1.8383
1.79977
1.78774
1.93535
1.71231
1.85791
1.73515
2.02448
1.8055
2.01581
1.87205
1.74322
1.71358
1.87803
1.7407
1.85976
1.81985
1.75271
1.79857
1.70316
1.90109
1.81103
1.88552
1.78901
1.70669
1.85056
1.96427
1.85885
1.9024
1.78388
1.86117
1.85728
1.74577
1.92525
1.74059
1.82596
1.71977
2.015
1.76115
2.02138
1.82066
1.89744
1.80325
1.98266
1.91864
1.75888
1.87179
1.91087
1.99937
1.72213
1.76955
1.78331
1.984
1.73075
1.82559
1.85818
1.9792
1.93904
1.87564
1.96616
1.73733
1.81635
1.90208
1.85212
1.95967
1.78694
1.96372
1.81969
1.89264
1.75446
1.72374
1.87182
1.9034
1.99453
1.87406
1.94515
1.83584
1.8747
1.86959
1.89637
1.99512
1.72179
1.74115
1.73909
1.80046
1.82512
1.75737
1.74964
1.76262
1.95932
1.8613
1.83557
1.77212
1.7158
1.89534
1.84806
1.94631
1.74387
1.96239
1.71178
1.95517
1.75293
1.72883
1.88681
1.82581
1.94997
1.91617
1.90109
1.95754
2.02871
1.8867
1.80266
1.96223
1.75429
1.70268
1.96518
1.77998
1.89348
1.79096
2.02724
2.00947
1.97098
1.94038
1.75091
1.83689
1.75278
1.83894
2.00791
1.7449
1.76306
1.87413
2.04987
1.86001
2.02414
1.86448
1.93378
1.81719
1.71672
1.73759
1.72413
2.02261
1.87169
1.72374
1.74819
1.81595
1.93941
1.83431
1.90123
1.7299
1.83302
1.74054
1.91726
1.83046
1.82097
2.02356
1.75249
1.75559
1.73962
1.78553
1.8757
1.87186
1.8684
1.81217
1.88959
1.87383
1.92274
1.83912
1.82939
2.00268
1.88888
1.84078
1.77414
1.70912
1.85932
1.76425
2.01873
1.75391
1.84108
1.8243
2.02427
1.87163
1.94388
2.01342
1.87744
1.81862
1.97256
1.8292
2.01812
1.78763
1.70516
1.71573
1.87384
1.70571
1.75729
1.94194
1.96535
1.71672
1.86861
1.74947
2.00819
1.95624
1.74467
1.76819
1.81008
1.8795
1.76121
1.74316
1.75052
1.83516
1.71615
1.85317
1.77285
1.87885
1.7101
1.75268
1.95228
1.75894
1.70249
1.73723
1.94503
1.90673
1.97153
1.82996
1.75672
1.83495
1.87055
1.75716
1.71144
1.77544
1.84192
1.8154
1.88575
1.71321
1.72971
1.85854
1.91866
2.02442
1.81204
1.78383
1.84359
1.91573
1.77355
1.70512
1.72506
1.7151
2.02746
1.71833
1.74975
1.7781
1.75139
1.93764
1.9454
1.78015
1.78906
1.78403
1.71926
1.93634
1.72719
1.93251
1.76478
1.73615
1.94934
1.84062
1.72173
1.91519
1.8017
1.94136
1.79916
1.86446
1.94734
2.0335
1.72105
1.97521
1.78616
1.84461
1.70795
2.04104
1.8725
1.76132
1.95559
1.77744
1.85474
1.75769
1.88987
1.77409
1.84228
1.94357
1.9548
1.88717
1.74311
2.00228
1.78345
1.70309
1.84438
1.81107
1.71271
1.77498
1.72665
1.7252
1.84711
1.76585
1.98829
1.78161
1.78019
1.93228
1.83062
1.98336
1.88586
1.917
1.84141
1.98982
1.76095
1.72204
1.84229
1.74979
1.93209
1.80576
1.95319
1.74276
1.92041
1.8799
1.7849
1.76255
1.72903
1.87008
1.78362
1.85876
1.74168
1.84536
1.86798
1.81578
1.84868
1.7619
1.86455
1.72088
1.85417
1.90354
2.00911
1.86684
2.0284
1.71133
1.73275
1.85882
1.72841
1.7809
1.73943
1.86995
1.92
1.89668
1.7144
1.73418
1.85609
1.77659
1.77378
1.91696
1.79097
1.75933
1.81858
1.71794
1.80035
1.9583
2.0037
1.72095
1.71124
1.72759
1.73074
1.91
1.7827
1.71342
1.75867
1.8512
1.85029
1.93514
1.99216
1.86177
1.74834
1.74598
1.91464
1.7123
1.80322
2.03197
1.94305
1.75734
1.88527
1.72236
1.8989
1.80631
1.75648
1.80498
1.78828
1.74107
1.94413
1.96243
1.86592
1.76895
1.85075
2.03814
1.91194
1.86659
1.7154
1.78976
1.8301
1.921
1.73535
1.86449
1.8714
1.74755
1.9407
1.75414
1.85835
2.03453
1.8116
1.95752
1.94226
1.89783
1.96629
1.89411
1.92136
1.98184
1.7283
1.85239
1.94202
1.70803
1.90589
1.75821
1.79713
1.8896
1.87093
1.8626
1.85131
1.83999
1.85579
1.70885
1.91432
1.8626
1.86643
1.71341
1.91605
1.75062
1.73233
1.72884
1.80591
1.7944
1.86528
1.77172
1.77884
1.93131
1.86816
1.87327
1.82503
1.75667
1.91991
1.83177
1.85128
1.82299
1.93255
1.80982
2.03797
2.01888
1.86623
2.00666
1.73039
1.78223
1.98877
2.03747
1.86321
1.70289
1.75059
1.83212
1.75453
1.81097
1.79327
1.70248
1.70194
1.78199
1.78533
1.98288
1.74552
1.70779
1.70464
1.99793
1.8503
1.99958
2.00061
1.77917
1.90921
1.75151
1.70794
1.80936
2.00701
1.98185
1.85176
1.86285
1.87236
1.96499
1.93948
1.85928
2.02634
1.88532
2.02893
1.7991
2.01764
1.79799
1.8069
1.89045
2.02733
2.04792
1.94661
1.87806
1.77582
1.73174
1.7709
1.86725
1.77033
1.86957
1.84949
1.74912
1.85546
1.85887
1.82774
1.82936
1.93433
1.74546
1.85341
1.78573
1.84317
1.96951
1.72794
1.86081
2.03611
1.7394
2.00635
1.72673
1.95424
1.94776
1.86712
1.9901
1.74232
1.92336
1.88968
1.95861
1.71271
1.91767
1.71956
1.84687
1.86475
1.74043
1.78126
1.91898
1.7687
1.73434
1.72038
1.79545
1.8716
1.79284
2.03926
2.03837
1.95299
1.70173
2.00704
1.83403
1.73443
1.90921
1.79597
1.71389
1.75576
1.90424
1.86593
1.74257
1.83057
1.76018
1.70306
1.84921
1.83271
1.80457
1.97288
1.92588
1.70881
1.8623
1.93526
1.78098
1.77801
1.87674
1.94165
1.87808
1.89743
1.74777
1.76963
1.83095
2.00275
1.76541
1.89054
1.78826
1.73963
1.85789
1.88885
1.79964
1.95484
1.82304
1.96035
1.90689
1.73025
1.92962
1.86341
1.73279
1.94913
1.80851
1.915
1.71339
1.75352
1.74369
1.71878
1.84183
1.87373
1.70102
1.85264
1.79428
1.89176
1.71585
1.89276
1.85947
1.96661
1.80441
1.77988
1.77899
1.86155
1.80481
1.77779
1.73218
1.93441
1.85669
1.8554
1.82049
1.86072
1.84722
1.84646
1.8903
1.70292
1.75693
1.81477
1.74495
1.8614
1.77773
1.75178
1.94846
1.73303
1.87236
1.86257
1.76659
1.87503
1.71411
1.85485
1.8322
1.87554
1.9081
1.93238
1.96245
1.97749
1.88948
1.90736
2.0335
1.91472
1.79859
1.70857
1.94708
1.86076
2.01618
1.95055
1.83808
1.93066
1.84049
1.80573
1.88687
1.84433
1.86099
1.98039
1.91235
1.93588
1.84031
1.74899
1.75382
1.78866
1.81543
1.83658
1.70069
1.86812
1.89826
1.75832
1.81981
1.72981
1.80318
1.72965
1.83025
1.87299
1.86313
1.79299
1.90415
1.80431
2.01935
1.83384
1.85704
1.76778
1.86261
1.87913
1.87152
1.7075
1.71023
1.70414
1.87341
1.71652
1.98352
1.99457
1.70915
1.77415
1.97268
1.78846
1.82827
1.95936
2.01651
1.72011
1.78788
1.94576
1.94359
1.81261
1.77679
1.93278
1.86827
1.94623
2.04535
1.8648
1.82748
1.96268
1.75869
1.94471
1.83526
1.70786
1.82478
1.98411
1.97144
1.82792
1.70622
1.90408
1.7388
1.76767
1.90503
1.97523
1.78436
1.85255
1.85035
1.84637
2.03077
1.7182
1.73352
1.91258
1.76453
1.96275
1.93431
1.90129
1.99581
1.87349
1.86236
1.9914
1.84336
1.90344
1.72359
1.70923
1.71757
1.72534
1.80137
1.854
1.82955
2.01625
1.91541
1.87373
1.96571
1.95319
1.85618
1.74443
1.87258
1.80571
1.96255
1.75501
1.83692
2.01236
1.74427
1.76435
2.0431
1.84401
1.91123
1.94056
1.81528
1.9451
1.88867
1.9355
1.86226
1.7841
1.90452
1.85838
1.87152
1.95357
1.86352
1.86011
1.72781
1.91747
1.79453
1.75136
1.75149
1.7787
1.92604
1.70515
1.84321
1.8511
2.00586
1.94363
1.79905
1.96597
1.84128
1.86151
1.8672
1.99078
1.74385
1.85075
1.86267
1.84232
1.81249
2.00342
1.78407
1.94237
1.70563
1.95622
1.97518
1.87046
1.87213
1.8519
1.83736
1.8551
1.97465
1.78485
1.71088
1.81278
1.86555
1.9137
1.70709
1.81453
1.8479
1.86271
1.88763
2.0441
2.00961
1.95845
1.701
1.71789
1.83172
1.89565
1.79088
1.93441
1.72276
1.89377
1.98423
1.84007
1.83697
1.79368
1.84159
1.87137
1.77198
1.75513
1.85929
1.83363
1.84695
2.00196
1.81313
2.03525
2.02908
2.02419
1.77865
1.83921
1.82928
1.72132
1.72469
2.0151
1.76286
1.92297
1.86254
1.88164
1.73162
1.87715
1.71434
1.72703
1.78815
1.77845
1.79995
1.80615
1.76701
1.7916
1.87939
1.87638
1.75779
1.90886
1.73876
1.84122
1.79332
1.75261
1.74215
1.95137
1.89559
2.01014
1.85658
1.8584
2.02567
1.75692
1.94409
2.0456
1.74531
1.75141
1.72339
2.02187
1.87237
1.81472
1.95092
1.85425
1.85243
1.8679
1.7331
1.993
1.88393
1.76891
2.00399
1.95922
1.76241
1.70222
1.84226
1.71899
2.04547
1.90069
1.85857
1.84979
1.9873
1.77862
1.72091
1.89998
1.75025
1.88178
1.85428
1.76007
1.79582
1.88295
1.76097
1.7077
1.77049
1.85396
1.84117
1.75451
1.96718
1.89221
1.70974
1.93691
1.72823
1.76711
1.85307
1.7364
1.9169
1.84768
1.74103
1.86123
2.02477
1.82741
1.71339
1.94335
1.78382
1.72711
2.03206
1.95148
1.70226
1.89782
1.90738
1.85805
1.98018
1.87741
2.04305
1.73655
1.87091
2.00902
1.93905
2.04471
1.88572
1.86997
2.0458
1.82921
1.74385
1.88445
1.86115
1.70694
1.86483
1.81383
2.01475
2.03502
1.84613
1.70023
1.88787
1.85044
1.7045
1.96619
1.94304
2.00107
1.82162
1.88408
1.87644
1.70291
1.93046
1.86598
1.72063
1.70605
1.79938
1.80741
2.03762
1.80074
1.8198
1.76134
2.04658
1.82641
1.81063
1.95034
1.84511
1.72211
1.86294
1.77641
1.86873
1.8758
1.87121
1.72302
1.76833
1.79908
1.86208
1.76194
1.77304
1.97562
1.83234
1.96638
1.74787
1.82776
1.86926
1.75599
1.74979
2.00781
1.70129
1.72489
1.88711
1.82453
1.84949
1.86383
1.73422
1.75817
1.73754
1.70863
1.76675
2.02299
1.79223
1.74921
1.71801
1.78673
1.72297
1.90788
1.92765
1.90863
1.77982
1.76672
1.88009
1.72308
1.75133
1.72565
1.88758
2.02853
1.85964
1.9051
1.86438
1.74378
1.85748
1.92098
1.70524
1.72595
1.86024
1.8549
1.89888
2.03728
1.86728
1.88304
1.91796
1.86223
1.96554
1.86645
1.74626
1.98847
1.88869
1.77517
1.91541
1.95424
1.76863
1.75565
1.72466
1.70608
1.72919
1.83683
1.97305
1.7254
1.84436
1.73385
1.90189
1.76227
1.79656
1.82739
1.70781
1.79737
1.8677
1.92675
1.73084
1.75542
1.70019
1.72498
1.7681
1.89783
1.70664
1.96086
1.73465
1.81624
1.93842
1.72347
1.77885
1.77454
1.83651
1.73655
1.98753
1.71353
1.9052
1.7378
1.8436
1.82449
1.75204
1.7814
1.87619
1.83789
1.72518
1.76986
2.02574
1.77834
1.88447
1.81578
2.02071
1.80134
1.98139
1.74632
1.73913
1.86572
1.95045
1.87979
1.84371
2.01746
1.84079
1.9533
1.93163
1.70558
1.77779
1.8378
1.83354
1.87645
1.83106
2.04144
1.84134
1.9474
1.86937
1.88845
1.9244
1.86258
1.8593
1.91133
1.78199
1.74377
1.71746
1.88486
1.73117
1.96101
1.92904
1.93997
1.83863
1.81763
1.72932
1.72824
1.87582
1.90505
1.74665
1.83581
1.78512
1.88711
1.89838
1.78688
1.88749
1.77282
2.04571
1.89748
1.96358
1.8475
1.72712
1.86047
1.83146
1.89704
1.94888
1.89501
1.75304
1.9292
1.93475
1.8934
1.96506
1.81548
1.72396
1.83085
1.86191
1.8713
1.97215
1.98129
1.83653
1.70255
1.76821
1.75945
1.71059
1.99531
1.8784
1.86221
1.79837
1.81469
1.87698
1.96618
1.9105
1.79975
1.7907
1.96227
1.71979
1.73506
1.8298
1.72361
1.85782
1.73022
1.95961
1.85029
1.70804
1.79659
1.7355
1.71373
2.03808
1.75908
1.85902
1.74172
1.74173
1.84797
1.96438
1.74873
1.73375
1.75643
1.97052
1.94712
1.79606
1.75454
1.86292
1.74429
1.81085
1.73276
1.87145
1.83713
1.8659
1.904
1.88607
1.79648
1.72011
1.83399
1.91725
1.805
1.72681
1.99344
1.97473
1.86092
1.80797
1.75673
1.77845
2.04556
1.76798
1.74298
1.95357
1.86915
1.90691
1.84249
1.7509
1.99653
1.99778
1.75494
1.70254
1.79568
2.04067
1.87628
1.8199
1.7456
1.93889
1.86763
1.75307
1.90287
1.82156
1.72281
1.70985
1.85548
1.75843
1.95484
1.899
1.86689
1.77968
1.97072
1.83098
1.926
1.96925
1.8093
2.0485
1.89696
1.70445
1.85331
1.90943
1.82246
1.7776
1.93467
1.82457
2.00344
2.01134
2.03203
1.75106
1.81511
1.7451
1.8653
1.8807
1.77164
1.85643
1.85379
1.94131
1.83942
1.86716
1.85817
1.93353
1.75874
1.75426
1.97097
1.81447
1.78209
1.7076
1.84105
1.8629
2.02701
1.77889
1.7685
1.85475
1.80156
1.85235
1.98622
1.86574
1.88414
1.81705
1.8133
1.8037
1.87959
1.81423
1.76361
2.00847
1.87463
1.95975
1.93678
1.7347
1.8334
1.892
1.89476
1.78738
1.8761
1.82395
1.81227
1.7237
1.79127
1.71402
1.83822
1.73018
1.85348
2.04769
1.86911
2.04726
1.96371
1.7051
1.74011
1.74219
1.75775
1.83723
1.83881
1.72581
1.86105
1.74625
1.71956
1.86296
1.79182
1.70626
2.00155
1.86129
1.85257
1.87655
1.70518
1.92613
1.86361
1.73962
1.85226
2.01995
1.72736
1.87469
1.72408
1.77025
1.71424
1.86555
1.98981
1.82713
1.84722
1.85264
1.79263
2.02246
1.87822
1.83365
1.76454
1.75054
1.78733
1.71404
1.71461
1.72687
1.94648
1.7421
2.01872
1.84833
1.81728
1.72353
1.72218
2.01663
1.84921
1.71227
1.866
1.88016
1.99886
1.83762
1.85076
1.99085
2.00782
1.74256
1.73341
1.87107
1.84176
1.75246
2.02854
1.7077
1.84135
1.79114
1.73621
1.92332
1.79623
1.84776
1.73419
1.95307
1.81735
1.86519
1.86336
1.73367
1.83086
1.8092
1.71739
1.70666
1.77146
1.87005
1.7394
1.8588
1.80184
1.75643
1.89407
1.73051
1.8603
1.86327
1.91593
1.86378
1.96114
1.75401
1.92508
1.72063
1.74734
2.01886
1.98856
1.76681
1.92137
1.93156
1.73388
1.79683
1.81746
1.89244
1.7893
1.91678
1.74159
1.76709
1.93506
1.91339
1.76058
1.70767
1.7447
1.84079
1.84989
1.85169
1.76042
1.87921
1.81362
1.89917
1.8671
1.86884
1.73948
1.70417
1.70442
1.75319
1.87705
1.74813
1.77425
1.90593
1.85143
1.74901
1.87151
1.76029
1.73135
1.81185
1.88795
1.85468
1.71664
1.73345
1.90029
1.79878
1.88965
1.99028
1.85712
1.76936
1.75972
1.9448
1.8305
1.84527
1.70089
1.76454
1.91158
1.73024
2.00986
1.75705
2.01686
1.73868
1.7709
1.92921
1.77106
1.8564
2.03664
1.88924
1.78176
1.73007
1.83491
1.83474
1.82712
1.88673
1.79422
1.85335
1.74053
1.78808
1.91812
1.84815
2.02367
1.84921
1.85083
1.99431
1.85613
1.73248
1.93029
1.98469
1.74646
1.98224
1.89564
1.76398
1.79888
1.729
2.01584
1.76934
1.76127
1.83488
1.85253
1.73739
1.94471
1.85788
1.94516
1.78611
1.75178
1.81584
1.92492
1.88595
1.90457
1.71873
1.97326
2.04276
1.97073
1.8363
1.91464
1.93301
1.72318
1.89675
1.7678
1.91095
1.75009
1.74832
1.83926
1.74212
1.86675
1.98983
1.76775
1.74076
1.81991
1.78632
1.75197
2.00113
1.99183
1.82595
1.80592
1.94367
2.04826
1.73786
1.8549
2.00469
1.87792
1.73982
1.7441
1.70992
1.7236
2.00059
1.88974
1.87049
2.01299
1.86319
2.01288
1.86445
1.86515
1.91602
1.84539
1.77804
2.02497
2.04031
1.86448
1.91977
1.9664
1.70612
1.72054
1.8699
1.95483
1.83567
1.79604
1.99482
1.73211
1.87125
1.80129
2.01752
1.78189
1.91103
1.90357
1.72159
1.9293
1.87352
2.04503
1.86447
1.92027
1.76783
1.87623
2.04233
1.70732
1.73487
1.71247
1.78782
1.82121
1.91522
1.86058
1.86465
1.90894
1.97848
1.7363
1.81103
1.84939
1.88147
1.95568
1.9231
1.7721
1.84674
1.90092
1.84875
1.7466
1.95169
1.72282
1.73706
1.88821
1.7837
1.76755
1.96979
1.73787
1.81411
1.83922
1.73809
1.81279
1.84911
1.7394
1.95997
1.81157
1.75361
1.90318
1.74993
1.81807
1.89038
1.7021
1.97368
1.93195
1.72899
1.95409
1.76348
1.87838
1.81007
1.73889
1.86392
1.70125
1.85467
1.76521
1.78152
1.86583
1.74504
1.93408
1.74605
1.76592
1.93118
1.88573
1.74373
1.85451
1.95321
1.86571
1.98474
1.88866
1.8197
2.03181
1.93779
1.70334
1.70008
1.91579
1.77675
1.78326
1.89345
1.93398
1.899
1.94272
1.8751
1.86675
1.88478
1.82831
1.79734
1.81053
1.89137
1.78405
1.72531
1.99603
1.84532
1.7531
1.82086
1.94824
1.97595
2.00173
1.72344
1.81767
1.93427
1.8546
1.84005
1.72097
1.97914
1.7304
1.7774
1.80663
1.87508
1.82996
1.8203
1.77383
1.85664
1.72416
1.78154
1.95353
1.73242
1.89744
1.75401
1.86874
1.8278
1.93051
1.70672
1.83019
1.93136
1.83186
1.96815
1.93257
1.8725
1.86752
1.8508
1.85129
1.85054
1.7239
1.75335
1.73864
1.85524
1.72066
1.85829
1.85217
2.01549
1.745
2.02617
1.85472
1.80614
2.01748
2.03107
1.85266
2.01469
1.99676
1.88397
1.89469
1.89764
1.83692
1.81128
1.78196
1.96175
1.79627
1.83384
1.76865
1.90428
1.81633
1.87906
1.81233
1.82139
1.8594
1.75706
2.02652
1.73406
1.92121
1.73461
1.99385
2.01679
1.95091
1.85101
1.86618
1.88504
1.81734
1.74341
1.86438
1.84913
1.87809
1.99214
1.98619
1.89761
1.87988
1.81586
1.81146
1.86202
1.8149
1.84893
1.73478
2.04892
1.73131
1.76454
1.89017
1.88208
1.79956
1.71032
1.80484
1.72837
2.02398
1.84135
1.76421
1.78367
1.7659
1.75878
1.87337
1.85592
1.81487
1.97249
1.77832
1.72801
1.94059
1.73699
1.96812
1.88708
1.85951
1.79601
1.8751
1.86119
1.70582
1.91503
1.78109
1.82392
1.72898
2.01722
1.83394
1.88473
1.89419
1.70337
1.87437
1.86108
1.86142
1.70544
1.70142
1.87799
1.70234
1.84455
1.93678
1.70633
1.89859
1.81462
1.71717
1.77031
1.72402
1.80041
1.9425
1.87296
1.79557
1.92539
1.87233
1.76975
1.74403
1.77349
1.89839
1.94321
1.76005
1.92277
1.90829
1.96468
1.7154
1.71607
1.86942
1.83257
1.86394
1.8405
1.93391
1.80366
1.96981
1.85425
1.88594
1.797
1.74521
1.78455
1.8149
1.94566
1.83981
1.72735
1.80584
1.79862
1.90812
1.90208
1.70951
1.8723
1.75212
1.73632
1.88084
1.86245
1.7186
1.73338
1.77365
1.72728
1.84842
1.77447
1.86871
1.86468
1.76402
1.81881
1.9643
2.0024
1.7577
1.94472
1.85619
1.77236
1.87217
1.78525
1.87885
1.75262
1.81619
1.98387
1.77855
1.78225
1.74107
1.71931
1.98885
1.74057
1.74126
1.83691
1.88782
1.7294
1.80311
1.80219
1.83118
1.8203
1.93696
1.9292
1.73997
1.90074
1.85841
1.87356
1.70041
1.75547
1.75992
1.71533
2.01718
1.74602
1.72152
1.94839
1.74058
1.77663
1.88262
1.82172
1.7442
1.76116
1.70543
1.99988
1.91741
1.75745
1.73671
1.83343
1.87716
1.83613
1.87656
1.71228
1.77361
1.88346
1.83378
2.02007
1.94658
1.96116
1.82017
1.86139
1.87292
1.73692
1.84042
1.84875
1.79208
1.84068
1.8167
1.89852
1.7735
1.77139
1.83751
1.88659
1.70735
1.773
1.71331
1.80061
1.76764
1.90455
1.87033
1.89062
1.85917
1.94278
1.79823
1.91641
1.86885
1.86384
1.95639
2.0499
1.89572
1.79727
1.7619
1.7524
1.77582
1.93298
1.87174
1.91056
1.85412
1.85845
1.97781
1.81912
1.7464
1.96158
1.87123
1.80677
1.83117
1.76751
1.84393
1.86779
1.83496
1.87016
1.91222
1.85621
2.04046
1.7412
1.70918
1.92416
1.79273
1.96
1.98651
1.98181
1.98959
1.87183
1.80259
1.80283
1.77337
1.94434
1.87837
1.87163
1.81404
2.03619
1.87774
1.89952
1.73483
1.82432
2.02658
1.7583
1.79515
1.92131
1.80053
1.86995
2.04618
1.97017
1.96741
1.82178
1.96203
1.7213
1.86093
1.90245
1.89805
1.87863
1.78609
1.70569
1.77557
1.74757
1.89872
1.87939
1.9449
1.88116
1.86301
1.77506
1.79203
1.86333
1.71244
1.71527
1.80804
1.73021
1.76981
1.81532
1.99114
1.92142
1.98614
1.89834
1.70854
1.96551
1.9403
1.91551
1.82984
1.7647
1.76934
1.72471
1.77189
1.86544
1.91645
1.77655
1.87447
1.86675
1.74956
1.70611
1.86932
1.93415
1.88561
1.98476
1.7706
1.72205
1.73285
1.80485
1.89668
1.77653
1.86673
1.72506
1.71988
1.8444
1.85136
1.78427
1.72963
1.81037
1.7753
1.75042
1.82403
2.04376
2.04109
1.77081
1.85749
1.80428
1.84011
1.84814
1.71708
1.73175
1.74976
1.85496
1.91498
1.73761
1.77347
1.86491
1.90012
1.96858
1.9351
1.7455
1.72255
1.79087
1.95743
1.87181
1.76512
1.82082
1.84026
1.7379
2.02218
1.76996
1.79857
2.01885
1.90515
1.97095
1.81575
1.74035
1.73003
2.03468
1.80101
1.72683
1.71019
1.86584
1.74814
1.87748
1.88343
1.98943
1.73578
1.82339
1.73988
1.98832
1.83809
1.82333
1.71909
1.89384
1.8636
1.76551
1.87939
1.7197
1.76279
2.01353
1.78218
1.96217
1.89427
2.01055
1.98224
1.82781
1.88989
1.86689
1.89156
2.04428
1.91709
1.75959
1.82106
1.71016
1.83097
1.91073
1.80092
2.03871
1.98106
1.7373
1.87735
1.92695
1.84309
1.74982
1.7345
1.83832
1.90856
1.89793
1.96404
1.71328
1.82986
1.83406
1.86642
1.98908
1.86487
1.90722
1.90092
1.88992
1.77969
1.84769
2.0248
1.71778
1.88646
1.93416
1.77389
1.7664
1.88175
1.76751
1.89505
1.84164
1.89451
2.03206
1.86953
1.90351
1.75711
1.94878
1.75259
1.85071
1.98319
1.87785
1.81626
1.77185
1.85656
1.72483
1.88579
1.90741
1.87011
1.77547
1.81649
1.86136
1.7874
1.84909
1.83662
1.74321
1.98208
1.74255
1.86059
1.84959
1.8608
1.91221
1.90405
1.84135
1.74843
2.02149
1.7936
1.71136
1.91634
1.8744
1.92322
1.74089
2.01193
1.8156
1.87939
1.73307
1.71088
1.78074
2.00889
1.70127
1.92367
1.82072
1.7129
1.79295
1.70345
1.88249
1.83467
1.9579
1.764
1.78359
1.87606
1.87835
1.79542
1.78675
1.71257
1.99029
1.86352
1.83004
1.94183
1.80727
1.82349
1.76088
1.79591
1.82215
1.88366
1.85521
1.76429
1.8647
1.79012
1.86987
1.72743
1.76359
1.83826
2.00919
1.98181
1.71435
1.72971
1.78017
1.91715
1.70774
1.70343
1.82386
1.891
1.98334
1.73967
1.71555
1.8529
1.84588
1.7715
1.77743
1.79595
1.72093
1.72811
1.85956
1.96454
1.83882
1.86602
1.73906
1.93332
1.72183
2.0458
1.73952
1.90253
1.76589
1.96942
2.03374
1.93498
1.91761
1.70239
1.84166
1.74503
1.95549
1.93725
1.71065
1.91138
1.77644
1.73376
1.80707
1.70408
1.8521
1.92939
1.86216
1.91541
1.89204
1.73681
1.74535
1.77857
1.86593
1.87507
1.72451
1.84468
1.81929
1.90358
1.85784
1.87408
1.8674
1.95396
1.74281
1.70532
2.00358
1.70516
2.03959
1.87629
1.78418
1.7821
1.7859
1.74891
1.87114
1.89923
1.76536
1.75335
1.70522
1.7196
1.70915
1.83437
1.85169
1.72599
1.86394
2.0253
2.00843
2.00397
1.92434
2.00184
1.72849
1.87688
1.91025
1.77263
1.80723
1.75409
1.83087
2.03791
1.73496
1.91293
1.91556
1.78556
1.72608
1.82708
1.94952
2.03045
1.76688
1.76774
1.80216
1.85538
1.93339
1.71834
1.79612
1.79135
1.86801
2.04688
1.88426
2.03806
1.84478
1.789
1.92124
1.70363
1.87763
1.87395
1.82879
1.95479
1.93803
1.79721
1.85269
1.82934
1.85905
1.72331
1.83673
1.72987
1.90916
1.93999
1.77259
1.9548
1.80054
1.76645
1.72966
1.85102
1.97975
1.79788
1.9134
1.86713
1.74754
1.73995
1.85718
1.8275
1.98692
1.93905
1.8606
1.76937
1.83264
1.77442
1.81082
1.86892
1.80388
1.98681
1.77782
1.87536
1.7016
1.78236
2.04369
1.89677
1.73881
2.04271
1.94304
1.87689
1.82412
1.89173
1.78065
1.95468
1.83643
1.92585
1.72422
1.85304
1.72979
1.7178
1.8993
1.70523
2.00897
1.85338
1.89525
1.89031
1.73068
1.711
1.88522
1.79362
1.78925
1.98357
1.71665
1.77366
1.87952
1.75104
1.90782
1.77224
1.70077
1.87942
1.88121
1.78735
1.89797
1.85868
2.01828
1.76647
1.79438
1.84827
2.00611
1.7699
1.85938
1.92088
1.73996
1.86092
1.83504
1.99845
1.91825
1.88012
1.98893
1.78667
1.86027
2.04835
1.83906
1.71081
1.85511
1.80658
1.86281
1.87901
1.7729
1.85267
1.74201
1.79398
1.9555
1.81527
1.87951
1.73483
1.87815
1.85343
1.92975
1.85985
1.80831
1.77272
1.98671
2.01709
1.89641
2.03948
1.79027
1.7673
1.81002
1.73761
1.74907
1.91516
1.75348
1.7591
1.76883
1.85002
1.85294
1.96775
1.75084
2.00016
1.83941
1.8167
1.70417
1.71916
1.88204
1.80819
1.78205
1.90507
1.76729
1.80275
1.71769
2.04642
1.96707
1.9848
1.98886
1.84101
1.72713
2.04014
1.90112
1.87377
1.77218
1.87436
1.86539
1.79888
1.77935
1.88443
1.74509
1.74113
1.76422
1.71534
1.87533
2.01484
1.76421
1.81756
1.86766
1.85471
1.99158
1.79217
1.73111
1.86207
1.86215
1.71476
2.03534
1.85362
1.86817
1.87342
1.99203
1.8341
1.86104
1.83025
1.82698
1.86589
1.78466
1.97277
1.73277
1.73438
2.02779
1.7892
1.74421
1.7061
1.77387
2.04671
1.7489
1.85
1.76671
1.85987
1.78794
1.94628
1.80497
1.98344
1.70873
1.71112
1.72234
1.71637
1.70841
1.9709
1.86606
1.82232
1.87697
1.87626
1.868
1.72672
1.87436
1.73217
2.009
1.87812
1.93995
1.88708
1.92984
1.85935
1.97047
1.71847
1.85295
1.97146
1.93786
1.79297
1.73702
1.75482
1.72014
1.87413
1.7988
1.92571
1.87687
1.7375
1.72339
2.03826
1.86044
1.91985
1.84312
1.7529
1.8338
1.85806
1.82216
1.98335
1.87608
1.84817
1.81792
1.87257
1.98583
1.90636
1.74961
1.73088
1.7465
1.87856
1.88275
1.87106
1.74617
1.89416
1.73481
1.76242
1.78912
1.73897
1.71179
2.03733
1.94931
2.01923
1.8478
1.85296
1.77864
1.88808
1.93151
1.87703
1.92865
1.82647
1.71393
2.04044
1.87976
1.71935
1.93276
1.8361
1.70602
1.8684
1.80643
1.89538
1.71703
1.87659
1.90462
1.81393
2.01234
1.81403
1.89997
1.96883
1.96528
1.8479
1.81257
2.00947
1.80994
1.9661
1.86268
1.98632
1.96397
2.04482
1.77822
1.76077
1.84909
1.76945
1.86926
2.00155
1.80446
1.94699
1.73907
1.7575
1.77305
1.71444
1.86805
2.00064
1.83534
2.04093
1.7463
1.98494
1.88609
1.82416
1.82897
1.8197
1.7312
1.77963
1.70627
1.82307
1.87818
1.76395
1.85005
1.83646
1.70334
1.96037
1.83303
1.76724
1.83133
1.91256
1.90375
1.73333
1.9348
1.70992
1.73873
1.89935
1.84704
1.79572
1.81509
1.99954
1.77931
1.74264
1.93903
1.83139
1.9858
1.89077
1.94735
1.86797
1.85004
1.94566
1.80594
1.73047
2.00045
1.88101
1.95586
1.9726
1.72905
1.866
1.71744
1.74645
1.70245
1.90618
1.84985
1.72647
1.8984
1.85959
1.73795
1.79292
1.82906
1.72924
1.81259
2.04198
1.91763
1.86798
1.73153
1.90602
1.79957
1.88847
1.88028
1.85331
1.99702
1.91349
1.71675
1.83647
1.71168
1.82138
1.81724
1.72993
1.79974
2.02398
1.81752
1.84021
1.9006
1.71824
1.89651
1.86961
1.86754
1.8498
1.70769
2.00261
1.8806
1.71207
1.81933
1.89545
1.80169
1.86204
1.89472
1.862
1.856
1.86856
1.88727
1.70807
1.77956
1.96096
1.84844
1.75592
1.99073
1.85266
1.7983
1.91221
1.75123
1.76114
1.93486
1.92717
1.99358
1.70927
1.72145
1.90624
1.85357
1.81353
1.77247
1.96759
1.91622
1.83696
1.88887
1.9518
1.7166
1.76367
1.73437
1.86071
1.85286
1.80089
1.71792
1.88231
1.77561
1.90983
1.89045
1.90155
2.02721
1.82207
1.86515
1.85351
2.03151
1.80042
1.96707
2.02198
1.96272
2.04101
1.88751
1.94624
1.86929
1.99752
1.70011
1.88293
1.91423
2.04405
1.8587
1.87487
1.85014
1.73736
1.85591
2.00497
1.97724
1.9479
1.8734
1.74203
2.00802
1.9391
1.76327
1.71577
1.71216
1.86346
1.71154
1.72489
1.71921
1.95423
1.89488
1.90347
1.83486
1.82983
1.93795
1.88403
1.80924
1.86743
1.79957
1.88537
1.85377
1.8787
1.85183
2.02398
1.93217
1.76991
2.02171
1.84846
1.97239
1.72298
1.81268
1.85419
1.74232
1.91125
2.03746
1.97822
1.87364
1.86426
1.84394
1.79598
2.04225
1.97718
1.76663
2.00338
1.97018
1.91785
1.79012
1.8839
1.79053
1.98912
1.88401
1.78235
1.95868
1.81976
2.0088
1.78978
1.90399
2.04488
1.90787
1.70458
1.93739
1.87631
1.73738
1.86926
1.96376
1.84988
2.02224
1.7167
2.02557
1.80494
1.86055
1.93717
1.74576
1.72182
1.86259
1.7845
1.84908
1.87911
1.98365
1.70278
1.89991
1.85785
1.89343
1.90236
1.70863
1.80714
1.87765
1.87684
1.80497
2.04415
1.85465
1.9755
1.88578
2.04517
1.8279
1.83497
2.01632
1.74061
1.8613
1.74854
1.83676
1.89941
1.79979
2.04846
1.74927
1.76175
1.80144
1.73269
1.95158
1.8258
1.81796
1.71137
1.76829
1.89309
1.70439
1.82721
1.83257
1.88655
1.70604
1.72618
1.71519
1.72675
1.77038
1.73682
1.79239
1.96027
1.86733
1.78076
1.98302
1.72669
1.87784
1.71482
1.87426
1.86396
1.73533
1.817
1.91594
1.78615
1.79763
1.77165
1.72733
1.74737
1.80873
1.82467
1.8485
1.80838
1.86902
1.73333
1.73844
1.86056
1.83805
2.03521
1.82898
1.89042
1.74999
1.98748
1.81831
2.0012
1.72606
1.872
1.85113
1.90684
1.86602
1.89749
1.77586
1.99694
1.88467
1.82087
1.73738
1.86112
1.95068
1.7769
1.85438
2.0192
1.95089
1.75261
1.90823
1.79016
1.83709
1.70795
1.80184
1.79856
1.87389
1.77353
1.85292
1.73762
1.9252
1.78488
1.91322
1.77247
1.71784
1.87379
1.83035
1.70231
2.04343
1.89688
1.8576
1.77866
1.71495
1.93132
2.03337
1.7112
1.94848
1.73118
2.00649
1.73995
1.94598
1.7533
1.89626
1.71578
1.85643
1.95666
1.93536
1.71827
1.76542
1.73742
1.98353
1.83199
1.78162
1.78763
1.74149
1.73905
1.78287
1.87475
1.78947
1.99507
1.85665
1.84491
1.76354
1.84219
1.75741
1.74479
1.94599
1.73131
1.85269
2.01224
2.02639
1.90981
1.83656
1.92902
1.74331
1.7317
1.84022
1.87077
1.94503
1.85283
1.74988
1.92924
1.74638
1.86278
2.01411
1.96257
1.86087
1.74269
1.72717
1.70051
1.78947
1.85078
1.84997
1.72733
1.83696
1.82366
1.8618
1.98546
1.84139
1.79261
1.80568
1.73366
1.74349
1.76112
1.74587
1.75746
1.96564
1.75753
1.85195
2.00445
1.72965
1.8883
1.88508
1.80679
1.88377
1.86171
1.83625
1.81205
1.87121
1.82376
1.78467
1.84727
1.7145
1.7251
1.94394
1.76969
1.75505
1.7861
1.83542
1.85422
1.92502
1.78634
1.98742
1.78339
1.86949
1.70406
1.83582
1.84362
1.97458
1.84257
1.73986
1.75484
1.77424
1.86619
1.84395
1.77505
1.85791
1.7784
2.03398
1.93569
1.73964
1.80452
1.87145
1.71085
1.75627
1.7169
1.70326
1.82462
1.86824
1.72302
1.75587
1.93061
1.74827
1.8211
1.72287
2.03478
1.84727
1.9713
2.04376
1.79896
1.86707
1.75207
1.88579
1.76587
1.79658
1.99767
1.74559
2.01433
1.73635
1.71202
1.99296
1.85392
1.90639
1.77229
1.84249
1.98344
1.96534
1.826
1.95499
1.86681
1.81012
1.81791
1.86229
1.80459
1.85717
2.01532
1.87257
1.88215
1.73567
1.80253
1.7623
2.00565
1.72892
1.73903
1.84234
1.7795
1.71435
1.84273
1.97937
1.70545
1.86612
1.74531
1.74833
1.81416
1.97938
1.92436
1.88811
1.82064
1.85141
1.73844
1.8641
2.03826
1.7557
1.96652
1.91577
1.75097
1.78622
1.73319
1.83305
1.85625
1.95102
1.74314
1.88813
1.79287
1.85679
1.88849
1.9311
1.82708
1.70163
1.91319
1.97841
1.74907
1.933
1.94716
1.96409
1.73877
1.83042
1.85914
1.76003
1.9756
1.78758
1.77726
1.80222
1.7097
2.01044
1.75971
1.71259
1.81152
2.01518
1.87756
1.84182
1.82757
1.72671
1.78457
1.811
1.81343
1.73226
1.86895
1.97738
2.00316
1.89454
1.71612
1.94998
1.74793
1.90502
1.83255
1.77252
1.86089
1.71826
1.79937
1.86955
2.03768
1.75457
1.8329
1.9958
1.92763
1.86234
2.00401
1.85396
1.86346
1.75975
1.71008
1.85166
1.85993
1.77798
1.75482
1.82924
1.70677
1.90547
1.95195
1.93716
1.81307
1.83927
1.78237
1.95492
1.99416
1.70805
1.78404
1.77421
1.72615
1.84839
1.72305
1.93275
2.02961
1.77009
1.72776
1.98188
1.79745
1.78417
1.74297
1.91921
2.02338
1.76672
1.89977
1.74887
1.91849
1.81075
1.80341
1.86202
1.8695
1.79105
1.87096
1.71637
1.74724
1.81951
1.86865
1.97948
1.78854
1.93661
1.74832
2.01291
1.87747
1.84836
1.79832
1.98314
1.87764
1.71612
1.70226
1.83252
1.86726
2.0402
1.72981
1.86623
1.72072
1.90154
1.78159
2.04067
1.71581
1.96541
1.72188
1.82758
1.84932
1.86364
1.71143
1.71624
1.92612
1.74928
1.71664
1.90435
1.72719
1.96418
1.98314
1.92577
1.92051
1.77068
1.83342
1.81264
1.8847
1.86311
1.70797
1.89093
1.76888
1.87556
1.72018
1.91944
1.84532
1.78598
1.81221
1.7673
1.86569
1.74995
1.89898
1.76751
1.77341
1.7778
1.73773
1.7082
1.7355
1.78663
1.88333
1.78469
1.87174
1.7443
1.92972
1.76215
1.85078
2.04733
1.72261
1.96656
1.8634
1.86034
1.85975
1.70806
1.85089
1.72844
1.72083
2.01679
1.89747
1.70445
1.98642
1.85718
1.78562
1.88946
2.0277
1.86435
1.91304
1.79057
1.74141
1.87942
1.90582
1.87756
1.81298
1.8002
1.71997
1.86768
2.03856
1.96149
1.73435
1.85861
1.82216
1.85871
1.87641
1.83129
1.97322
1.91806
1.82283
1.89169
1.71632
1.73772
1.70269
1.86214
1.78071
1.99961
1.87071
1.83577
1.72034
1.86694
1.78864
1.72535
1.86185
1.78341
1.71397
1.79652
1.88122
1.79263
1.87037
1.96631
1.84991
1.72412
1.85254
1.96341
1.75545
1.84703
1.98138
1.88493
1.86695
1.7991
1.853
1.7053
1.90548
1.72524
1.91344
1.74071
1.94947
1.73956
1.73733
1.89994
1.85786
1.85849
1.87665
1.75422
1.90663
1.70168
1.88756
1.8361
1.82041
1.86456
1.95665
1.86198
1.77492
1.80826
1.76046
1.75324
1.87847
1.87473
1.9279
1.81696
1.85645
2.04731
1.71303
1.87316
1.73417
1.86343
1.79192
1.85732
1.82566
1.72487
1.80362
1.72129
2.0441
1.87133
1.70209
1.85767
1.81883
1.7572
1.76197
1.87678
1.7148
1.83461
1.729
1.7374
1.88537
1.83439
1.83722
1.72971
1.80927
1.95429
1.72951
1.70104
2.02093
1.80719
1.70077
1.85858
1.94549
1.74128
1.73809
1.87469
1.9612
1.79009
1.86547
1.82353
1.91989
1.73992
1.71253
1.75526
1.86842
1.75918
1.81306
2.01819
1.98937
1.88807
1.8768
1.70729
1.75817
1.97256
1.7201
1.86333
1.87404
1.98455
1.84592
1.95535
1.90871
2.00903
1.78105
1.82151
2.03011
1.74705
1.76602
1.75499
1.7037
1.8563
1.90824
2.02676
1.86548
2.01514
1.92732
1.78631
1.70926
1.74048
1.82682
1.70295
1.997
1.8568
1.84492
1.85256
1.87868
1.77542
1.75305
1.94908
1.88726
1.81879
1.8587
1.8474
2.01956
1.82199
1.92557
1.71402
1.86761
1.70471
1.76831
1.88271
1.92496
1.80276
1.84268
1.89379
1.87274
1.93816
1.92374
1.8423
2.0109
1.85434
1.86697
1.85967
1.80765
1.70477
1.85382
1.89228
1.87424
1.81315
1.98868
1.92581
1.86631
1.82643
1.76917
1.97852
1.85291
1.91012
1.77837
1.8647
2.03602
1.89845
1.84331
1.86982
2.00122
1.9577
1.84423
1.79476
1.88367
1.85319
1.75098
1.97683
1.81146
1.86077
1.85655
1.75293
1.96604
1.71664
1.77389
1.71678
1.81069
1.74293
1.88505
1.87362
1.78582
1.71762
1.72531
1.85206
1.75687
1.8812
1.80857
1.80552
1.72262
1.74754
1.89836
1.88799
1.86218
1.98845
1.81002
1.85882
1.80141
1.87898
1.90864
1.90404
1.88262
1.85674
1.7886
1.9099
1.78478
1.90397
1.85331
1.95304
1.91906
2.0027
2.03377
1.85361
1.92265
1.97719
1.99908
2.0006
1.79781
1.88947
1.7232
1.87324
1.73142
1.85658
1.85264
1.86866
1.76581
1.7449
1.8592
1.75523
1.85981
1.74565
1.82884
1.71905
1.95328
1.77914
1.96899
1.90562
1.99044
1.82459
1.791
1.88963
1.99649
1.81017
1.99627
1.8814
1.83197
1.80618
1.71583
1.75621
1.9269
1.86085
1.85666
1.77327
1.93561
1.74761
1.72331
1.75653
1.8501
1.97707
1.74416
1.94686
2.04935
1.87736
1.72875
1.85798
1.82829
1.98792
1.87984
1.87314
1.84511
1.76753
1.90274
1.86113
1.90726
1.73409
1.70087
1.79899
1.83359
1.85422
1.91739
1.86135
1.70971
1.84927
1.89374
1.84275
1.70419
1.90566
1.80022
1.74058
1.87925
1.73116
1.82747
1.87389
1.70425
1.73266
1.76037
1.89098
1.92666
1.87018
1.93639
1.94204
1.7605
1.96321
1.70876
1.82658
1.83422
1.87305
1.84842
1.74865
1.87468
1.88934
1.86859
1.70455
1.87433
1.94855
1.73726
1.86026
1.7309
1.90464
1.98565
1.95345
1.79978
2.0399
1.74207
1.96429
1.86872
1.74093
1.87809
1.77121
1.87406
2.01468
1.71972
1.86837
1.79988
2.03224
1.87895
1.87149
1.77493
2.0402
1.88451
1.81916
1.70005
1.84291
1.75588
1.88553
1.73418
1.80529
1.82257
1.79074
1.74347
1.79543
2.00995
1.85866
1.86972
1.78158
1.73421
1.92243
1.74539
1.75622
1.80492
1.74254
1.84209
1.89795
1.82829
2.02146
1.8279
2.01328
1.86901
1.72432
1.78016
1.81752
1.95636
1.82413
1.81743
1.79901
1.7003
1.8084
1.88375
2.02997
1.89575
1.87256
1.87644
1.71788
1.76464
1.8518
1.89563
1.86041
1.80097
1.90012
1.75534
1.90664
1.86518
1.83734
1.942
1.85754
1.75514
1.95305
1.86679
1.96807
2.03323
1.80993
1.70951
1.83252
1.75038
1.82014
1.7486
1.70624
1.76664
1.75902
1.8325
1.85461
1.9804
1.77266
1.79675
1.82329
1.9992
1.80274
1.77535
2.01865
1.86944
1.73998
1.76196
1.94053
1.8528
1.75002
1.8974
1.78179
1.92305
1.87879
1.88716
1.85166
1.90001
1.74243
1.79213
1.74356
1.86472
1.87795
1.871
1.71397
1.99254
1.76823
1.74637
1.70191
1.79964
1.85007
1.96054
1.86084
1.80284
1.95698
1.92594
1.85058
1.80731
1.79603
1.94992
1.88574
1.80489
1.91032
1.74241
1.87717
1.87647
1.83751
1.73949
1.83842
1.85855
1.87265
1.8188
1.7248
1.71251
1.80335
1.7665
1.85457
1.72696
1.87025
1.74778
1.72214
1.70299
1.84471
1.70811
1.8923
1.70674
1.77021
1.86374
1.93823
1.8189
1.88531
1.72509
1.76571
1.84172
1.83232
1.87521
1.79001
1.85189
1.72622
1.7428
1.83446
1.94111
1.87256
1.75779
2.00718
1.83452
1.73861
1.85521
1.84391
1.73625
1.79375
1.74363
1.82448
1.82564
1.94724
1.82539
1.75328
1.8012
1.952
1.80477
1.93468
1.76311
1.92046
1.79604
1.86881
1.70492
1.7857
1.70438
1.73971
1.95122
1.75637
1.75713
1.79809
1.7323
2.02055
1.85789
1.78917
1.9916
1.8356
1.93156
1.89125
1.90528
1.70913
1.97346
1.95126
1.89875
1.81604
1.98396
1.76479
1.79151
1.70637
1.88528
2.02914
1.9967
1.7485
1.99304
1.755
1.70407
1.81914
1.90811
1.80076
1.89396
1.70326
1.86977
1.76979
1.771
2.01198
1.88607
1.75377
1.75341
1.84586
1.91392
1.94486
1.79437
1.99464
1.88258
1.89261
1.87431
1.82006
1.75916
1.71988
1.87866
1.74865
2.02962
1.81993
1.7351
1.70923
1.86842
1.76272
1.87307
1.70433
1.85743
2.04192
1.73721
1.81839
2.01281
1.8929
1.71345
1.90946
1.99245
1.77834
1.7886
1.98652
1.88255
1.86239
1.72615
1.71115
1.8495
1.75411
1.92977
1.9242
1.85363
1.93487
1.87606
1.97808
1.88372
1.82251
1.75879
1.74347
2.04451
1.7044
1.85521
1.73711
1.89478
1.77451
1.72628
1.7634
1.88728
2.00631
1.8949
2.01912
1.83322
1.74925
1.94806
2.02551
2.01574
1.87526
1.86012
1.88379
1.74654
1.82415
1.79437
1.86117
1.916
1.83512
2.04364
1.71957
2.0251
1.73658
1.75084
1.86743
1.88941
1.70832
1.74577
2.00835
1.86194
1.98247
1.89794
1.9618
1.77465
1.87731
1.80379
1.84625
1.73062
1.79035
1.71002
1.7305
1.96659
1.98337
1.71884
1.84999
1.97258
1.7008
1.75603
1.73429
1.73225
1.72682
1.90608
1.70835
1.87151
1.7717
1.70708
1.98601
1.70086
1.8398
1.85085
1.85467
1.77044
2.00251
1.73521
2.01023
1.98232
1.71342
1.79517
1.8902
1.70877
1.73306
1.79392
1.86409
1.83571
1.72002
1.89685
1.87503
1.74085
1.71524
1.73523
1.89924
1.88401
1.83377
1.84195
2.02831
1.77059
1.8894
1.72661
1.90965
1.80586
1.77891
2.00141
1.7369
1.87686
1.91958
1.76266
1.85985
1.70124
2.01092
1.78237
1.73776
1.8704
1.76206
1.70529
2.03204
1.84245
1.72253
1.74594
1.94344
1.77491
1.85759
1.97526
2.01371
1.76121
1.73924
1.83497
1.7482
1.70163
1.99269
1.95937
1.86575
1.75083
1.77584
1.82448
1.84927
1.72114
1.92268
1.75214
1.93617
1.90351
1.72927
1.81347
1.92082
1.84939
1.84637
1.7364
1.90226
1.89063
1.92605
1.71705
1.85975
1.82796
1.70671
1.86405
1.85925
1.72999
1.75621
1.75335
1.72678
1.85288
1.97807
1.94684
1.8269
1.87762
1.93371
1.74152
1.80559
1.87479
1.75804
1.81161
1.96903
1.79447
1.79617
1.75822
1.8681
1.85666
1.80699
1.87141
2.00341
1.83704
1.91283
1.84444
1.72284
1.8556
1.80611
1.87341
1.71048
1.72904
2.02865
1.91047
1.77304
1.89902
1.8191
1.72899
1.91053
1.8863
1.70657
1.70044
1.79771
1.84428
1.99252
1.85446
1.81724
2.01663
1.86789
1.883
1.78852
1.89737
1.70796
1.78588
1.86538
1.81757
1.88989
1.77574
1.92171
1.74278
1.83632
1.86225
1.74273
1.82987
1.92307
1.80854
1.75375
1.7154
1.86284
1.77339
1.77674
1.70429
1.70917
1.82517
1.97907
2.03658
1.86251
1.8704
1.77637
1.7362
1.88776
2.01071
1.76131
1.83219
1.99428
2.0027
1.78941
1.72758
1.89901
1.71113
1.86796
1.87578
1.84911
1.92713
1.7932
1.88887
1.7643
1.8471
1.89043
1.97185
1.79244
1.73405
1.85945
1.86274
1.95408
1.98276
1.72166
1.96692
1.88759
1.71303
1.88293
1.72313
1.84028
1.74739
1.82084
1.85577
1.75841
1.93338
1.92718
1.82239
1.87521
1.73485
1.82302
1.78663
1.80091
1.83009
2.04419
1.86289
1.80364
1.74434
1.75645
1.74791
1.87521
1.8492
1.82414
1.87568
1.86016
1.86947
2.01687
1.97332
1.89731
1.99382
1.74066
1.87285
1.93259
1.72487
1.92709
1.72386
1.87393
1.94589
1.86422
2.01066
1.85667
1.87545
1.84032
1.71008
1.8264
1.92201
1.72911
1.85966
1.86339
1.827
1.86859
1.77589
1.85859
1.91493
1.75073
1.91072
2.03372
1.71032
1.77699
1.71695
1.74658
1.81083
1.80002
1.70557
2.00271
1.73063
1.8441
1.78791
1.78211
1.84775
1.7139
2.00272
1.73905
1.71966
1.97726
1.84052
1.86574
1.75768
1.73168
1.71082
1.75277
1.87356
1.94407
1.88682
1.7261
2.00633
1.91288
2.0281
1.97009
1.72021
1.94824
1.95803
1.72054
1.86554
1.97631
1.92875
1.84242
1.91656
1.86487
1.74747
1.76525
1.74998
1.9788
1.72777
1.92367
1.71886
1.74865
1.77539
1.82585
1.74329
1.73142
1.89958
1.91829
1.89218
1.73407
1.72102
1.94844
1.75443
1.76181
1.75852
1.9642
1.94987
1.90185
1.83452
1.70629
1.99671
1.75887
1.84559
1.83354
1.86344
1.73459
1.71916
1.7767
2.02502
1.86613
1.94708
1.80391
1.85372
1.79341
2.01652
2.00933
1.78483
1.82511
1.72931
1.71154
1.83836
1.9344
1.79039
1.73785
1.82374
1.78926
1.86951
1.94275
2.01004
1.72119
1.8775
1.83737
1.97776
1.93225
1.77831
1.86344
1.79454
1.81092
1.70484
1.90837
1.89214
1.95635
1.98449
1.85419
1.77276
1.81395
2.01917
1.82469
1.91127
1.86994
1.84385
1.84203
1.81582
1.75158
2.01621
1.76962
1.70919
1.90991
2.0254
2.0268
2.03699
1.89126
1.73333
1.7714
1.77129
1.91939
1.86436
1.76106
2.00488
1.91851
1.94326
2.0273
1.78914
2.01717
1.9805
1.70993
1.75928
1.76865
1.88845
1.80681
1.88468
1.93877
1.9076
1.83686
1.97859
1.83778
1.74573
1.88969
1.93004
1.86957
1.78862
1.77155
1.74321
1.87595
1.75048
1.87413
1.70204
1.78126
1.95328
1.75794
2.0053
1.85391
1.8077
1.94609
1.76531
1.86336
1.84121
1.86924
1.78733
2.0046
1.82015
1.8879
1.71512
1.88682
1.81222
1.86143
1.71658
1.711
1.70382
2.00711
1.92149
1.84987
1.72088
1.96653
1.86078
1.98601
1.75139
1.86838
1.84431
1.77056
1.76505
1.87273
1.85015
1.93724
1.70903
1.7859
1.85151
1.87673
1.70966
1.75281
1.94582
1.70054
1.85974
1.91114
1.97969
1.9638
1.73419
1.80141
1.77758
1.72402
1.86248
1.83247
1.98964
1.79894
1.8842
1.94767
1.76045
1.80874
1.86124
1.70043
1.76588
1.87255
1.82768
1.96522
2.01531
1.78736
1.89443
1.73769
1.71479
1.70459
1.89716
1.78579
1.71579
1.86533
1.85142
1.79399
1.76458
1.75799
1.78941
1.87053
1.88495
1.87403
1.99693
1.85502
1.70646
1.87915
1.85055
1.95366
1.72245
1.70144
1.71154
1.78274
1.84924
1.85622
1.86793
1.7348
1.83764
1.87265
1.82198
2.04598
1.78121
1.95007
1.82868
1.73148
1.74058
1.87116
1.91233
2.02654
1.71223
1.72561
1.7468
1.9469
1.96427
1.83908
1.7462
1.86595
1.70018
1.8757
2.02549
1.7421
1.80278
1.82359
1.83327
1.71241
1.82882
1.73932
1.94445
1.86495
1.82372
1.77054
1.89073
1.84018
1.71592
1.9039
1.70307
1.79955
1.73027
1.92628
1.75865
1.86737
1.96298
1.90832
1.90384
1.86066
1.87055
2.00201
1.90379
1.83642
1.94326
1.7279
1.85622
1.93489
1.87513
1.9197
1.78202
1.74105
1.86674
1.75341
1.92459
1.88938
1.76627
1.99863
1.77931
1.82695
1.81943
1.72712
1.95864
1.86714
1.85565
1.85538
1.74194
1.77088
1.82661
1.75369
1.84134
1.82478
1.80869
1.7092
1.77362
1.90109
1.72914
1.76518
1.84227
1.72014
1.98896
1.78548
1.87145
1.9203
1.81954
1.74468
1.84128
1.70131
1.87181
1.94253
1.88044
2.04949
1.85291
1.71832
1.85313
1.76883
1.88195
1.97584
1.74269
1.84043
1.89052
1.76219
1.90244
1.75845
2.03976
1.72357
1.94909
1.77061
1.88327
1.83444
1.79748
1.70549
1.85161
1.74533
1.75423
2.01164
2.02608
1.89618
1.78277
2.01833
1.85067
1.81812
2.02854
2.04279
1.76223
1.70861
1.9754
1.86039
1.97846
1.87097
1.81022
1.79356
1.82416
1.70837
2.03441
1.70026
1.93114
2.0227
1.8133
1.76028
1.78348
1.70559
1.77752
1.73367
1.89868
1.74359
1.84286
1.79115
1.85555
1.96974
1.88185
1.83871
2.04358
1.77151
2.00907
1.80829
1.8464
1.86281
1.92824
2.01066
1.73119
1.78301
1.86107
1.9381
1.907
1.85674
1.73666
1.73065
1.87871
1.79625
1.98614
1.85301
1.8412
1.7887
1.88609
1.82852
1.86045
1.92378
1.93412
1.812
1.86553
1.80862
1.86492
1.81524
1.73015
1.75067
1.86567
1.86641
1.80761
2.0204
1.83455
1.77907
2.01629
1.74433
1.82354
1.87116
1.70542
1.77433
1.98408
1.94702
1.84316
1.85628
1.75971
1.70849
1.95209
1.77269
1.86064
1.87442
1.75219
1.84085
1.83976
2.00769
1.94506
1.82504
1.82116
1.98551
1.84246
1.74628
1.73832
1.85849
1.82802
1.74952
1.86725
1.81141
1.95681
1.75755
1.86124
1.95463
2.04558
1.82387
1.77244
2.02048
1.97974
1.85316
1.84506
1.85346
1.78068
2.00941
1.80071
1.71133
1.71297
1.87826
1.88267
2.0292
2.02408
2.00115
1.77412
1.85139
1.91906
1.98892
1.76708
1.83044
1.79595
1.77796
1.93543
1.82584
1.96329
1.86192
1.87535
1.70599
1.76157
1.8625
1.746
1.8013
1.75001
1.89786
1.73976
2.00768
1.86531
1.86594
1.8765
1.88861
1.9236
1.70309
1.73213
1.92711
2.01964
2.00649
2.03129
1.76193
1.77021
1.79684
1.97621
1.71272
1.71757
1.78343
1.81612
1.78223
1.88317
1.96017
1.76797
1.92942
1.77608
1.85921
1.82979
1.84923
1.83668
1.8258
1.73871
1.83445
1.93164
1.73445
1.71475
1.78759
1.83056
1.77808
1.8692
1.90624
1.95273
1.75701
1.72471
1.80264
1.71966
1.94746
1.84108
1.77973
1.82604
1.87404
1.81484
1.7823
1.7321
1.86513
1.86369
1.84951
1.96132
1.88032
1.85485
1.90798
1.97544
1.7901
1.84369
1.93098
1.73453
1.87831
1.9215
1.70329
1.99697
1.70424
2.00569
1.74968
2.01214
1.86555
1.8055
1.71651
1.8353
1.72287
1.79488
1.72713
1.87892
1.96096
1.85104
1.91714
1.74415
1.76561
2.02418
1.86749
1.88635
1.73026
1.88009
1.96133
2.0239
1.92949
1.75921
1.98066
2.00544
1.74271
1.87097
1.86876
1.81412
1.71233
1.93402
1.73674
1.96541
2.01766
1.95982
1.97539
2.03252
1.9429
1.72296
1.82314
1.7996
1.7461
1.78528
1.82013
1.97449
1.85949
1.82362
1.79102
1.96857
1.9296
1.75836
1.72206
1.88614
1.92975
1.93216
1.86335
1.84427
1.81021
1.70017
1.95892
1.87628
1.89723
1.70637
1.79686
1.87843
1.8892
1.79883
2.02932
1.7907
2.04202
1.80449
1.87913
1.76343
2.0397
1.94707
1.85261
1.84561
1.94243
1.83517
1.87893
1.83114
1.83102
1.77815
1.99529
1.86073
1.90692
1.81749
1.84998
1.80812
1.70843
1.93234
1.76788
1.92767
1.8743
2.04046
1.71856
1.72038
2.03656
2.04248
1.87456
1.91127
1.83475
2.03677
1.81555
1.87471
1.87807
1.76614
1.88442
1.90349
1.75889
1.76172
1.87328
1.84202
1.76602
1.89477
1.79358
1.86755
1.72429
1.8562
1.88795
1.70978
1.89939
1.85755
1.83381
1.7048
1.87227
1.89055
1.87006
1.79044
1.84573
1.85376
1.86609
1.71754
1.77183
1.72668
1.79119
1.86936
1.72255
1.86723
1.76313
1.86131
1.72924
1.9576
1.88148
1.71033
1.72433
1.74179
1.83111
1.73128
1.99124
1.91325
1.85155
1.86715
1.71959
1.90809
1.8511
1.72079
1.93986
2.04496
1.72553
1.71317
1.82026
1.83953
1.7279
1.75236
1.85309
1.88228
1.88646
1.73342
1.79006
1.86839
1.7872
1.97393
1.71822
1.7554
1.87056
1.86551
1.73651
1.7621
1.85582
1.96612
1.84251
1.71109
1.97257
2.04988
1.85801
1.77997
1.74558
1.71396
1.80309
1.92757
2.01298
1.72499
1.82118
1.79561
1.75146
1.75379
1.91202
1.81636
1.75274
2.03386
1.7313
2.0204
1.76056
1.88155
2.02766
1.76363
1.83944
1.87503
1.76148
1.75272
1.87136
1.83756
1.73744
1.81816
1.77669
1.74588
1.82621
1.95396
1.71404
1.80335
1.89787
1.72903
1.74323
1.93724
2.03758
1.71081
1.72177
1.76645
1.85967
1.8698
1.87455
1.78753
1.7693
1.7718
1.82201
2.04062
1.84566
1.86032
1.92043
1.80292
1.85992
1.7103
1.8002
1.78799
2.03785
1.72458
1.85479
1.87942
1.72641
1.86832
1.84202
1.92052
1.74195
1.8414
1.72026
1.9698
1.71732
1.85977
1.70709
1.86806
1.81477
1.72983
1.77756
1.87237
1.78885
1.78147
1.81478
1.90589
1.72617
1.83927
1.81693
1.79452
1.7857
2.01207
1.84017
1.82845
1.80417
1.74236
1.80418
1.96028
1.75765
1.73394
1.76311
1.71023
1.75315
1.79828
1.79697
1.82186
1.86436
1.96082
1.87378
1.70014
1.86022
2.01175
2.02496
1.81477
1.75061
1.84313
1.70596
1.78714
1.71149
1.70975
1.99292
1.87761
1.78752
1.8297
1.8675
1.85859
1.79058
1.89495
1.86255
1.73987
1.94424
1.72432
1.85377
1.71766
1.73702
1.83549
2.04455
1.87981
1.72183
1.84083
1.83172
1.88172
1.79848
1.86704
1.99061
1.80526
1.73461
1.80156
1.93973
1.84913
1.83345
1.96412
1.86638
1.82059
1.97933
1.74501
1.70432
1.93938
1.76051
1.99648
1.98802
1.80222
1.93713
1.8308
1.97306
1.7214
1.75107
1.77013
1.96835
1.80071
1.7678
1.86552
1.7162
1.75082
1.98461
1.95608
2.00285
1.91211
1.7274
1.75217
1.94155
1.86448
1.83214
1.81603
1.85686
1.86082
1.77735
1.74648
1.82293
1.71598
1.79555
1.82554
1.76229
1.94616
1.93537
1.80168
1.87027
1.94681
1.81961
1.89609
1.7966
1.90785
1.85484
1.96055
1.8691
1.8345
1.74943
1.73937
1.94569
1.88769
1.8068
1.72658
1.83463
1.92718
1.85009
1.79085
1.79664
1.75293
1.7959
1.73986
1.92117
1.93883
1.88796
1.93656
1.72898
1.77374
1.84328
1.80907
1.83473
1.81578
1.78881
1.82107
1.94237
1.93777
1.99874
1.84793
1.70349
1.86165
2.03227
1.78077
1.87591
1.74107
1.80486
1.98775
1.87375
1.86815
1.86498
1.81416
1.87797
1.71325
1.76296
1.98165
1.77214
2.00746
1.86204
1.78072
1.95686
1.80635
1.88492
1.80888
1.85567
1.94558
1.73392
1.74504
1.7531
1.97699
1.83144
1.77607
1.81547
1.86334
1.70985
1.77812
1.84262
1.72758
2.0243
1.92094
1.7764
1.81516
1.74012
1.70397
1.85627
1.93646
1.83078
1.85471
1.86566
1.79009
1.74265
1.96936
1.97516
1.79882
1.99919
1.75881
1.87713
1.7199
2.02879
2.02618
1.89483
1.93083
1.8633
1.75266
1.73019
1.81732
1.86522
1.84006
1.86968
1.79884
1.87672
1.86528
1.77829
1.75889
1.93275
2.01306
2.01562
1.88028
2.0165
1.77732
1.74913
1.84452
1.79213
2.00067
1.77039
1.9938
1.84177
1.8059
1.77287
1.83198
1.70355
1.92906
2.0227
1.86885
1.73967
1.85609
1.71785
1.85296
2.01078
1.71721
1.8721
1.84884
1.89098
1.82003
1.87303
1.80896
1.90592
1.76202
2.04338
1.74116
1.80452
2.01263
1.97973
1.89249
1.76865
1.93471
2.02482
2.02267
1.87815
1.82267
1.7774
1.92811
1.84834
1.82405
1.79128
1.73187
2.03695
1.87084
1.871
1.90448
1.718
1.794
1.81056
2.04023
1.91018
2.04588
1.85648
1.88958
1.84421
1.85303
2.02229
1.78102
1.86507
1.75959
1.93758
2.04059
1.83368
1.89606
1.78678
1.86411
1.86264
1.71602
1.7465
1.98168
2.03175
1.71229
1.72951
1.89644
1.71826
1.9562
1.96604
1.97354
1.97733
1.95922
1.87709
1.91783
1.74568
1.95678
1.97103
1.99694
1.77292
1.88011
1.93524
1.73933
1.83932
1.71734
1.87838
1.72249
1.8118
1.76218
1.80257
1.85046
1.92677
1.86152
1.85982
1.87973
1.71361
1.86789
1.7042
1.8128
1.85219
1.83713
1.91584
1.77283
1.98237
1.7507
2.02079
1.97766
1.77596
1.76755
1.73923
1.92801
1.88906
1.89451
1.81405
1.96367
1.77259
1.7063
1.95027
1.79082
1.79688
1.84852
1.78877
1.80254
2.01844
1.73223
1.74305
1.92384
1.8741
1.98391
1.70299
2.02828
1.81729
1.79121
1.94471
1.84474
1.73123
1.8539
1.86774
1.87575
2.01681
2.01486
1.8028
1.88736
1.95527
1.74663
1.94267
1.74754
1.89906
1.72665
1.80415
1.83994
1.82371
1.77541
1.92549
1.80009
1.83464
2.03634
1.77511
1.83092
1.89979
1.72047
1.88061
1.70083
1.87452
1.93845
1.71816
1.85387
2.03131
1.97379
1.94647
1.7082
1.94608
1.73152
1.78832
1.96322
1.87423
2.01682
1.79305
2.04188
1.82183
2.02516
1.73466
1.73527
1.99717
1.967
1.70727
1.84716
1.90462
1.83625
1.90184
1.75011
1.85732
1.89331
1.70479
1.75195
1.75991
1.75445
1.74499
1.91418
1.86645
1.84232
1.94326
1.93895
1.82009
1.86623
1.88453
2.0493
1.86735
1.78841
1.87753
1.73324
2.03508
1.79025
2.02348
1.76093
1.84635
1.73628
1.8651
1.76277
1.75336
1.95879
1.77321
1.74717
1.75372
1.88552
1.75749
1.75342
1.70708
1.71735
1.78309
1.80786
1.8689
1.81034
1.82292
1.92816
1.96157
1.8399
1.82144
1.73481
1.90063
1.7289
1.77529
1.7286
1.8988
1.72356
1.80677
1.95391
1.92881
1.76845
1.88201
1.90149
1.87633
1.74687
1.862
1.88359
1.85034
1.74835
2.02202
1.8703
1.71886
1.71466
1.77613
1.70348
1.87303
1.77454
1.96717
1.99621
1.76673
1.83692
1.88995
1.87091
1.93647
1.86638
1.7196
1.84483
1.70861
1.97178
1.79587
1.7353
1.8189
1.86589
1.76685
1.7006
1.85073
1.83723
1.83742
1.86456
2.01779
1.77249
1.91043
1.83627
1.86187
1.8922
1.7169
1.88323
1.86181
1.87511
1.82377
1.85624
2.01309
1.96738
1.72977
1.83508
1.81346
1.78705
1.97323
1.92406
1.74481
1.92555
1.82335
1.80473
1.72745
1.84747
2.03849
1.86353
1.83093
1.71258
1.7489
1.88624
1.87721
1.71026
1.73625
1.89248
1.87544
2.02401
1.70702
1.89037
1.70591
1.85847
1.7186
1.87722
2.02875
1.90364
1.85884
1.99606
1.72857
1.99887
1.96496
1.70881
2.02425
1.74489
1.83577
1.88996
1.8225
1.7828
1.73938
1.74881
1.7333
1.72992
1.9363
1.94385
1.85895
1.71713
1.72919
1.80042
1.77745
2.02539
1.71119
1.99665
1.88709
1.85943
1.87549
1.84651
1.87073
1.87915
1.99164
2.03536
1.78881
1.71133
1.77357
1.96133
1.8617
1.75843
1.85012
1.86284
1.95509
1.95303
1.71906
1.72601
1.7173
1.95977
1.84997
1.76247
1.90698
1.87679
1.71094
1.89593
1.88501
1.93794
1.89613
1.88387
1.76499
2.03102
1.71017
1.78713
1.80512
1.70094
1.85475
1.93211
2.04893
1.84175
1.82441
1.81879
2.02034
1.97173
1.8479
1.86356
2.03682
1.75266
1.93367
1.78714
1.73251
1.89436
1.70538
1.90802
1.87595
1.8475
1.87377
1.99218
1.85324
1.96633
1.89784
1.82736
1.8067
1.8161
1.87781
1.83872
1.8356
1.78935
1.99041
1.75066
1.84358
1.89381
1.81541
1.81919
1.71776
1.78302
1.77035
1.84132
1.89178
1.80477
2.02646
1.76743
1.72234
1.83023
1.78334
1.7652
1.95528
1.7777
1.89797
1.7574
1.83166
1.81384
1.84114
1.84471
1.74131
1.80616
1.70792
1.98132
1.93395
1.70512
1.82101
1.88471
1.74717
1.7461
1.76101
1.70571
1.91968
1.88274
1.87397
1.88927
1.91188
1.7123
1.70259
1.85347
1.88889
1.75915
1.92897
1.71808
1.89939
1.7749
1.98989
1.72079
1.75982
1.78145
1.75929
1.73279
1.77263
1.80228
1.84255
1.71071
1.95909
1.99091
1.85186
1.78894
1.86443
1.85793
1.73954
1.88388
1.75112
1.7115
1.8923
1.88051
1.71159
1.90807
1.82984
1.80961
1.77289
1.9272
1.95342
1.81657
1.74488
1.80905
1.84226
1.81008
1.74345
1.81974
1.97325
1.86834
1.7427
1.97871
1.78559
1.87371
1.86432
1.88815
1.99624
1.9485
1.8171
1.95701
1.94367
1.70341
1.74533
1.85492
1.85507
1.70099
1.72419
1.80077
2.009
1.83915
1.91676
1.87196
1.85609
1.86022
1.87028
1.94707
1.91323
1.71721
1.75858
1.94307
1.89293
1.9168
1.83123
1.70181
1.84891
1.85409
1.94094
2.00999
1.84377
1.87231
1.86195
1.86538
1.72284
1.88352
1.70105
1.79524
1.75096
1.84125
1.92364
1.72652
1.92969
1.96728
1.90027
1.86628
1.81029
1.94521
1.83459
1.79937
1.70813
1.93412
1.86804
1.83526
1.89152
1.86418
1.81124
1.78434
1.82332
1.74734
1.80238
1.74716
1.90939
1.70614
1.74093
1.72103
1.70002
1.73754
1.86428
1.72116
2.01295
1.77855
1.84818
1.83136
1.76577
1.87163
1.70388
1.87136
1.7861
1.84659
1.77205
1.70407
1.86789
1.88753
1.9043
1.77494
1.86013
1.88132
1.73189
1.70103
1.78278
1.78744
1.84295
1.84914
1.87377
1.83483
2.01203
1.8375
1.83841
1.76994
1.96764
1.70471
1.9322
1.79554
1.8825
1.82056
1.89639
1.8992
1.94801
1.79738
1.97532
1.74662
1.8617
1.75273
1.96095
1.70028
1.74904
1.76234
1.7664
1.75307
1.89776
1.87686
1.78798
1.90946
1.91913
1.88575
1.8721
1.87875
1.8694
1.86695
2.0302
1.93374
1.85766
1.92403
1.75623
1.86172
1.85321
2.04653
1.87812
1.71908
1.79002
1.86989
1.88866
1.70193
1.87876
1.85025
1.99535
1.91373
1.74744
1.90527
2.00984
1.77415
1.74881
1.85223
1.75634
1.89691
1.72419
1.71904
1.94437
1.84882
1.86082
1.95531
2.04947
1.89697
1.82194
1.70829
1.99009
1.70949
2.01347
1.87493
1.74407
1.75898
1.89165
1.8395
1.78317
1.84617
1.99122
1.96517
1.77867
1.81286
1.73751
1.77293
1.70896
1.7887
1.97134
1.94289
2.01256
1.97869
1.88306
1.89914
1.79912
1.79417
2.01434
1.90684
1.78778
1.77263
1.98817
1.81456
1.77207
2.04203
1.88695
1.93825
1.85533
1.73601
1.85999
1.86321
1.8756
1.97179
1.8629
1.88753
1.88176
1.88531
1.81009
1.8095
1.95552
1.89488
1.76559
1.74303
1.90652
1.99357
1.9374
1.85704
2.03248
1.70032
1.85488
1.87718
1.95762
1.84044
1.71035
1.78935
1.8744
1.79674
1.79271
1.88897
1.95578
2.01225
1.87171
1.87951
1.83801
1.71822
1.7792
1.73305
1.77223
1.7669
1.76838
1.98594
1.91543
1.76838
1.7533
1.7553
1.74968
1.89088
1.75878
1.79582
1.95835
1.99658
1.96597
1.743
1.71937
1.98628
1.87098
1.83218
1.95101
1.95647
1.7234
1.84922
1.84889
1.81134
1.89726
1.81286
1.76025
1.97711
1.86824
1.97426
1.77359
1.93812
1.88454
2.01222
1.88752
1.93314
1.70963
1.77428
1.78766
1.86635
2.04214
1.85414
1.73235
1.85454
1.89718
1.85644
1.98893
1.71002
1.85878
1.8968
1.95859
1.72771
1.76665
1.73793
1.86539
1.93297
1.81696
1.85954
2.04912
1.80456
1.73296
1.74994
1.78989
1.85538
1.75669
1.88198
1.97913
1.94856
1.80176
1.87976
1.89936
1.8934
1.78986
1.86839
1.91103
1.77506
1.76202
1.81119
1.84333
1.78621
1.71333
2.04285
1.94669
1.84051
1.79425
1.81595
1.79845
1.94611
1.87994
1.75282
1.70447
1.73352
1.8366
1.86127
1.72209
1.85431
1.85204
1.71241
1.78951
1.71866
1.86756
1.83793
1.74931
1.81334
1.75809
1.79581
1.73673
1.71878
1.87189
1.97945
1.84395
1.76924
1.80764
1.79529
2.02421
1.91715
1.86537
1.75243
1.89921
1.81784
1.88162
1.82133
1.87391
1.71059
2.01999
1.82588
1.98741
1.76102
1.83095
1.83745
1.95556
1.94671
1.99389
1.71171
1.72359
1.70888
1.8483
1.74394
1.77537
1.85728
1.80473
1.95854
1.82469
1.74629
1.9783
1.79037
1.93356
1.85791
1.70037
1.81626
1.92311
1.84304
1.78603
1.73057
1.93104
1.84055
1.86246
2.02867
2.00955
1.87821
1.86094
1.87593
1.86041
1.84517
1.95104
1.72966
1.74947
1.77073
1.70962
1.76993
1.90433
1.81003
1.87872
1.77378
1.85898
1.70289
1.76176
1.85646
1.83291
1.76947
1.93133
1.86192
1.87978
1.74744
1.8436
1.78899
1.89558
1.72916
1.89553
1.72058
1.79437
2.01064
1.83968
1.91081
1.87323
1.93787
1.97781
1.80436
1.85245
1.74464
1.96775
2.00021
1.90966
1.75542
2.00071
1.77846
1.70805
1.85059
1.70121
1.71412
1.73229
1.86426
1.77316
1.91399
1.87353
1.73101
1.98987
1.91134
1.91236
1.88941
1.74264
1.93583
1.75426
1.9651
1.89946
1.92934
1.76563
2.0321
1.73343
2.0406
1.7619
1.80281
1.70936
1.85378
1.90962
1.99369
1.75671
1.71445
1.99847
1.75263
1.70248
2.04715
1.96603
1.8498
1.77101
2.00359
1.84626
1.87783
1.8739
1.79585
1.75983
1.86018
1.92751
2.00271
1.85004
1.98313
1.74706
1.86333
1.83385
1.88108
1.96795
1.70464
1.74253
1.76429
2.02963
1.73812
1.85162
1.87126
1.7637
1.70852
1.85492
1.87075
1.89794
1.74266
2.04802
1.98443
1.86659
1.86119
1.83579
2.04871
1.72124
1.90891
2.01344
1.8733
1.72989
1.83977
1.85884
1.97996
1.98444
2.01047
2.01307
1.76193
1.71553
2.03499
1.91105
1.8642
2.0498
1.8325
1.95888
1.86799
1.71748
1.94409
1.88591
1.86495
1.89583
1.92252
1.85086
1.8138
1.86492
1.90217
1.87099
1.80144
1.88077
1.91115
1.86058
1.72508
1.97791
1.76194
1.777
1.74631
1.95334
1.85719
1.79901
1.8537
1.99477
1.70855
2.01126
1.88821
1.87436
1.84285
1.77573
1.73343
1.92644
1.91975
1.88708
1.85202
1.87445
2.0098
1.91594
1.75656
1.74601
1.91065
1.89643
2.02192
1.75298
1.96109
1.86811
1.83029
1.73448
1.76918
1.70776
1.95263
1.80435
1.70892
1.80846
1.8624
1.81643
1.85065
1.75113
1.72525
1.75464
1.8451
2.02462
1.88992
1.70437
1.76139
1.91073
1.85201
1.94265
1.86335
1.75197
1.95321
2.03743
1.9462
1.86379
1.81411
1.70582
1.9261
1.87297
1.70579
1.72896
1.74679
2.0049
2.01145
1.9591
1.77398
1.83216
1.848
1.8778
1.81278
1.87014
1.95926
1.86876
1.92962
1.80165
1.85585
1.87589
1.87166
1.90412
1.70764
1.88984
1.70314
1.81928
1.70432
1.92525
2.00859
1.87572
1.71956
1.79727
1.87296
1.89535
1.92997
1.76629
1.97045
1.76988
1.85563
1.96371
1.76309
1.87408
1.75824
1.97682
1.98363
1.79199
1.84643
1.7328
1.73162
1.80437
1.88762
1.85893
1.93793
1.97242
1.72434
1.92023
1.74906
1.75268
1.90369
1.96525
1.83825
1.81568
1.73822
1.90092
1.94379
2.02986
1.72506
1.86961
1.965
1.80251
1.91616
1.87512
1.73533
1.71102
1.70639
1.99049
1.89177
1.91234
1.80216
1.73895
1.75263
1.93391
1.82233
1.70264
1.94376
1.9691
1.82075
2.00162
1.9491
1.86739
1.8911
1.73775
1.72294
2.01492
1.79907
1.84705
2.01665
1.70798
1.87069
1.87097
2.00716
1.79468
1.75196
1.85326
1.82222
1.92868
1.73045
1.76242
1.9097
1.74585
1.85198
1.76902
1.79072
1.79805
1.72887
1.81474
1.72146
1.94694
1.70977
1.77812
1.74155
1.85337
1.79033
1.75597
1.97164
1.77995
1.86972
1.74072
1.95613
1.77908
1.7222
1.70235
1.92267
1.78649
1.74705
1.873
1.70505
1.77933
1.88981
1.86297
1.74785
1.87745
1.87013
1.82436
1.77199
1.89366
1.77418
1.80224
1.85272
1.70372
1.87237
1.73574
1.81858
1.931
1.89168
1.72516
1.7443
1.93871
1.83755
1.88046
1.90466
1.83218
1.95571
1.80362
2.02722
1.93221
1.93907
1.88444
1.89971
2.02548
1.72876
1.74077
1.9135
1.72889
1.88386
1.73868
1.71354
1.83403
1.81904
1.78317
1.81065
2.02231
1.94872
1.97649
1.80317
1.78921
1.74026
2.01665
1.83309
1.83752
1.70251
1.71899
1.81635
2.01
2.02249
1.79547
1.70008
1.89545
1.9793
1.75989
1.73542
1.76575
1.80667
1.91242
2.01129
1.74678
1.87851
1.75661
1.7997
1.77994
1.87636
1.72846
1.98338
1.7683
1.86179
1.78712
1.80315
1.80092
1.74787
1.9494
1.78898
2.00263
1.82029
1.8678
2.01328
1.80727
1.83846
1.83601
1.814
1.85102
1.8496
1.7036
1.98791
1.88134
1.876
1.94993
1.99874
1.96625
1.74428
1.79147
1.70522
1.74214
1.78036
1.84304
1.73834
1.87962
1.96747
2.03948
1.9257
1.9905
1.74905
1.88794
1.87316
1.71419
1.87256
1.82722
1.7731
1.78606
1.79179
1.72454
1.85579
1.74224
1.84219
1.89592
1.94378
1.71322
1.88202
1.71685
2.00136
1.74285
1.71053
1.89795
1.78983
2.04823
1.82148
1.80368
1.77025
1.8441
2.03972
1.79663
1.88954
1.75091
1.99447
1.77643
1.93397
1.90658
1.76441
1.8765
1.76067
1.70489
1.90661
1.9498
1.77452
1.80159
1.80369
1.96673
1.72694
1.9893
1.7716
1.76326
1.78602
1.96479
1.73864
1.75991
1.79593
1.87075
1.90412
1.95007
1.90594
1.85312
1.7311
1.73337
1.98623
1.89131
1.70815
1.81086
1.90937
1.87169
1.95542
1.71633
1.81056
1.87378
1.77628
1.87055
1.78361
1.89984
1.77363
1.87801
1.71856
1.75598
1.70715
1.8126
1.83023
1.94436
1.78149
1.85596
2.0389
1.77072
1.73309
1.76827
1.85164
1.7723
1.73813
1.90746
1.88028
1.83201
1.84728
1.88121
1.75198
1.93784
1.89549
1.80328
1.76817
1.93149
2.03703
1.70045
2.04417
2.0379
1.70919
1.85286
1.93577
1.8107
1.937
1.71014
1.73688
1.86537
1.77827
1.86314
1.87048
1.71688
2.03805
1.85467
2.01117
1.79688
1.82879
1.86551
1.8394
2.03334
1.87009
2.03958
1.87021
1.87708
1.72399
1.85908
1.8666
2.04296
1.75412
1.91451
1.70578
1.99895
1.78451
1.95422
1.70338
1.73541
1.74384
1.81503
1.87898
1.85751
1.71671
1.72669
1.75971
1.91134
1.77692
1.88939
1.74344
1.80508
1.77
1.80503
1.93726
1.78134
1.86621
1.77652
1.86901
1.96649
1.71229
1.76048
1.86371
1.85342
1.83783
1.8835
1.79077
1.76346
1.99877
1.82226
1.86041
1.79252
1.86501
1.74435
1.77454
1.91607
2.0353
1.99371
1.74452
1.81586
1.90618
1.7111
1.95048
1.89975
1.84336
1.80461
1.95322
1.84683
1.86054
1.76063
1.72917
1.84909
1.75555
1.70417
1.77678
1.7048
1.77236
1.75747
1.70199
2.00068
1.73413
2.04224
1.7799
1.70276
1.73322
1.76436
1.95811
1.83471
1.95102
1.905
1.99219
1.83851
1.74132
1.79112
1.71057
1.94563
1.70106
1.99208
1.86349
1.78729
1.89175
1.86944
1.7564
1.71957
1.87528
1.72401
1.71578
1.73971
1.74465
1.81987
1.74004
1.90167
2.01191
1.8555
1.80048
2.01537
1.77347
1.92493
1.95824
1.8571
1.96754
1.7412
1.9581
1.75628
1.93502
1.96782
1.71133
1.8661
1.77263
1.83617
1.75763
1.84267
1.7097
1.78157
1.84572
1.73273
1.74776
1.79057
1.90319
1.88303
1.94864
1.86046
1.8425
1.73559
1.92002
1.7309
1.72454
1.79161
1.97394
1.7354
1.98712
1.98276
1.95166
1.8395
2.0407
1.72858
1.86419
1.94248
2.03717
1.99328
1.92568
1.76665
1.81397
1.84162
1.88066
1.99072
2.01016
1.85901
2.00524
1.85535
1.764
1.83063
1.75
1.80159
1.78199
1.84834
1.70185
1.86191
1.85789
1.78653
1.74075
1.86117
1.79243
1.81641
1.99827
2.0131
1.80926
1.86232
1.74522
1.97827
1.71733
1.81331
1.77402
1.79843
1.88976
1.96018
1.87758
1.82518
1.81092
1.76604
1.70354
1.70381
1.93765
1.89683
1.75078
1.73623
1.70527
1.90183
1.77708
1.96229
1.7296
1.91824
1.75046
1.76076
1.75841
1.78145
1.70802
2.00756
1.87976
1.75768
1.71235
1.72989
1.76973
1.74215
1.89767
1.72363
1.80578
1.88308
1.89095
1.7478
1.84655
1.89522
1.90662
1.98452
1.97776
1.79773
1.74328
1.85266
1.88875
1.74698
1.97226
2.03897
1.73054
1.7045
1.98517
1.8594
1.81226
1.92071
1.73123
2.04416
1.77292
2.01358
1.91839
1.78107
2.01374
1.72338
1.73618
2.00747
1.85231
1.7255
1.84345
1.97564
1.90535
1.83387
1.84515
1.87937
1.84492
1.8207
2.00899
1.9045
1.87963
1.76009
1.77577
1.72467
1.80943
1.77673
2.04598
1.99899
1.71802
1.90171
1.8895
1.80353
1.75216
1.82694
1.79381
1.99188
1.95691
1.79175
1.81934
1.89413
1.85202
1.71081
1.81729
1.75516
1.86538
1.98375
1.70506
1.82305
1.92877
1.92105
1.88317
1.89836
1.92029
1.84518
1.81764
1.8336
1.87404
1.94266
1.74015
1.70134
1.85807
1.77318
1.89448
1.72525
1.76381
1.93773
1.99719
1.96213
1.77579
2.04311
1.74725
1.84463
1.72833
1.97567
1.90756
1.94722
1.96934
1.88879
2.02697
1.96372
1.77359
1.79659
1.86609
1.81687
1.87982
1.77882
1.82847
1.83287
1.88791
1.98326
1.99185
1.92679
1.73028
1.78069
2.03042
1.89261
2.02316
2.03949
1.74523
1.71487
1.86573
1.90557
1.88161
1.90179
1.76209
1.96974
1.71246
1.85268
1.78821
1.93788
1.73839
1.71291
1.92399
1.77914
1.76955
1.86637
1.96871
1.88794
1.77103
1.92428
1.72593
1.89157
1.89222
1.93297
1.70587
1.83416
1.70342
1.76361
1.99153
1.72738
1.87095
1.8853
1.89142
1.8062
1.87637
1.8647
1.78024
1.94224
1.90201
1.90629
1.73457
1.8358
1.71968
1.98845
1.91742
1.7697
1.74854
1.82678
1.88977
1.7847
1.84498
1.80381
1.85254
1.92107
2.0207
1.74695
1.86743
1.81
1.82317
1.80496
1.97452
1.79998
1.87388
1.94154
1.74452
1.73702
1.92355
1.72711
1.83897
1.82496
1.71099
1.85855
1.75055
1.75725
1.78034
1.7084
1.70601
1.82471
1.71856
1.82939
1.95414
1.96049
1.74295
1.97923
1.93662
2.02118
1.98097
1.90625
1.93792
2.03522
1.7283
1.73418
1.91374
1.94791
1.71633
1.89753
2.03595
2.01446
1.79812
1.88209
1.89995
1.71293
1.87728
1.94406
1.82394
1.87343
1.83237
1.75188
1.85275
1.84923
1.72452
1.96482
1.89475
1.78877
1.77502
1.8526
1.76392
1.73367
1.93151
1.73953
1.80786
1.86068
2.00159
1.92321
1.83825
1.9217
1.81469
1.83924
1.85848
1.91957
1.82032
1.79933
1.88567
1.85295
1.84013
1.99029
1.78583
1.94688
1.83923
1.95112
1.85688
1.91118
1.84686
1.7594
1.89683
1.74544
1.88585
2.00374
1.70752
1.7687
1.80541
1.90603
1.85674
1.8595
1.97639
1.70864
1.89949
1.82101
1.96269
2.04694
1.82034
1.75045
1.81192
1.71704
1.8845
1.79642
1.88157
1.86486
1.96055
1.85812
1.96928
1.76599
1.91308
2.02849
2.00826
1.8317
1.77343
1.7254
1.92331
1.71428
1.84265
1.84119
1.83451
1.86248
1.83843
1.85256
1.72573
1.94972
2.00996
1.90905
1.76451
1.72727
1.70735
1.95854
1.77943
1.72502
1.93789
1.86611
1.86253
1.96526
1.79147
1.80616
1.99261
1.94237
1.7547
1.75902
1.71888
1.81498
1.71705
1.7606
1.90362
1.73852
1.72829
1.91909
1.72689
1.86939
1.70392
1.86759
1.85759
1.70725
1.90455
1.84349
1.82354
1.73008
1.85285
1.73298
1.87248
1.80012
1.80623
1.71733
1.79063
1.80169
1.70496
1.87492
1.74245
1.83582
1.78823
1.94013
1.77261
1.70031
2.04275
1.86068
1.81309
1.76698
1.76768
1.73917
1.70828
1.87218
1.81688
1.85314
1.82142
1.79206
1.92339
1.90849
1.73754
1.837
1.82832
1.70388
1.74975
1.80219
1.78771
1.853
1.81405
1.86573
1.80502
1.83412
2.02559
1.74019
1.90912
1.87948
1.99861
1.70276
1.80415
1.71325
1.89073
1.86551
1.78021
1.74059
1.73547
1.77305
1.98615
1.84822
1.846
2.02479
1.81546
1.7185
1.76934
1.9877
1.95924
1.89946
1.80705
1.83362
1.88156
1.86887
1.7076
1.86475
1.84785
2.00856
1.87876
1.79789
2.04735
1.71084
1.76431
1.89481
1.95517
1.71157
1.7165
1.85628
1.79623
1.91436
1.86936
1.81918
1.9373
1.85719
1.80979
1.9166
1.74969
1.8376
1.99063
1.77222
1.82765
1.92209
1.71753
1.87718
1.83281
1.7107
1.77347
1.76674
1.96081
1.80939
1.72363
1.80973
1.87537
1.72635
1.97325
1.8623
1.89913
1.84602
1.86757
1.83716
1.78307
1.75676
1.73291
1.73166
1.96665
1.91296
1.83754
1.92587
1.90329
1.78435
1.87774
1.9439
1.8296
1.71456
1.83649
1.7278
1.77855
1.73706
1.71252
1.71829
1.96699
1.71935
2.03565
2.00658
1.87609
1.90104
1.81969
1.80948
1.92768
1.99639
1.8152
1.92742
1.82516
1.99979
1.9666
1.88246
1.9916
1.76236
1.74444
1.98494
1.72001
1.84191
1.86532
1.93246
1.85234
1.76083
1.82427
1.803
1.85571
1.81397
1.93118
1.85576
1.70075
1.93015
1.86546
1.92056
1.97534
1.74667
1.99189
1.71212
1.71778
1.70197
1.95961
1.80272
1.81324
1.98467
2.04504
1.94478
1.79928
1.87906
1.78988
1.88538
1.74939
1.86716
1.84611
2.02636
1.87632
1.80352
1.72846
1.72177
1.73542
1.90789
1.75094
1.72421
1.85517
1.894
1.74133
1.74845
1.78105
1.86303
1.85088
1.98523
1.85426
1.75595
1.72693
1.78609
1.71741
1.7001
1.73551
1.85529
1.91838
1.81592
1.83594
1.84946
1.75965
1.9488
1.78863
2.03009
1.90601
1.75057
1.87327
1.86009
1.80145
1.83852
2.0268
1.84868
1.71552
1.93368
1.92971
1.7829
1.80716
1.96338
1.77707
1.89563
1.83768
1.85912
1.86267
1.82404
1.79301
1.78424
1.85701
1.87624
1.75529
1.73232
1.94877
1.81068
1.70213
1.88516
1.73903
1.86137
1.73695
2.03003
1.86695
2.01918
1.71633
1.8581
1.73224
1.72617
1.8625
1.87563
2.00513
1.77778
1.99314
1.864
1.89192
1.74746
1.82909
1.7748
1.84613
1.88228
1.71626
1.81145
1.9673
1.70777
2.04264
1.98289
2.0178
1.90752
1.72139
1.86724
2.00983
1.81274
1.93406
1.74513
1.78251
1.77647
1.85536
1.87864
1.75934
1.86092
1.85752
1.90992
1.94544
1.79571
1.86542
1.95368
1.88576
1.79476
1.7913
1.91269
1.81831
1.95073
1.80839
1.78296
1.86378
1.77212
1.7047
1.89868
1.83657
1.73158
1.78219
1.72948
1.78663
1.81462
1.71779
1.83705
1.88547
1.84787
1.78562
1.93931
1.86537
1.72577
2.01571
1.76141
2.0135
1.9204
1.95699
1.73168
1.85812
1.76995
1.85533
1.73277
1.8524
1.77624
1.80033
1.87017
2.006
1.72649
1.74974
1.82309
1.7136
1.87224
1.75837
1.86729
1.96322
1.94332
1.96181
1.73138
1.84199
1.76565
1.86522
1.84455
1.97459
1.7192
1.95154
1.8016
1.76428
1.7894
1.78746
1.73608
1.75764
1.86163
1.7565
1.77625
1.80695
1.97197
1.9349
1.98309
1.90482
1.74929
1.89601
1.95442
1.87894
1.79268
2.03739
1.7079
1.90071
1.70535
1.78725
1.75347
1.96838
1.82768
1.82371
1.84045
1.87402
1.78859
1.86926
1.78517
1.96407
1.79267
1.85051
1.70311
1.86475
1.7549
1.71437
1.75891
1.85991
1.98814
1.94846
1.70304
1.79458
1.72485
1.70669
1.81546
1.71892
1.73866
1.74945
1.79321
1.84624
1.88131
1.72477
1.85912
1.77353
1.86588
1.72718
1.71208
1.73866
1.84016
2.00513
1.86021
1.98784
1.92699
1.86334
1.88689
1.92802
1.82758
1.77535
1.70435
1.86778
1.8813
2.02297
1.82648
1.97859
2.03291
1.9221
1.85893
1.96643
1.74003
1.88689
2.0231
1.79677
1.75818
1.84429
1.94349
1.80487
1.74143
1.75345
1.88459
1.77669
1.84502
1.84602
1.70278
1.79675
1.85904
1.74462
1.91346
1.77166
1.87995
2.02161
1.73567
1.76105
1.87765
1.82354
1.88311
1.76306
1.70543
1.91461
1.7407
1.94548
1.8696
1.879
1.82294
1.83788
1.97976
1.79842
1.84335
1.71027
1.89041
1.79985
1.72325
1.7404
1.78142
1.94356
1.74729
2.01051
1.91256
1.71426
1.87061
1.72098
1.75153
1.97782
1.73984
1.87333
1.70564
1.75348
1.88532
1.70513
1.92621
1.715
1.73723
1.82969
1.89613
1.78974
1.72446
1.70946
1.74181
1.81729
1.79646
2.01513
1.71177
1.83858
2.00506
1.87117
1.89001
1.85551
1.88243
1.85001
1.75787
1.73503
1.73451
1.72735
1.91207
1.98707
1.77052
2.03963
1.8535
1.96365
1.86523
1.76514
1.89815
1.72712
1.75481
1.79969
1.75978
1.83798
1.76904
1.84448
1.92201
1.88275
1.87749
1.87956
1.75668
1.95918
1.85219
1.76416
2.0463
1.7888
1.83753
1.74231
1.7142
1.83358
1.90375
1.82005
1.94991
1.77841
2.00623
1.87803
1.88225
1.87324
1.71555
2.00624
1.79314
1.87238
1.82438
1.83767
1.82432
1.81664
2.04637
1.76685
1.84782
1.88987
1.86598
1.87284
1.71388
1.79891
1.79031
1.98732
1.81266
1.70284
1.85359
1.737
1.89366
1.78989
1.82834
1.9425
1.91993
1.7396
1.91129
1.74223
1.87402
1.82831
1.80033
1.89657
1.77584
1.98416
1.7568
1.86595
1.72504
1.78083
1.99635
1.87557
1.75908
1.88392
1.80563
2.0155
2.04467
1.84556
1.81597
1.83646
1.88745
1.76485
1.85519
1.87553
1.84423
1.86848
1.74418
1.87761
2.008
1.96376
1.86983
1.9834
1.78962
1.80442
1.9977
1.86415
2.00861
1.73004
1.8553
1.71662
1.99273
2.01492
2.04742
2.01842
2.02616
1.87388
1.75705
1.98872
1.70976
1.70995
1.73502
1.8298
1.79506
1.76756
1.99627
1.84873
1.83118
1.81282
1.70416
1.71011
1.82376
1.83533
1.87232
1.8377
1.76901
1.85241
1.87302
1.74088
1.73736
1.96457
1.70845
1.98272
1.87381
1.85207
1.75297
1.7508
1.7009
1.90537
1.87254
1.83011
1.85976
1.72151
1.98947
1.98547
1.86509
1.9591
1.86566
1.9697
1.98915
1.7827
1.89338
1.76177
1.74126
1.95882
1.72857
1.9347
1.74707
1.7402
1.8739
2.04816
1.8605
1.80945
1.70323
1.87454
1.80332
1.83749
1.88617
2.03763
2.00462
1.86243
1.78399
2.00984
1.8004
1.76452
2.01195
1.89734
1.84659
1.7919
1.86207
1.82475
1.95948
1.95204
1.76362
1.711
1.77434
1.73028
1.84649
1.75718
1.89702
2.04283
1.94276
2.00032
1.82583
1.83611
1.81597
1.96533
1.73092
1.7992
1.91256
2.00257
2.03245
1.77488
1.86027
1.85289
1.77374
1.99904
1.86505
1.86415
1.79552
1.88856
1.94033
1.8854
1.93547
1.80942
1.80733
1.90585
1.80219
1.85565
1.93625
1.93055
1.81715
1.86289
1.78604
1.82666
1.74527
1.72731
1.70772
1.75769
1.76893
1.82946
1.80819
1.81921
2.00024
1.75967
1.85005
1.97411
1.85876
1.88147
1.71421
1.86129
1.7478
1.88457
1.90693
1.92098
1.95531
1.86827
1.8381
1.8634
1.77856
1.98764
1.76773
1.95493
1.8021
1.76442
1.74045
1.70118
1.71652
1.899
1.84312
2.02762
1.79571
1.84265
1.92829
1.78726
1.84568
1.90619
2.00858
1.83314
1.90275
1.83249
1.94226
1.85106
1.72011
1.86921
1.88036
1.8141
1.8596
1.87753
1.83984
1.77038
1.86995
1.79019
1.78125
1.98967
1.73692
1.87753
1.99134
1.8531
1.84907
1.85153
1.76538
1.84372
1.83105
1.89045
2.04774
1.88064
1.98666
1.96001
1.87602
1.72428
1.86437
1.78121
1.99044
1.86034
1.72599
1.77225
1.75463
1.75233
1.71657
1.7454
1.93996
1.72111
1.70971
1.90213
1.75928
1.78078
1.8668
1.75646
1.96928
1.76308
1.97863
1.86966
1.96059
1.85628
1.80346
1.99696
1.78023
1.72669
1.89814
1.81877
1.86503
1.8475
1.72288
1.76202
1.7025
2.04416
1.8499
1.94721
1.75303
1.80788
1.7922
1.88379
1.73609
2.01842
1.76132
1.71327
1.8872
1.7377
1.84818
1.88396
1.91964
1.88331
1.8763
1.92522
1.82728
1.85755
1.9304
1.87207
1.74287
1.86386
1.73196
1.97719
1.73736
1.74713
1.92027
1.83563
1.80392
2.04471
1.70237
1.8032
1.85956
1.79641
1.86873
1.73384
1.70492
1.76625
1.75797
1.87568
1.90622
1.8591
1.82588
1.93235
1.8685
1.87113
1.91482
1.81078
1.82871
1.76659
1.89555
1.71316
2.02866
1.91684
1.99245
1.85255
2.03815
1.97928
1.85379
1.90777
1.74929
1.87367
2.01204
1.74554
1.73267
1.89638
1.83068
1.75547
1.84129
1.76638
1.75125
1.85149
1.85654
1.83524
1.87531
1.97579
1.96459
1.76738
1.87378
1.81039
2.0493
1.7428
1.74165
1.75599
1.73042
2.01093
1.82143
1.77775
1.73815
1.82189
1.77458
1.85151
1.87828
1.72805
1.92333
2.0312
1.72332
1.85053
1.84895
1.82307
1.86321
1.98487
1.9578
1.83491
2.01957
1.88511
1.79741
1.78681
1.74927
1.87638
1.92337
1.74068
1.77863
1.76304
2.04047
1.8701
1.83113
2.00328
1.93367
1.83952
1.7929
1.70003
1.83149
1.98831
1.84163
1.84025
1.88103
1.74343
1.91167
1.8544
1.91433
1.86565
2.02469
1.82142
1.86187
2.00277
2.0314
1.88531
1.88787
1.8034
1.88731
1.85605
1.86406
1.75125
1.7381
1.92803
1.90255
1.95227
1.94217
1.80599
1.94407
1.87885
1.77588
1.8099
1.86926
1.82287
2.03935
1.86023
1.90619
1.7806
1.73379
1.8295
1.87986
1.70595
1.70667
1.86751
1.73827
1.92244
1.73798
1.74838
1.95907
1.89852
1.81409
1.92825
1.77423
1.79672
1.74471
1.85433
1.70006
2.02063
1.9965
1.7175
1.91879
1.78505
1.85076
2.01674
1.70473
1.88622
1.91183
1.79093
1.78743
1.86831
1.96948
1.81685
1.74424
1.87679
1.90798
1.82139
1.77206
1.72698
1.77172
1.86735
1.77887
1.79072
1.87538
1.90119
1.93537
2.02055
1.93461
1.70506
1.77572
1.70423
1.8535
1.86877
1.80313
2.02725
1.84938
1.88007
1.788
1.87414
1.86102
2.01076
1.76242
1.8605
1.88986
1.73106
1.71535
1.71736
1.92255
1.75186
1.75757
1.97292
1.70185
1.86151
1.78529
1.721
1.86677
1.80257
1.70494
1.79844
1.96401
1.7841
1.88906
1.77097
1.73319
1.76205
1.99577
1.71296
2.0302
1.8082
1.77915
1.76585
1.89829
1.83419
2.03557
1.88123
1.8715
1.97989
1.74607
1.73419
1.86651
1.80196
1.81943
1.93629
1.86796
1.83835
1.89447
1.7718
1.87147
1.93823
1.77093
2.00912
1.80599
1.76082
1.77582
1.94464
1.74275
2.01024
1.86054
1.83247
1.72703
1.76609
1.97535
1.75204
1.72061
1.86795
1.88593
1.84651
1.76778
1.79838
1.88566
1.87329
1.93671
1.95635
1.82449
1.78879
1.71379
1.96992
1.7588
1.8686
1.80513
1.71533
1.8769
1.88808
1.91174
1.74087
1.81134
1.99848
1.95114
1.71015
1.79327
1.87116
1.737
1.87181
1.86436
1.88692
1.8698
1.80069
1.87305
2.03809
1.76137
1.81702
1.86817
1.73401
1.77173
1.90788
2.03801
1.79747
1.76435
1.84636
1.91275
2.03808
1.73167
1.9109
1.70709
1.76879
2.03489
1.72593
1.71689
1.83169
1.96797
1.78123
1.91328
1.81434
2.00829
1.80487
2.01201
1.75623
1.78873
1.87918
1.79094
1.87743
1.76008
1.9591
1.84073
1.70441
1.83388
1.84515
1.82583
1.78258
1.7051
1.82734
1.79741
1.86286
1.7266
1.94873
1.78524
1.76228
1.9407
1.85829
1.78414
1.79373
1.72704
1.78942
1.9752
1.89707
1.74167
1.79992
1.99665
1.90197
1.71435
1.80828
1.87048
2.00006
1.77191
1.79444
1.89846
1.70622
1.71356
1.70653
1.86964
1.87693
1.91889
1.74851
2.00467
1.78098
1.85856
1.90262
1.77583
1.97969
1.8612
1.74708
1.73678
1.84457
1.92174
1.79292
1.91181
1.73622
1.75255
1.91453
1.72186
1.87313
1.70504
1.87785
1.95955
1.85813
1.83109
1.7097
1.70847
1.91322
1.92075
1.72824
1.88478
1.86514
1.72574
1.77769
1.83915
1.72412
1.76036
1.74843
1.95433
1.90965
1.94088
1.83487
1.7746
1.83729
1.74593
1.91632
1.85434
1.85082
1.87997
1.76068
1.95044
1.71506
2.01128
1.70229
1.8813
1.85679
1.93747
1.89659
1.94451
1.85287
1.72496
1.80034
1.86437
1.86417
2.02602
1.85627
1.86953
1.7562
1.7968
1.79991
1.75584
1.86315
1.76444
1.77603
1.98012
1.87938
1.86132
1.71071
1.79764
1.89663
1.87695
1.86201
1.87071
1.8739
2.03343
1.80849
1.72396
1.87466
1.81557
1.77234
1.77519
1.73772
1.80196
1.88878
1.74546
1.93597
1.82082
1.87226
1.84753
1.85556
1.71795
1.73129
1.7456
1.80088
1.88642
1.85141
1.9999
1.94642
1.78768
1.86612
1.79357
1.75122
1.88387
1.92574
1.84382
1.84581
1.86137
1.82726
1.82304
1.94347
1.89884
1.87201
1.96578
1.70158
1.80142
1.72711
1.87674
1.73622
1.87126
1.8647
1.88542
1.80255
1.76168
1.89809
1.7321
1.71483
1.99608
2.04399
1.75444
1.93453
1.83312
1.72731
1.95472
1.7423
1.92551
1.74447
1.79328
1.9008
1.74677
1.75244
1.87975
1.78586
1.86167
1.73778
1.87579
1.84595
1.71993
1.70759
1.88402
1.73904
1.83078
1.84918
1.70553
1.84452
1.98004
1.94376
1.90272
1.95605
1.73258
1.79184
1.95265
1.92258
1.88664
1.88958
1.77119
1.74109
1.80407
1.85342
1.71989
1.80923
1.934
1.86058
1.93607
1.84588
1.86368
1.8645
2.02635
1.84882
1.86198
1.79673
1.70452
1.87214
1.99444
1.83688
1.95852
1.80517
1.79549
1.72603
1.81338
1.96322
2.01836
1.89275
1.9826
1.77253
1.73729
1.83497
1.96801
2.03066
1.76292
1.76442
1.71995
1.89363
1.75075
2.01993
1.70984
1.89865
1.93027
1.84273
1.90388
1.85741
1.72074
1.7072
1.90611
1.7217
1.87639
1.80583
1.72375
2.03232
1.8723
1.81129
1.73959
1.92679
2.02652
1.88826
1.87773
1.8403
1.91314
1.82788
1.82946
1.82752
1.71174
1.79672
2.00881
1.8197
1.79915
1.96476
2.01519
1.7253
1.74359
1.84292
1.82711
1.74917
1.78021
1.87237
1.97886
1.79445
1.75612
1.76691
1.85938
1.78909
1.75173
1.83722
1.83164
1.92691
1.87006
1.97009
2.00419
1.93034
1.8657
1.89996
1.91023
2.02419
1.8214
1.90928
2.0324
1.98664
1.78415
1.71578
1.77338
1.72696
1.85651
1.85505
1.84263
1.75774
1.93824
1.93236
1.81648
1.8202
1.85344
1.84013
1.84793
1.72865
1.8614
1.86828
1.8173
1.90607
1.72457
1.81857
1.7804
1.85828
1.96916
1.87293
1.84161
1.98669
1.80523
1.86923
1.88329
1.8538
1.70019
1.95374
1.78634
1.86759
1.87662
1.83898
1.87255
1.92024
1.73817
1.89241
1.8119
1.98733
2.03742
1.72091
1.80214
1.75007
1.87257
1.79904
1.85486
1.76487
1.72401
1.75631
1.72757
1.90377
1.95713
1.70111
1.8288
1.83742
1.81836
1.76151
1.81171
1.90739
1.7409
1.86409
1.91726
1.84688
1.75312
1.87643
1.87325
1.89734
1.97727
1.85343
1.76962
1.76675
1.7413
1.73003
1.98723
1.74916
2.03772
1.71967
1.98483
1.80775
1.91408
2.00051
1.82178
1.78575
1.74902
1.78929
1.77669
1.70582
1.82797
1.88361
1.85544
1.86999
1.81664
1.88433
1.97433
1.8392
1.7048
1.9198
1.91436
1.71723
1.82606
1.77568
1.91896
1.85424
1.70588
1.86397
1.86008
1.86691
1.89095
1.72076
1.73876
1.97986
1.86486
1.73999
1.84822
1.75331
1.86679
1.82998
1.8297
1.74843
1.72245
1.90326
1.71186
1.84929
1.74018
1.84412
1.86573
1.76066
1.83668
1.86944
1.80677
1.92246
1.70009
2.0398
1.72762
1.72903
1.72879
1.71698
1.70274
1.84105
1.7031
1.82617
1.86191
1.8952
1.87968
1.72279
1.93776
1.90115
1.95153
1.7363
1.73375
1.74908
1.93275
1.99593
1.86992
1.78649
1.73222
1.72249
1.92415
1.84405
1.8738
1.75699
1.83162
1.97213
1.78923
1.94616
1.78319
1.84386
1.88579
1.70314
1.73122
1.90694
1.71528
1.77457
2.00786
2.02663
1.70153
1.91683
1.83227
1.98141
1.77433
1.78851
1.8591
2.00952
1.75922
1.70563
1.7771
2.00802
1.76686
1.87431
1.87513
1.7098
1.82565
1.7514
1.74725
1.82174
1.85134
1.75597
1.93397
1.71949
1.82922
1.75391
1.8703
1.72248
1.71542
1.8597
1.87041
1.7854
1.82431
1.84785
1.77466
1.79907
1.96545
1.7807
1.95394
2.01663
1.74035
1.71708
1.72028
1.85143
2.04892
1.89867
1.80916
1.88171
1.70828
2.02481
1.74825
1.79432
1.86328
1.96421
1.88872
1.78649
2.04565
1.76026
1.83489
1.85118
1.97969
1.88374
1.85218
1.82582
1.98282
1.71219
2.00896
1.84142
1.93886
1.94549
1.94273
1.97936
1.73852
1.94714
1.78425
1.76705
1.97365
2.01207
2.03731
1.97559
1.74138
1.86842
1.72288
1.89769
1.88065
1.70552
1.76504
1.7343
1.99793
1.87902
1.78151
1.86054
1.77695
1.81893
1.88433
1.74528
1.89709
1.85425
1.83517
1.82519
1.81506
2.04805
1.78
1.79261
1.75882
1.77332
1.9641
1.96989
1.73609
1.90951
1.75308
1.76352
1.87279
1.8391
1.75272
1.82654
1.98864
1.89904
1.95676
1.97333
1.83407
2.03797
1.87826
1.7571
1.85163
1.89104
1.73183
1.92618
1.96942
1.83854
1.75715
1.77094
1.86193
1.895
1.87907
1.91444
1.82371
1.75645
1.91103
1.7965
1.82884
1.99231
1.72139
1.95783
1.7091
1.7477
1.89383
1.89477
1.83107
1.82203
1.88637
1.97827
1.71477
1.98762
1.90388
1.91316
1.74251
1.82301
1.89864
2.013
1.87061
1.83512
1.86306
1.79016
1.95595
1.9253
1.7644
1.75879
1.91308
1.75099
1.83808
2.02858
1.85744
1.84051
1.92962
1.70784
1.72954
1.92877
1.97258
1.9041
1.82123
1.87891
1.8234
1.70039
1.76948
1.86919
1.72992
1.85986
1.92379
1.8715
1.84223
1.82766
1.77912
1.71011
1.87971
1.81946
2.03199
1.72676
1.71886
1.86595
1.76733
1.84359
1.95821
1.87012
1.92628
1.9849
1.86362
1.88501
1.8788
1.92043
1.74818
1.78431
1.76464
1.77502
1.78644
1.96179
1.88521
1.97805
1.97941
1.84884
1.74369
1.72418
1.71829
1.84449
1.93084
1.87863
1.81742
1.79567
1.72827
1.79305
1.70726
1.72952
1.9342
1.82466
1.91099
1.7124
1.82269
1.72786
1.90275
1.882
1.76067
1.89954
1.90894
2.0044
1.91723
1.94743
2.01786
1.84731
1.76642
1.78453
1.74516
1.7425
1.96854
1.87308
1.79054
1.85078
1.8758
1.73388
1.7537
1.73912
2.03196
1.78474
1.70573
1.9673
1.87462
1.74916
1.79813
1.85154
2.01562
1.7489
2.04065
1.76015
1.80351
1.90352
1.9076
1.77312
1.75963
1.76349
1.99995
1.87276
1.76932
2.04548
1.8739
1.7631
2.0416
1.76615
1.75012
1.95082
1.85587
1.78909
1.87655
1.83354
1.73558
1.93666
2.01181
1.86687
1.83208
1.89359
1.77419
1.82496
1.86054
1.81424
1.97525
1.74884
1.8555
1.82822
1.86973
1.75688
1.84275
1.76931
1.729
1.80895
1.87046
1.89079
1.83765
1.87585
1.82611
1.70897
1.87363
1.85189
1.72422
1.82482
1.90205
1.856
1.72467
1.8468
1.82763
1.71646
2.01838
2.0271
1.82094
1.74139
1.77943
1.86193
1.87694
1.85235
1.76557
1.83728
1.76737
1.7713
1.92295
1.74497
1.76924
1.81124
1.82909
2.02377
1.75201
1.73218
1.89422
1.76807
1.8233
1.79615
1.82783
1.72243
1.95507
1.8414
1.89737
1.86425
1.77115
1.72717
1.77076
1.95529
1.84687
1.88806
1.96321
1.81261
1.71524
1.88516
1.87246
1.90198
1.87461
1.79748
1.7359
2.02706
1.86578
1.74805
1.80892
1.8133
1.75529
1.88569
1.92651
1.79369
1.83525
1.79949
1.94011
1.70029
1.85972
1.83561
1.95902
1.73394
1.82875
1.85377
1.75879
1.78469
1.80823
1.73805
1.87476
1.75961
1.95529
1.77256
1.89104
1.71153
1.98574
1.89142
1.88884
1.8136
1.9147
1.77658
1.90191
1.76923
1.71994
1.86245
2.03155
1.9779
1.71942
1.80353
1.70019
1.86558
1.75871
2.01198
1.73071
1.97435
1.98536
1.8826
1.77322
1.84031
1.79213
1.80853
1.98758
1.72204
1.86577
1.81327
1.92417
1.98293
1.96254
1.8887
1.7696
1.98901
1.76084
1.79392
1.75212
1.80334
1.76301
1.84651
1.87423
1.75415
1.87217
1.86549
1.88504
2.03731
1.81325
1.78325
1.85907
1.98721
1.83695
1.97905
1.8087
1.71861
1.84181
1.86884
2.04072
1.79349
1.92357
1.74465
1.83527
1.88661
1.72277
1.84925
1.95195
1.70207
1.82579
1.82355
1.83144
1.80289
1.80401
1.87514
1.87374
1.83084
1.86401
1.81282
1.84784
1.90331
1.81109
1.72549
1.9731
1.78741
1.77776
1.90102
1.78644
1.85105
1.85125
1.82667
1.95631
1.7695
1.82417
1.72483
1.78984
1.87432
1.92057
1.82505
1.76575
1.86111
2.02918
1.85161
1.75644
1.92504
1.78979
1.96377
1.98503
1.70189
1.713
1.85784
1.72066
1.84559
1.87249
1.78718
1.81399
1.88899
1.75925
1.7033
2.04067
1.86747
1.88989
2.0379
1.73244
1.86949
1.87021
1.75013
1.74281
1.99725
1.7515
1.74653
1.84142
1.86621
1.97158
1.74921
1.81891
1.88081
1.72426
1.70055
1.88864
1.9995
1.84754
1.75569
1.74958
1.72337
1.92916
1.85585
1.75261
1.83649
1.90497
1.83537
1.84538
1.95106
1.87276
2.02233
1.73967
1.9366
1.86079
1.75834
1.86514
1.88495
1.7313
1.86957
1.94364
1.85897
2.03794
1.98304
1.70215
1.8141
1.85651
1.98512
1.84047
1.76481
1.87479
1.90456
1.88923
1.96681
1.85213
1.86517
1.76729
1.79329
1.87715
1.77608
1.8054
1.80467
1.75913
1.77157
1.92739
1.93116
2.01907
1.89494
1.81858
1.99695
1.97124
1.70812
1.8019
1.76643
1.70358
1.87182
1.90173
1.84256
1.77138
1.87592
1.91286
1.92444
2.01557
1.85662
1.91688
2.01753
1.99357
1.93038
1.89523
1.75671
1.9068
1.92166
1.81942
1.84714
1.88303
1.98015
1.81788
1.70255
1.99053
1.93963
1.80709
1.94339
1.79734
1.77052
1.92245
1.84498
1.76551
1.74532
2.01984
1.86068
1.7421
1.76569
1.76741
2.01203
1.91015
1.84719
2.04297
1.9869
1.80086
1.80584
1.71382
1.993
1.7889
1.84832
1.94134
1.8777
1.77447
1.78869
1.71643
1.74906
2.04775
1.80805
1.70391
1.95371
1.71209
1.73741
1.86711
1.75358
1.71778
1.96179
1.78932
1.79926
1.82164
1.81542
1.73471
1.87914
1.86748
1.73991
1.86148
1.87546
1.92665
1.92881
1.90214
1.9252
1.85658
2.04947
1.91403
1.88601
1.91247
1.88168
1.80395
2.00111
1.7043
1.79297
1.88993
1.91214
1.87795
1.84171
1.8805
1.87965
2.03892
1.73297
2.02165
1.70125
1.70956
1.85549
1.83467
1.77835
1.73142
1.81085
1.85404
1.84794
1.86474
1.86591
1.8506
1.88635
1.82365
1.9883
1.77968
2.02562
1.70373
1.82144
1.78466
1.75884
1.97734
1.71431
1.77991
1.88396
1.70363
1.94681
1.87992
1.93356
1.86444
2.04976
1.72542
1.74201
1.76166
1.73962
1.75745
1.82244
1.9512
1.87035
1.86765
2.03864
1.71215
1.80822
1.7708
1.86359
1.71947
1.76592
1.75701
1.86258
1.88724
1.88293
1.84825
1.73511
1.76717
1.82602
1.8564
1.71172
1.8709
2.02712
1.73542
1.75682
1.87235
1.88314
1.8482
1.75814
1.92211
1.85615
1.77023
1.76848
1.77
1.86181
1.81826
1.72763
1.882
1.72865
1.86209
1.84567
1.94242
1.72302
1.72965
1.8015
1.89456
1.8742
1.81518
1.80756
2.00236
1.70504
1.87112
1.9967
1.91471
1.90384
1.84392
1.87274
1.78872
1.84674
1.73426
1.70057
1.75357
1.77206
1.85245
1.75525
1.87136
1.72207
1.93921
1.98436
1.78195
1.76291
1.83314
2.04899
1.77001
1.87534
1.81416
1.70479
1.76102
1.82392
1.87617
1.88508
1.81576
1.90863
1.98116
1.75168
1.76647
1.77977
1.97769
1.71811
1.81428
1.83186
1.89579
1.84795
1.89804
1.90284
1.90373
1.88734
1.76853
1.73839
2.01598
1.80299
1.95994
1.85773
1.86775
1.7618
1.7028
1.73294
1.84157
1.95748
1.79787
1.77984
1.99895
1.86179
1.80255
1.71281
1.77384
1.89804
1.72886
1.87739
1.83803
1.83194
1.76992
1.85123
1.92314
1.97616
1.89419
1.85228
2.03407
1.87861
2.00615
1.86007
1.96999
1.7115
1.77353
1.78995
1.87256
1.74432
1.73724
1.76638
1.84341
1.92983
2.01722
1.84798
1.98742
1.87379
1.8605
1.70738
1.86739
1.87873
1.96013
1.75802
1.73024
1.81019
1.84837
1.90552
1.77088
1.7305
1.97898
1.85204
2.00915
1.83697
1.75885
1.75001
1.77191
1.75504
1.77328
1.90086
1.83504
1.95514
2.03449
1.72695
2.01628
1.70604
1.84799
1.73747
2.03793
1.77568
1.76572
1.91156
1.78501
1.96412
1.74506
1.76031
1.71546
1.91037
1.96379
2.0307
1.71266
1.8084
1.92627
1.93858
1.70611
1.82403
1.84638
1.8116
1.80666
1.87752
1.72162
1.87732
1.90173
1.78084
1.77812
1.95188
1.7262
1.72056
1.8811
1.90386
1.85378
1.83704
1.77269
1.83686
1.84269
1.82014
1.74527
1.79377
1.87661
1.88622
1.84252
1.7276
1.90155
1.77813
1.91315
1.96605
1.88539
2.00495
1.75716
2.04298
1.8644
1.84865
1.80062
1.72618
1.79604
1.70974
1.84348
1.8323
1.83911
1.82152
1.9376
1.81062
1.78517
1.70143
2.0298
1.91754
1.99911
1.78212
2.01852
1.91951
1.86024
1.76497
1.86627
1.89882
2.00303
1.78887
1.93744
1.89031
1.88947
1.9062
1.98555
2.02407
1.85144
1.86127
1.82962
1.80328
1.70238
1.87102
1.76116
1.8746
1.96649
1.86024
1.92488
1.72551
1.75319
1.78887
1.7808
1.82492
1.93067
1.97601
1.77056
1.9456
1.7677
1.71357
1.85046
1.7271
1.81437
1.81797
1.77042
1.85641
1.75673
2.00502
1.73022
2.04748
1.84055
1.72243
1.85732
1.89084
2.00455
1.86172
1.89871
1.72175
1.76004
1.83382
1.96669
1.89177
1.79704
1.75262
1.78757
1.77225
1.71015
1.89474
1.74139
1.84794
1.77474
1.74926
1.8517
1.71838
1.88466
1.70215
1.7357
2.04694
1.97055
1.84272
1.86288
1.88506
1.85677
1.76143
1.87733
2.03202
1.78452
1.95788
1.92311
1.79852
2.00492
1.80044
1.89143
1.97162
1.82855
1.87969
1.73189
1.94544
1.72712
1.89181
1.99846
1.8588
1.79735
1.87457
1.79388
1.78646
2.00071
2.01185
1.76434
1.8439
1.95612
1.73255
1.88555
1.77913
1.84896
1.9572
1.75181
1.7788
1.87383
2.04492
1.88328
1.79999
1.75941
1.84087
1.86807
1.83135
1.80852
1.99195
1.76292
1.74535
1.77445
1.98175
1.72703
1.71921
1.73444
1.74459
1.78397
1.74091
1.82584
1.90196
1.87267
1.89837
1.71255
1.8687
1.88767
1.8084
1.98601
1.74923
1.80565
2.00572
1.73318
1.94876
1.80275
1.78426
1.8511
1.89526
1.89778
1.72931
1.9085
1.84343
1.79557
1.8994
1.75542
1.8539
1.75818
1.70625
1.81395
1.80982
1.80134
1.84481
1.96359
1.96756
1.77532
1.89639
1.92733
1.94811
1.75542
1.98455
1.80732
1.83243
1.72547
1.80165
1.78801
1.7375
1.7033
1.96223
1.73673
1.81069
1.80828
1.72631
1.78311
1.80666
1.71746
1.94527
1.74691
1.92004
1.86083
1.73683
1.97277
1.88682
1.87276
1.72837
1.80061
2.04774
1.89447
1.75144
1.95945
1.75375
1.74644
1.97387
1.70868
1.88289
1.77315
1.78451
1.84808
1.99986
1.75202
1.87129
1.74844
1.94496
1.86279
1.79024
1.77659
1.88926
1.85457
2.00704
1.93469
1.84147
1.87537
2.0176
1.77321
1.87915
1.72532
1.8661
1.8779
1.83263
1.82691
1.79282
1.86255
1.7248
1.94624
1.85517
1.9092
1.97462
1.85577
1.76554
1.99818
1.94195
1.91536
1.85484
1.77499
1.75672
1.88632
1.96567
1.84049
1.72217
1.8674
1.87679
1.9385
1.70175
1.88418
1.9509
1.93242
1.72181
1.72698
1.76745
1.80275
1.87881
1.76692
1.86717
1.83186
1.86323
1.83614
1.94837
1.95193
2.04809
1.86393
1.88706
1.89153
1.78476
1.75342
1.78714
1.86754
1.9398
1.70515
1.77092
1.80549
1.90648
1.91586
1.73195
1.75586
1.72058
1.82978
1.89491
1.75466
1.81418
1.91705
1.95845
1.82386
2.04053
1.74468
1.75218
1.84798
1.80672
1.86121
1.96631
1.85691
1.74553
1.91426
1.74807
1.8022
1.87613
1.88463
1.75113
1.96048
1.70706
1.73148
1.79775
1.7862
1.7052
1.87103
1.7106
1.75251
1.79438
1.89275
1.98138
1.84003
1.85688
1.9697
1.72422
1.73012
1.77625
1.76069
1.85748
1.8269
1.75362
1.72078
1.86577
1.8039
1.85963
1.76293
1.86214
1.71123
1.85481
1.86838
1.92996
1.74715
1.8368
1.76626
1.89721
1.72496
1.88153
1.76279
1.95894
1.78421
2.00033
1.70882
1.915
1.74006
1.72956
1.86686
1.79357
1.86106
1.92949
1.7946
1.80486
1.75799
1.84028
1.74314
1.83937
1.8074
2.00767
1.7879
1.70741
1.92318
1.81097
1.88391
1.84169
1.74228
1.8071
1.79992
1.76725
1.85785
1.74215
1.70106
1.83898
1.81487
1.88159
1.863
1.70283
1.93471
1.78705
1.83797
1.91569
1.85833
1.71717
1.95445
1.83246
1.75872
1.73175
1.71054
1.75346
1.71613
1.97756
1.70334
1.86108
1.74703
1.8571
1.93458
1.75696
1.75064
1.71113
1.82756
2.03045
1.95685
1.74722
1.90309
1.7259
1.74014
1.87216
2.01716
1.71345
1.90845
1.72961
1.90251
1.82705
1.72773
1.87303
1.79592
1.72433
1.80631
1.83555
1.89119
1.85878
1.96516
1.8896
1.74092
1.84924
1.72082
1.73352
2.02133
1.978
1.87951
1.87985
1.85804
1.92812
1.86076
1.84962
1.8024
1.99892
1.83775
1.89715
1.82884
1.70219
1.75911
1.7894
1.76082
1.79526
1.72749
1.76499
1.94281
1.7209
1.8993
1.85753
1.80093
1.77332
1.79361
1.87335
2.0125
1.86946
1.74032
1.92942
1.88235
1.94946
1.77249
1.99383
1.81459
1.74435
2.00535
2.04864
1.91568
1.89176
1.71184
1.79377
1.7002
1.93077
1.80171
1.85694
1.73289
1.87188
1.88258
1.89779
1.83342
1.70252
2.04021
1.78253
2.01034
1.9079
1.88579
1.85788
1.77426
1.90491
1.7464
1.87896
1.88753
1.82972
1.848
1.71161
1.71531
1.71206
1.84493
1.8475
1.83851
1.98575
1.81527
1.97422
1.82518
1.77979
1.70984
1.7188
1.769
1.83265
1.7669
1.80354
1.95126
1.74397
1.86007
2.03699
1.87026
1.73464
1.76778
1.70484
1.99453
1.7175
1.72328
1.88225
1.78043
1.85659
1.87588
1.95385
1.99942
2.0252
1.90719
1.92523
1.81156
1.85174
1.85767
1.85898
1.73478
1.76707
1.87327
1.76063
1.87323
1.90367
2.00207
1.87071
1.95649
1.84426
1.76681
1.97212
1.72235
1.74866
1.87534
1.70385
1.76952
1.75586
1.82401
1.87141
1.92619
1.89879
1.74109
1.72379
1.72418
1.85506
1.8592
1.87116
2.00068
1.95548
1.95123
1.71822
1.8618
1.71376
1.7358
1.89368
1.91642
1.87995
1.87894
1.79856
1.71276
1.78442
1.75976
1.84646
1.85965
1.71907
1.89264
1.91956
1.86249
1.72146
1.71622
1.96251
1.78
1.79409
1.86529
1.72565
1.99141
1.83923
1.70545
1.82226
1.72493
1.80461
1.87296
1.73149
1.71604
1.87867
1.79384
1.72348
1.86262
1.86119
1.82392
1.99492
1.85871
1.82332
1.80554
1.7793
1.72254
2.00873
1.72882
1.86578
1.70763
1.86929
1.85976
1.85362
1.81721
1.7651
1.97614
1.76349
1.85178
1.8984
1.7926
1.95427
1.99451
1.97224
1.76603
1.76522
1.84563
1.82884
1.98592
1.70523
1.84814
1.73715
1.87573
1.75834
1.86814
2.02533
1.78407
1.79888
1.95104
1.87605
1.87525
1.76974
1.74335
1.87085
1.77019
1.89791
1.7471
1.96583
1.77688
1.74805
1.76909
1.85267
1.98277
1.74926
1.87529
1.91718
1.8593
1.72415
1.8769
1.77372
1.81523
1.95194
1.74053
1.86781
1.81647
2.03203
1.91158
1.79728
1.85896
1.79081
1.85351
1.82201
1.84162
1.76814
1.79547
1.84824
1.9994
1.7793
1.76742
1.97073
1.76685
1.89975
1.86271
1.70606
1.97625
1.84249
1.79208
1.73008
1.77565
1.8244
1.88146
1.87136
1.73053
1.74119
1.91183
1.85138
2.02943
1.99144
1.77969
1.70616
1.86164
1.72008
1.92778
1.79372
1.85142
1.99056
1.84496
1.73274
1.82697
2.04127
1.83252
1.92128
1.72883
1.75458
1.71218
2.03296
1.93664
1.85788
1.90239
1.83908
1.7481
1.80406
1.79168
1.72827
1.73658
1.70423
1.78977
1.85339
1.75016
1.86872
1.89978
1.7183
1.77907
1.85694
1.74196
1.86027
1.70639
1.87063
1.80851
1.85791
1.87136
1.86471
1.84305
1.8563
1.85318
1.76144
1.78341
1.99254
1.88674
1.70111
1.96172
2.00416
1.86454
1.88388
1.77994
2.00739
1.88367
1.85045
1.86886
2.04363
1.72299
1.70571
1.80909
1.7027
2.0451
1.8005
1.79741
1.70689
1.75205
1.82862
1.75013
1.88483
2.01074
1.74248
1.90714
1.73865
1.83354
1.88089
1.70991
1.72742
1.76531
1.76154
1.83716
1.87613
2.02091
1.86909
1.86967
1.90576
1.86046
1.9063
1.77107
1.91195
2.01941
1.8187
1.97438
1.77676
1.89721
1.7504
1.82952
1.81259
1.73258
1.79044
1.84044
1.9664
1.80107
1.8551
1.78319
2.04264
1.80829
1.80307
2.02799
2.03651
1.85507
1.72115
1.8643
1.74369
1.86837
1.785
1.88927
1.71809
1.73892
1.83378
1.81569
1.94371
1.79559
1.79028
1.93491
1.84629
1.87632
1.83899
1.79638
1.96081
1.72861
1.84243
1.80994
1.82712
1.859
1.78118
1.74933
1.70326
1.71967
1.79548
1.77857
1.71629
1.71208
1.86634
1.95781
1.82979
1.9339
1.70102
1.95897
1.7249
1.9786
1.7648
1.70163
1.91971
1.8582
1.76091
1.92307
1.7017
1.89133
1.9346
1.72723
1.90695
1.79618
1.93066
1.71779
1.78949
1.84569
1.87103
1.72467
1.83247
1.87497
1.70512
1.85877
1.75432
1.85378
1.71323
1.72524
1.71729
1.8851
1.7061
1.82145
1.78795
1.73981
1.74448
1.94016
1.86465
1.73537
1.70434
2.04843
2.00933
1.74848
1.75918
1.85693
1.85646
1.85898
1.84876
1.81489
1.71832
1.86274
1.83451
1.90706
1.88362
1.71566
1.82895
1.97182
1.77218
1.77462
1.7417
1.91148
1.76795
1.85331
1.87278
1.72716
1.85581
2.00048
1.8253
1.82328
1.82786
1.73887
1.85935
2.02113
1.89035
1.70424
1.87593
1.85885
1.71985
1.9072
1.7977
1.86144
1.75821
1.97046
1.85293
1.79312
1.78264
1.83383
2.01236
1.86587
1.85222
1.8413
1.99192
1.72329
1.70097
1.74942
1.71257
1.8479
2.01296
1.85077
1.74645
1.84579
1.8615
1.9952
1.71742
1.87971
1.85157
1.84391
1.89613
1.72566
1.74072
1.94212
1.8571
1.77203
1.94145
1.94177
2.02782
1.74641
1.87434
1.94834
1.82749
1.7404
1.88166
1.72902
2.04685
1.86163
1.81961
1.75747
1.8674
1.91626
1.83786
2.04846
1.70289
1.70828
1.72638
1.96856
1.85916
1.90765
1.81352
1.74273
1.90335
1.73732
1.72058
1.85926
1.74994
1.70315
1.73541
1.78103
1.92465
1.7234
1.83188
2.02399
1.82123
1.99831
1.89117
2.00857
1.8733
1.96831
1.86313
1.86658
1.79004
2.01443
1.88836
1.78917
1.75193
1.78503
1.70693
1.97762
1.89891
1.80619
1.71871
1.71471
1.86411
1.73221
2.04855
1.89939
2.04359
1.80387
1.75395
2.02878
1.90338
1.85923
1.72415
1.72508
1.91614
1.92984
1.83345
1.89338
1.72313
1.70041
1.86813
1.78511
1.7291
1.73351
1.77719
1.79594
1.75599
2.02275
1.83008
1.85809
1.70598
1.78836
1.85714
1.96175
1.92131
1.75622
1.95654
1.98219
1.94228
1.8099
1.70919
2.01306
1.82787
1.76456
1.77369
1.79575
1.87556
1.88741
1.92585
1.8259
1.8825
1.95711
1.75808
1.87656
1.94007
1.83125
1.8078
1.70584
1.76967
1.98234
1.83474
1.81283
1.77326
1.81455
1.96931
2.04252
1.7043
1.77288
1.91348
1.82851
1.87987
1.75091
1.87604
1.70002
1.99267
1.71727
1.88503
1.77172
1.93301
1.81862
1.93111
1.78465
1.8195
1.85068
1.82882
1.79468
1.78791
1.86321
1.73157
1.86396
1.82767
1.71861
1.99142
1.73448
1.70548
1.75817
1.86258
1.85294
1.84416
1.99068
1.81673
1.75359
1.87473
1.90163
1.99241
1.85731
1.94475
1.86633
1.71923
1.85583
1.91059
2.04115
1.71503
1.82879
1.91942
1.78159
1.89878
2.01919
1.92514
1.96778
1.7068
1.86673
1.84668
1.99977
1.8343
1.92041
1.86161
1.9016
1.80889
1.74315
1.88412
1.87589
1.71751
1.78666
1.71224
1.86052
1.70255
1.79282
2.03839
1.86968
1.83334
1.78203
1.8923
1.75242
1.89527
1.84815
1.8752
1.93972
1.75266
1.97022
1.99608
1.86606
1.74941
1.88207
1.74003
1.97351
1.90737
1.72665
1.70542
1.83331
1.79989
1.74506
1.96387
1.93521
2.04435
1.81587
2.03368
1.87727
1.78867
1.76923
1.80978
1.73337
1.88689
1.81218
1.93747
1.99595
1.7689
1.81968
1.89463
1.96085
1.70226
1.89479
1.70846
1.96161
1.96538
1.84469
1.8721
2.00685
1.83466
1.72857
1.73049
1.7153
1.85325
1.77786
1.83374
1.77853
1.85228
1.85667
1.70446
1.88019
1.79838
1.85709
1.78758
1.86995
1.80192
1.70628
1.71666
1.82136
1.87916
1.98973
1.74799
1.84396
1.78863
1.84619
1.81302
1.80879
1.88057
1.85975
1.7517
1.85861
1.87053
1.80565
1.77111
1.81086
1.85299
1.89679
1.75165
1.9198
1.72319
1.89644
1.94505
2.03239
1.83118
1.98047
1.84341
1.87455
1.71312
1.85951
1.85034
1.70623
1.92953
1.71582
1.78278
1.85762
1.81439
1.88374
1.78129
1.74364
1.82989
1.91905
1.85372
1.73861
1.8351
1.76758
1.94846
1.9111
1.993
1.8971
2.03032
1.77649
1.73584
1.76213
1.71701
1.79143
1.74425
1.74609
1.9156
1.74372
1.79974
1.92699
1.79077
1.86511
1.99575
1.85385
1.96444
1.90967
1.94447
1.82656
1.76656
1.95369
1.87149
1.95681
1.75986
1.9792
1.85068
1.9162
1.71624
1.85407
1.81082
1.90109
1.86263
1.8214
1.89418
1.86327
1.80653
1.80315
1.83507
1.79264
1.88248
1.74238
1.85637
1.74863
1.82811
1.97133
1.80275
1.72059
1.73464
1.85574
1.71805
1.89807
1.95936
1.79409
1.87531
1.80406
1.84295
2.04234
1.79716
1.76254
1.83794
1.85224
1.88265
1.89845
1.91294
1.70534
1.75997
1.76713
1.85455
1.91436
1.84185
1.77357
2.00901
1.82887
1.7089
1.76512
2.03149
1.85932
1.85484
1.73991
1.71026
1.73963
1.86485
1.71454
1.71488
1.70968
1.862
1.82485
1.91977
1.77861
1.86268
1.94558
1.83264
1.71287
1.73062
1.80554
1.91771
2.00438
1.91831
1.71672
1.91605
1.74134
1.96118
1.80311
1.77455
1.83297
1.87045
1.86039
1.74736
1.89702
1.81703
2.04587
1.70166
1.81927
1.78337
1.87988
1.87856
1.87043
1.89895
1.94899
1.97935
1.75542
1.89968
1.73853
1.7119
1.70931
1.74767
1.90352
1.82617
1.82821
1.73448
2.00874
1.86788
1.70774
1.96962
1.86706
1.76927
1.89345
1.77169
1.80363
1.70858
1.81029
1.87719
1.97148
1.8548
1.88771
1.87536
1.85121
1.85461
2.03786
1.844
1.82676
1.86115
1.90233
1.78252
1.72992
2.01107
1.80423
1.70697
1.9677
1.75228
1.98549
1.89319
1.7048
1.93883
2.01229
1.96318
1.81067
1.89211
1.97225
1.74625
1.76919
1.92755
2.04917
2.00056
1.85333
1.9776
2.02885
1.71342
1.83361
1.99012
1.70879
1.86671
2.00655
1.73549
1.79935
1.85614
1.7657
2.00462
1.86386
1.85636
1.87945
1.84559
1.72792
1.87536
1.83265
1.83217
1.96804
1.70221
1.86585
1.89257
1.97235
1.74118
1.90406
1.87266
1.71106
1.90811
2.00259
1.72595
1.80503
1.78747
1.85139
1.81363
1.85451
1.92716
1.88367
1.70333
1.9581
1.81387
1.7296
1.75243
1.74215
1.77285
1.70421
1.92128
1.70607
1.72249
1.83072
1.90237
1.95753
1.71203
1.70976
1.86021
1.86021
1.70022
1.98589
1.72159
1.88249
1.73059
1.86124
1.70177
1.88403
1.82114
1.95925
1.74189
1.82925
1.77591
1.79345
1.74372
1.97143
1.83281
1.86563
1.71757
1.97032
1.71258
1.7581
1.84544
1.91721
1.87973
1.76644
1.7795
1.9672
1.97386
1.80536
1.81664
1.96449
1.70313
1.8422
2.00483
1.97897
1.83183
1.91862
1.70139
1.74298
1.86326
1.76364
1.84868
1.89778
1.93774
1.79616
1.83726
1.77794
1.76825
1.96314
1.9483
1.87783
2.04724
1.75441
1.83478
1.9044
1.715
1.71217
1.87801
1.70681
1.84307
2.0417
1.79171
1.95864
1.8782
1.79117
1.89402
1.71287
1.91328
1.74771
1.99674
1.85582
1.86604
1.84437
1.78528
1.83053
1.74275
1.97073
1.87602
1.7064
1.88671
1.91812
1.91365
1.77862
1.77641
2.04322
1.81323
1.82542
1.72793
1.87322
1.71876
1.90493
1.83256
1.86845
1.86881
1.97667
1.90322
1.78193
1.97596
1.73468
1.77301
1.77259
1.79955
1.75913
1.75645
1.83708
1.7915
1.89115
1.75815
1.94802
1.76389
2.03986
2.04868
1.97628
1.73343
1.76319
1.76621
1.95231
1.71678
1.81438
1.94609
1.70639
1.84523
1.70434
1.87604
1.81608
1.76617
1.83572
1.89367
1.77428
1.76388
1.86648
1.71396
1.74823
1.91287
1.81926
1.86265
2.01992
1.86172
1.76869
1.85534
1.887
1.80117
1.78006
1.93516
1.7877
1.97897
1.75577
1.76993
1.87317
1.73178
1.75994
1.8429
1.87202
1.74984
1.86834
1.74442
1.72202
1.76999
1.89049
1.85792
2.03373
1.92937
1.80586
1.8178
1.83387
1.87319
2.03354
1.90979
1.76703
1.93255
1.74212
1.93254
1.84498
1.79878
1.80716
2.02047
1.70993
2.03643
1.80201
1.82436
1.8079
1.80224
1.75994
1.93487
1.7207
1.85559
1.85591
1.75427
1.74126
1.89195
1.88068
1.82869
1.78688
1.86781
1.93089
1.77654
1.75602
1.76573
1.98409
1.79916
1.7744
1.99508
1.88088
1.88824
1.83903
1.90972
1.88517
1.97146
2.02659
1.76652
1.88013
1.7748
1.73224
1.98204
1.7717
1.94066
1.92997
1.72231
1.97763
1.87591
1.77554
1.88462
1.82898
1.74227
1.97771
1.73827
2.00428
1.77553
1.93152
1.87654
1.70065
1.86427
1.72138
1.8929
1.96893
1.84636
1.82774
1.86328
1.71923
1.83536
1.85608
1.70652
2.01314
1.73859
1.88053
1.9746
1.75962
1.76088
1.83759
1.95532
1.81496
1.9515
1.99046
1.81368
1.75878
1.83767
1.87007
1.9848
1.879
1.83448
1.8041
1.91885
1.96799
1.72484
1.8661
1.87304
1.77564
1.85716
1.89869
1.96987
1.71088
1.76867
1.78084
1.86141
1.79295
1.74469
1.927
1.84899
1.77652
1.72271
1.99571
1.93632
1.91354
1.83829
1.86461
1.76296
2.022
1.93927
2.04443
1.81064
2.01066
1.72353
1.84628
1.79096
1.76882
1.72212
1.81196
1.79556
1.86603
2.03529
1.85764
1.8154
1.72464
1.99332
2.03853
1.74889
1.7718
2.03516
1.71862
2.04861
1.87465
1.91178
2.04567
2.04952
1.7256
1.99675
1.85675
1.82381
1.90005
1.78693
1.71805
1.70463
1.9374
2.01636
1.92169
1.7676
1.88446
1.81158
1.87748
1.96784
1.83589
1.88446
1.93262
1.86106
1.87157
1.80805
1.79095
1.95399
1.94842
1.74334
1.85956
1.8745
1.8165
1.75901
1.71629
2.00194
1.80201
2.0315
1.71107
1.72405
1.84633
1.72082
1.85398
1.81849
1.95897
1.92612
1.84597
1.74195
1.79457
1.85169
1.97115
1.85994
1.84573
1.9539
1.83436
1.97349
1.90265
1.71261
1.91557
1.74459
1.91398
1.72675
1.76362
1.97055
1.8269
1.87593
1.87467
1.86116
1.74675
2.01641
1.74723
1.812
2.00547
1.85993
1.7553
1.86958
1.99984
1.89685
1.77428
1.98347
1.71822
1.96021
1.75734
1.74788
1.91269
1.87712
2.00536
1.96619
1.82152
1.76666
1.76879
1.85023
1.85938
1.87386
1.78635
1.92088
1.78372
1.80988
1.76015
1.8477
1.74185
1.84774
1.80974
1.98345
1.84196
1.73432
1.88723
1.92318
2.01642
1.81001
1.73975
1.94358
1.84433
1.76743
1.85515
1.81725
1.72162
1.99839
1.9058
1.96909
1.72298
1.73689
1.89424
1.72761
1.79848
1.94964
1.88304
1.89881
2.03416
1.7255
1.97482
1.86985
1.86199
1.80081
1.92181
1.70712
1.86551
1.85173
1.74429
1.85317
1.88533
2.03313
1.88545
1.92174
1.94272
1.89345
1.97447
1.85415
1.87894
1.935
1.71376
1.80525
1.93058
1.94975
1.86324
1.86717
1.95452
1.86277
1.78191
1.73792
1.73018
1.91631
1.87479
1.78547
1.79588
1.8405
1.92902
1.85314
1.94811
1.94349
1.98411
1.7424
1.84952
1.70882
1.7726
1.74214
1.9972
1.74412
1.715
1.9863
1.87482
1.88043
2.00232
1.87259
1.76153
1.78784
1.80777
1.7566
1.89342
1.85905
1.70367
1.81843
1.90928
1.88408
1.73575
1.79673
1.86449
1.86226
1.71346
1.8743
1.87294
1.88388
1.99855
1.95771
1.87003
1.76152
1.84697
1.73523
1.80182
1.9362
1.78576
1.98572
2.00651
1.95777
1.79982
1.84507
2.01027
1.95032
1.85739
1.91227
1.70699
1.72491
1.88054
1.76918
1.95054
2.02069
1.88721
1.7601
1.72659
2.04731
1.83766
1.70106
1.81115
1.90157
1.80765
1.77115
1.77907
1.84971
1.96768
1.7053
1.70385
1.74017
1.83399
1.92778
1.84071
1.89459
1.73249
1.79156
1.79138
1.88498
1.9844
1.83488
1.83651
1.84081
1.94868
1.74253
1.74332
2.00816
1.90696
1.7059
1.96713
1.83405
1.80633
1.95498
1.82681
1.87857
1.70329
1.79101
1.81603
1.79225
1.7294
1.90309
1.70743
1.90272
1.72974
1.70771
1.91991
1.89937
1.88402
1.96904
1.78408
1.81833
1.73
1.75665
1.70063
1.92786
1.78271
1.85123
1.72801
2.01131
1.71817
1.83674
2.04504
2.03694
1.9324
1.74055
1.82884
1.84669
1.77287
2.04503
1.91111
1.77039
1.77693
1.76198
1.91148
1.76465
1.81195
1.86231
1.72613
1.73912
1.81741
1.701
1.72009
1.80216
1.71538
1.70569
1.75011
1.93618
1.7109
1.82869
1.90233
1.78908
1.8673
1.7713
1.77217
1.92281
1.78195
1.81273
1.86657
1.85397
1.70885
1.78623
1.90604
1.98123
1.79124
1.89964
1.72136
1.70976
1.8158
1.92171
1.87503
1.71629
1.86811
1.86405
1.9319
1.86953
1.76101
2.00441
1.80658
1.75695
1.70152
1.89929
1.91196
1.75655
1.84156
1.70484
1.98384
1.91715
1.77874
1.94641
1.70955
1.71067
1.88249
1.85795
1.99994
1.86945
2.01047
1.82755
1.96745
1.82253
1.92779
1.90926
1.71893
1.89225
1.77947
1.74096
1.86697
1.98493
1.85507
1.84187
1.89919
1.76854
2.00175
1.72551
1.85514
1.97468
1.85483
1.93532
2.03702
1.76439
1.96574
2.02056
1.81109
1.70076
1.83341
2.01208
1.95434
1.85325
1.73953
1.90053
1.74226
1.78546
1.93418
1.88922
1.70147
1.77114
1.80388
1.86979
1.75948
1.77079
1.75121
1.86014
1.87924
1.71225
1.90825
1.80904
1.77872
1.89319
2.00559
1.79113
1.83639
1.72717
1.9131
1.80557
1.92448
1.72472
1.70969
2.03462
1.74924
1.73709
1.90573
1.86519
1.82053
1.87742
1.82552
1.85837
1.77602
1.86294
1.72033
1.86508
1.84294
1.84247
1.85271
1.84336
2.04331
1.97389
1.8543
1.93601
1.7494
1.93388
1.81275
1.9628
1.72533
1.80793
1.93223
1.86024
1.84511
1.86884
1.77147
1.73321
2.04532
1.70141
1.86601
1.83707
1.75948
1.83371
1.86223
1.80058
1.93963
1.77446
1.94556
1.87712
1.80249
2.02621
1.96707
1.87136
1.84195
1.74833
1.889
1.88453
1.87097
1.83941
1.93907
1.71983
1.90197
1.83029
1.87958
1.9904
1.8742
1.93949
1.76485
1.95562
1.85029
1.8701
1.76236
1.73603
1.80709
1.75618
1.78107
1.87081
1.86912
1.85347
1.71203
1.71944
1.80183
1.99407
1.74161
1.79267
1.70496
1.85417
1.79316
1.85376
1.72875
1.70104
1.76905
1.75601
1.75082
1.71876
1.74656
1.86964
1.81706
1.82718
1.76017
1.7629
2.03701
1.8793
1.85732
1.73288
1.92492
1.72647
1.98651
1.73686
1.77675
1.76552
1.73988
1.96383
1.91211
1.91507
1.95767
1.80627
1.85059
1.75536
1.85289
1.70056
1.86963
1.87801
1.7561
2.04862
1.96666
1.91765
1.74115
1.90942
1.93379
1.88321
1.70176
1.77171
1.72391
1.80444
1.84248
1.85546
1.8466
1.86683
1.88097
1.82025
1.86677
1.71558
1.70896
1.8442
1.72585
1.91078
1.78239
1.81319
1.80196
1.96054
1.90337
1.92065
1.89851
1.74703
1.91352
2.00347
1.77069
1.94868
2.02647
1.80154
1.83212
1.73914
1.85478
2.01919
1.88124
1.7893
1.95567
1.86887
1.89319
1.78833
1.99888
1.8725
1.72639
2.04717
1.7534
1.74551
1.92779
1.87977
1.85556
1.8246
1.88671
1.80277
1.76323
1.86869
1.85959
1.73518
1.87362
1.79318
1.80727
1.73799
1.79071
1.87824
1.73762
1.87632
1.73818
1.87901
1.73919
1.86797
1.83396
2.03006
1.7096
1.75525
1.96966
1.70862
1.8557
1.92709
1.94525
1.95126
1.72454
2.03971
2.01401
1.87714
1.86991
1.88206
1.83767
1.86692
1.83228
1.76617
1.86248
1.84713
1.83212
1.78929
1.74867
1.73589
1.79517
1.8631
1.87092
1.77821
1.72848
1.76557
1.80404
1.74224
1.86357
1.75808
1.83019
1.81673
1.88828
1.82642
1.70557
1.8095
1.96588
1.75431
1.71466
1.76996
1.87965
2.02694
1.84782
1.834
2.04462
1.74399
1.72359
1.70484
1.7944
1.74455
1.97766
1.72493
1.77825
1.89282
1.97985
1.76036
1.79052
1.87651
1.77038
1.8595
1.81657
2.0456
1.80264
1.93553
2.00625
1.85475
1.84413
1.7705
1.8572
1.98758
1.70768
1.82435
1.77313
1.85415
1.97413
1.93161
1.88621
1.86668
1.7649
1.84731
2.01995
1.84069
1.80701
1.70106
1.86808
1.83509
1.86643
1.82946
1.70281
1.74528
1.82954
1.79417
1.7648
1.70467
1.97028
1.86844
1.94793
1.85009
1.84318
1.90114
1.73761
1.71533
1.71948
1.99469
1.77201
1.87443
1.84552
1.97638
1.9338
1.74935
1.90035
1.84199
1.79117
1.86108
1.70983
1.73958
1.80881
1.89961
1.87804
1.73842
1.73962
1.71677
1.77176
1.85064
1.72231
1.93811
1.78428
1.85797
2.01613
1.93521
1.87054
1.87235
1.77787
2.03635
1.96355
1.99137
1.95423
1.88955
1.72717
1.70418
1.89853
1.92767
1.9143
1.84322
1.77588
1.85987
1.75521
2.0492
1.98494
1.84915
1.83014
1.71118
1.84219
1.77995
1.9518
1.81787
1.72309
1.73996
1.82895
1.84386
1.74314
1.99714
1.86851
1.8612
1.80283
1.70952
1.78488
1.85347
1.8735
1.72187
1.98054
1.91387
1.82867
1.93772
1.76817
1.98861
1.70384
1.73148
1.8592
1.81314
1.96287
1.87349
2.03539
1.96445
1.87574
1.70641
1.81869
2.00821
1.76294
1.74786
1.72644
1.87872
1.7491
1.91373
1.94626
1.88742
1.89158
1.88489
1.82924
2.00017
1.86725
1.77538
1.85904
1.83697
1.87637
1.951
1.96805
2.02539
1.9689
1.78365
2.0054
1.7861
1.73701
1.85523
1.74598
1.77035
1.96364
1.86667
1.93885
1.87175
1.87885
1.72143
1.7727
1.73273
1.73615
1.87563
1.78621
1.70981
1.75927
1.87647
1.92736
1.84901
1.90798
1.75347
1.78888
1.72568
2.03189
1.82038
1.85333
1.73747
1.84965
1.75782
1.83918
1.85099
1.84879
1.84062
2.00813
1.83713
1.86009
1.99706
1.92559
2.03807
1.86785
1.80196
1.87617
1.70675
1.99526
1.98451
1.89397
1.90084
1.78181
1.85048
1.85089
1.87373
1.88443
1.95149
1.77224
1.87438
1.73036
1.94329
1.75925
1.89039
1.84202
1.8972
2.0464
1.87762
1.72943
1.85672
1.79073
1.9089
1.73136
1.75807
1.94887
1.70713
1.74498
1.779
1.94024
2.04722
1.71498
1.80104
1.79528
1.70383
1.7154
1.94723
1.76629
2.0351
2.00596
1.72459
1.73145
1.85015
1.8332
1.97258
1.71433
1.72759
1.70218
1.85186
1.82253
1.72089
1.87351
1.8683
1.86772
1.87139
1.87754
1.82749
2.04198
1.93786
1.89295
1.70391
1.86367
1.73328
1.83406
1.85979
1.83176
1.92893
1.98027
1.97845
1.86758
1.8894
1.71668
1.9889
1.85088
1.81524
1.97059
2.04002
1.75585
1.94797
1.74199
1.91778
1.9395
2.04516
1.99823
1.81463
1.84949
1.79233
1.96225
1.86835
1.82161
2.00468
1.8557
1.94607
1.74845
1.9508
1.96825
1.74569
1.83219
1.79744
1.96843
1.9018
1.88459
1.80731
1.85364
1.70368
1.97985
1.81856
1.72027
1.86445
1.7138
1.86724
1.85951
1.8906
1.90078
1.77498
1.9539
1.92516
1.80399
1.71997
1.90271
1.75896
1.73582
1.88296
1.73554
2.03055
1.76936
1.70638
1.74183
1.84041
1.89605
1.73291
1.89393
1.82313
1.87324
1.98658
1.87725
1.87839
1.87325
1.80738
1.74521
1.80464
1.77079
1.91548
1.89463
1.88097
1.86672
1.75065
1.9956
1.8522
1.76943
1.78402
1.81851
1.86937
1.80523
1.84639
1.83762
1.86403
1.83254
1.75221
1.72092
1.75568
1.85404
1.87367
1.94439
1.77597
1.97558
1.74357
1.89164
1.71439
1.84331
1.83844
1.85784
1.89093
1.97367
1.77292
1.85185
2.02864
1.77354
1.78302
1.85864
1.95401
1.87786
1.76838
1.76404
1.79452
1.92056
1.85286
2.02073
1.72858
1.84009
1.78127
1.76219
1.87499
1.70083
1.87329
1.86106
1.85139
1.78995
1.79595
1.84717
1.90091
1.89107
1.89003
1.94978
2.00672
1.74123
1.77245
1.78502
1.99777
1.97727
1.74158
1.86972
1.83568
2.01668
1.80848
1.86108
1.82483
1.876
2.00967
1.93374
1.82119
1.74411
1.84135
1.86435
1.70684
1.8624
1.74681
1.84385
1.88446
1.73523
1.87745
1.9072
1.75473
1.87958
1.75064
1.87356
1.88601
1.80713
1.72079
1.86449
1.82742
1.88142
1.83129
1.89418
1.86023
1.90728
1.81369
1.72772
1.9337
1.85965
1.80363
1.75954
1.73369
1.92781
1.78311
1.83435
1.90477
1.87009
1.93601
1.72647
1.74872
1.95252
1.86647
1.79101
1.92911
1.75448
1.77019
1.87197
1.7455
2.02937
1.8491
1.89554
1.71573
1.91035
1.94176
1.96863
1.92939
1.88907
1.77504
1.80564
1.78109
2.03847
1.70263
2.03102
1.90188
1.77885
1.85763
1.7015
1.7409
1.85756
1.99014
1.80475
1.81276
1.86264
1.94403
1.74332
1.85275
1.88625
1.99399
1.7261
2.00956
1.71391
2.02841
1.77821
1.73893
1.82445
1.88146
1.77397
1.87288
1.87446
1.98006
1.76359
1.84891
1.93133
1.7034
1.90261
1.81681
1.96648
1.92311
1.84968
1.86749
1.73531
2.00337
1.8734
1.87523
1.8868
1.90446
1.75787
1.88957
1.84213
1.8405
1.95999
1.76351
1.79717
1.72262
2.0269
1.94503
1.7285
1.84159
1.853
1.80185
1.72521
1.88644
1.7773
1.77907
1.75156
1.7473
2.00341
1.94674
1.70886
1.7652
1.82012
1.75309
1.8059
1.9833
1.71678
2.03635
1.85817
1.89072
1.72013
1.99065
1.82499
1.849
1.73289
1.93862
1.95398
1.89219
1.83791
2.00375
1.95951
1.94816
1.75784
1.70173
1.74392
1.9357
2.02843
1.89507
1.80164
1.77507
2.03671
1.96689
1.85841
1.73963
1.89492
2.04616
1.89416
1.85233
1.86916
1.87514
1.82779
1.9609
1.70181
1.79939
1.73426
1.73114
1.8236
1.85379
1.71257
1.7468
1.76961
1.84919
1.86489
1.75727
1.73043
1.9448
1.9567
1.73123
1.82862
1.7551
1.71665
1.80803
1.88183
1.70997
1.87377
2.04356
1.8597
1.84152
2.03309
2.02535
1.85624
1.97435
1.85939
1.86931
1.86344
1.8945
1.95596
1.98601
1.81415
1.95804
1.79016
1.99634
1.96308
1.85209
1.87509
1.79557
1.70404
1.84348
1.86506
1.72494
1.71638
1.96822
1.79846
1.87891
1.75321
1.72309
1.89995
1.73388
1.99561
1.73009
1.79906
1.70086
1.76413
2.02918
1.90036
1.76684
1.74752
1.87015
1.80393
1.87141
1.98258
1.75957
1.83678
1.74184
1.77809
1.73388
1.76772
1.8657
1.85501
1.80421
1.88093
1.8681
1.70434
1.72984
1.877
1.82265
1.9779
1.9173
1.73165
1.71929
1.81687
1.79334
2.02728
1.94143
2.02791
1.86494
1.74796
1.90146
1.80425
1.81691
2.02641
2.04404
1.91452
1.73095
1.7334
1.74535
1.79721
1.90763
1.73057
1.85928
1.86623
1.89386
1.80868
1.87994
1.86604
1.72
1.8628
1.82891
1.99414
1.87857
1.77884
1.84739
1.81886
1.79913
1.87184
1.87611
1.91937
1.87448
1.75237
1.71061
1.86902
1.85954
1.95142
1.78474
1.88019
1.70659
1.81224
1.76581
1.88965
1.8368
1.73483
1.84287
1.86712
1.8406
1.74712
1.92626
1.98219
1.88981
1.83098
1.71397
1.79355
1.82968
1.81785
1.86689
1.74522
1.83008
1.85693
1.95213
1.70634
1.82813
1.83044
1.88715
2.04239
1.8355
1.72337
1.84677
1.75295
1.81877
1.79367
1.87134
2.02366
1.87345
1.81615
1.95677
1.90634
1.94436
1.72685
1.79894
1.83322
1.82177
1.74526
1.80796
1.85691
1.95471
1.7822
1.74215
1.72899
1.77882
1.76835
1.84975
1.70634
1.97447
1.77292
1.8114
1.86061
1.85592
1.81627
1.73744
1.8588
1.87368
1.77075
1.78411
1.85579
1.98584
1.73364
1.82022
1.74497
1.85342
2.00625
1.88169
1.86765
1.96911
1.73121
1.87402
1.78536
1.95694
1.87139
1.8735
1.87728
1.88078
1.80148
1.8329
1.84525
1.70715
1.99972
1.93359
1.8506
1.73206
1.85882
1.88515
1.86985
1.71724
1.95712
1.70547
1.9367
1.84507
1.95448
1.86475
1.75006
1.85982
2.04229
1.95566
1.79464
1.86715
1.97906
1.83391
1.775
1.81657
2.01975
1.96097
1.8608
1.85898
1.9408
1.78506
1.91961
2.00728
1.85102
1.87088
1.84706
1.78304
1.92443
1.78441
1.86015
1.9691
1.93088
1.9427
1.88753
1.86097
1.78338
1.70586
1.84395
1.7644
1.73401
1.91524
1.98538
1.74149
1.8413
1.76637
1.70899
1.87268
2.01228
1.73482
1.81394
1.88991
1.94212
1.73155
1.81354
1.88814
1.74697
1.93905
1.82659
1.79872
1.79547
1.91551
1.71729
1.77451
1.77288
1.72389
1.86669
1.87703
1.70659
1.78419
1.96519
1.97021
1.79484
2.02276
1.87898
2.02756
1.99698
1.72073
1.85878
2.00318
1.77685
1.76118
1.82802
1.8029
1.82974
1.92124
1.7396
1.81257
1.70805
1.72593
1.94589
1.87823
1.86796
1.82253
1.9714
1.71417
1.83635
1.7444
1.82002
1.85265
1.81951
1.85016
1.72148
1.77789
1.86755
1.88656
2.02994
1.81734
1.88796
2.0048
2.01062
1.76436
1.7657
1.85697
1.85794
1.76904
1.7632
1.77751
1.76894
1.70185
1.73173
1.92292
1.70998
1.99732
1.83191
1.80452
1.84223
1.7272
1.72188
1.86933
1.75243
1.85971
1.73557
1.76985
1.79988
1.81132
1.72533
1.74333
1.81645
1.73836
1.97716
1.86366
1.74036
1.76315
1.96647
1.83769
1.97215
1.78472
1.84126
1.714
1.90537
1.86262
2.02537
1.82534
1.70475
1.91766
1.9861
1.72191
1.86526
1.76017
1.86196
1.7164
1.707
1.71306
1.95601
1.91469
1.80717
1.89449
1.7239
1.76094
1.80775
1.83054
1.85616
1.97842
1.90899
1.73491
1.86382
1.87015
1.91397
1.86266
1.98924
1.92178
1.91957
1.7071
1.75424
1.86083
1.87316
1.76868
1.95995
1.71523
1.99365
1.84711
1.83785
1.97711
1.93103
1.73747
1.83191
1.72209
1.89784
1.81119
1.87613
1.96494
1.99993
1.85289
1.70021
1.87995
1.70809
1.81283
1.79065
1.83628
1.93738
1.86082
1.9861
1.8861
1.78295
1.80783
1.85926
1.89539
1.95072
2.03487
1.76709
1.73304
1.73634
1.72992
1.95356
1.83204
1.88363
2.01878
1.83524
1.81017
1.90196
1.8608
1.73062
2.03763
1.75796
1.77957
1.72708
1.70098
1.73317
1.73715
1.80784
1.84252
2.03242
1.97727
1.80303
1.78898
1.9463
2.0368
2.00222
1.79526
1.99289
1.87849
1.87773
1.83844
1.97753
1.95935
1.87804
1.917
1.73593
1.84512
1.85847
2.01497
1.77569
1.81188
1.87121
1.79709
1.72325
1.78149
1.73488
1.95559
1.97664
1.89064
1.76255
1.76253
1.82569
1.86389
1.86353
1.96722
1.9706
1.86364
1.7557
1.71062
1.70745
1.84344
1.8265
1.90004
1.73316
1.75335
1.77592
1.89227
1.96616
1.97908
1.70673
1.87947
1.80421
1.87338
1.87242
1.82789
1.88922
1.98723
1.73625
1.86239
1.85494
1.72272
1.84877
1.7533
1.77658
1.85293
1.74329
1.791
1.7282
1.74329
1.8311
1.88602
1.70241
1.99617
1.93102
1.75902
1.72173
1.79034
1.90678
1.89379
1.88975
1.78682
1.73074
2.00607
1.84724
1.70395
1.89139
1.86593
2.00669
1.90023
1.90703
1.76595
2.03723
2.02274
1.91995
1.82439
1.79269
1.79671
1.70518
2.00957
2.04071
1.83543
1.82718
1.96801
1.87654
1.78727
1.76683
1.87155
1.80367
1.70707
1.91517
1.7276
1.73774
1.7318
1.89697
2.04058
1.82123
1.75378
1.88284
1.78552
1.76016
1.72188
1.86726
1.74386
1.71342
1.97926
1.71276
1.71115
1.89173
1.7124
2.02534
1.75841
1.73721
1.81618
1.86427
1.86077
1.85129
1.79698
2.04198
1.70053
1.79756
1.81769
1.86385
1.87335
1.95717
1.84161
2.03966
1.9272
1.89493
1.71191
1.71391
1.96265
1.943
1.97521
2.00848
1.72569
1.71588
1.82763
1.7721
2.04709
2.0076
1.72616
1.70677
1.74949
1.92512
2.00826
1.83361
1.8595
1.78732
1.76443
1.74681
1.99222
1.71993
1.94868
1.975
2.0303
1.70406
1.89684
1.99675
1.89823
1.79593
1.87227
1.99226
1.87872
1.97745
1.84105
1.92025
1.92165
1.84527
1.77118
1.83063
1.70291
1.84218
1.87721
1.88575
1.87839
1.95018
1.76027
1.88167
1.73211
2.03023
1.73784
1.85632
1.71711
1.95059
1.70874
1.83672
1.82665
1.7544
1.84544
1.88818
1.93341
1.70046
1.84268
1.84932
1.86254
1.75919
1.79914
1.95585
1.87077
1.89783
1.889
1.82139
1.7205
1.87884
1.86709
1.982
1.93386
1.71908
1.77869
1.70307
1.85154
1.88474
1.93886
1.82882
1.98894
1.80721
1.74635
1.86613
1.78292
1.75571
1.84013
1.88353
1.87832
1.91456
1.87953
1.71789
1.85833
1.87378
1.84262
1.74733
1.77174
1.87919
1.86902
1.7919
1.83205
1.85735
1.71509
1.91349
1.9273
1.92376
1.70772
1.85072
1.89135
1.89071
1.86671
1.76078
2.00983
1.75379
1.84307
1.77122
1.93985
1.76996
1.75707
1.98065
1.74257
2.04302
1.88307
1.81793
1.71392
1.8626
1.98102
2.01463
1.83242
1.99009
2.02449
1.79033
1.8013
1.94865
1.70791
1.84667
1.82339
1.7924
1.74585
1.80754
1.98194
1.98332
1.70902
1.87031
1.81174
1.87465
1.98012
1.74905
1.81555
1.84502
1.858
1.89369
1.86785
2.0442
1.86448
1.87492
1.85469
1.84758
1.8271
1.99957
1.92674
1.764
1.78293
1.77911
1.78675
1.99962
2.01524
1.81543
1.97491
2.02659
1.84193
1.79923
1.92274
1.8493
1.79491
1.88459
1.97127
1.72157
2.04699
1.79659
1.8694
1.76601
1.79089
1.77806
1.92789
1.96201
1.97112
1.98146
1.71038
1.79923
2.02349
2.00687
1.92267
1.98248
1.7832
1.71055
1.9688
1.71148
1.85431
1.77934
1.88166
1.79129
1.77496
1.95542
1.84295
1.76578
1.74028
1.92873
1.81167
1.9187
1.70857
1.74003
1.72921
1.87214
1.77159
1.83694
1.74734
1.8333
1.81258
1.76863
1.79237
1.87463
1.75023
1.74152
1.82138
1.73678
2.01988
1.99277
1.77686
1.89914
1.98649
1.85157
1.81337
1.86392
1.92255
1.88568
1.75941
1.9498
1.99552
1.86559
1.86411
2.02879
1.81507
1.70663
1.79997
1.71976
1.81218
1.89472
1.90552
1.81537
1.82568
1.71346
1.77654
1.84622
1.72466
1.79917
1.88882
1.91409
1.94914
1.70306
1.72674
1.75423
1.70903
1.82092
1.7524
1.80459
1.77021
1.79157
1.74747
1.8249
1.86161
1.75714
1.7782
1.81458
1.72781
1.91705
1.86749
1.73905
1.79388
1.75375
1.83548
1.86013
1.80021
1.83777
2.01244
1.73036
1.86741
1.92553
1.75983
1.79927
1.91528
1.87554
1.90265
1.85321
1.70764
1.75372
1.78228
1.76977
1.78348
1.87656
1.84365
1.88427
1.77181
1.89695
1.88819
1.93475
1.96616
1.75055
2.01151
1.92626
1.71409
1.85241
1.86781
1.78739
1.73533
1.76974
1.9005
1.81192
1.85292
1.85811
1.94591
1.73131
1.82917
1.75552
1.81899
1.8478
1.78487
1.83791
1.95474
1.75983
2.00761
1.733
1.81891
1.99235
1.84916
1.90061
1.81386
1.82632
1.72764
1.84716
1.73544
1.91054
1.77306
2.04779
1.827
1.87501
1.76167
1.85467
1.96386
2.01625
1.86728
1.85884
1.89335
1.8526
1.84064
1.80449
1.95963
1.73831
1.73592
1.77288
1.91681
1.72876
1.88279
1.87714
1.85807
1.79554
1.83867
2.00712
1.76111
1.86985
1.77987
1.86556
1.75393
1.72197
1.81993
1.85218
2.03707
1.86548
1.87849
1.89103
2.00782
1.70261
1.73353
1.83284
1.86821
1.89901
1.7837
1.98151
1.85802
1.88199
1.76753
1.81881
1.78681
1.8972
1.87761
1.77421
1.86425
1.74068
1.71922
1.97004
1.84438
1.89243
1.83985
1.90531
1.86909
1.75057
1.81293
1.75947
1.85294
1.90617
1.70465
1.72342
1.97709
1.76267
1.88611
1.91545
1.87663
1.81777
1.78394
1.79068
1.77805
1.87343
1.88445
1.76735
1.79636
1.72966
1.92967
1.7821
1.95498
1.87043
2.04183
1.73567
1.93033
1.877
1.82655
1.86092
1.8195
1.80838
1.77714
1.96273
1.91742
1.76302
1.85688
1.78762
1.81727
1.85614
1.73923
1.73471
1.94896
2.03321
1.89575
1.85105
1.88161
1.89617
1.71955
1.85454
1.70733
1.84143
1.99505
1.72896
1.72733
1.97068
1.84791
1.89141
1.83447
1.78278
2.00457
1.73548
1.70682
1.76586
2.02931
1.9526
1.72808
1.86199
1.71567
1.76361
1.74616
1.87713
1.85135
2.03633
1.88475
1.72214
1.76306
1.89307
1.86366
2.02349
1.87095
1.88253
1.85084
1.80268
1.86865
1.8553
1.8428
1.88935
1.99771
2.03388
1.81169
1.73255
1.74237
1.8623
2.00322
1.84308
1.71397
1.95123
1.86031
1.71356
1.85932
1.79628
1.81538
1.76822
1.84543
1.83464
1.86465
1.83631
1.71937
1.72098
1.87905
1.78902
1.92692
1.98519
1.87502
1.90375
1.85351
1.72396
1.7829
1.93699
1.77257
1.70833
1.95716
2.00679
1.77029
1.70503
1.89808
1.8511
1.75027
1.90584
1.72443
1.87792
1.88572
1.91987
1.87311
2.04399
2.02626
1.84287
1.78738
1.73968
1.71683
2.01326
1.88727
1.70321
1.83657
1.88518
1.98506
1.86765
1.80598
1.72283
2.00408
1.86251
1.91333
1.83973
1.85148
1.87172
2.0194
1.71034
1.70148
1.86299
1.98659
1.73626
1.80458
1.94737
1.85336
1.83122
1.89271
1.82264
1.87713
1.85056
1.94562
1.99416
2.03709
1.87824
1.73042
1.90824
1.86524
1.70431
1.85565
2.02857
1.85926
1.79337
1.84819
1.7577
2.04599
2.02049
1.84917
1.8554
1.8257
1.7926
1.84461
1.85519
1.98291
1.9988
1.79767
1.91885
1.86998
1.90054
2.0287
1.84134
1.89904
1.72974
1.75883
1.78873
1.70977
1.78759
1.72383
1.86011
1.90236
1.86426
1.74388
1.96962
1.80543
1.72437
1.73411
1.88475
2.01584
1.86273
1.84666
1.83292
1.83745
1.98978
1.85825
1.97723
1.7884
1.71782
1.71341
1.76215
2.03287
1.7518
1.7154
1.86238
1.77035
2.01254
1.78799
1.74851
1.78431
1.86939
1.84517
1.72265
1.93678
1.81353
1.80133
1.91238
1.82082
1.81186
1.72405
2.00332
1.7264
1.81742
1.7682
1.89734
1.83759
1.87062
1.99307
1.73993
1.87491
1.76855
1.75419
1.79423
1.88268
1.87133
1.71306
1.78221
1.861
2.00014
1.79064
2.01757
2.01638
1.85415
1.80687
1.7216
1.91198
1.98583
1.7303
1.78959
1.70169
1.79616
1.97786
1.71044
1.70722
1.98068
2.03028
1.70543
1.95945
1.76768
2.04358
1.82539
1.76891
1.95766
1.75281
1.87608
1.76987
1.86547
2.01898
1.87809
1.76654
1.77025
1.70335
1.83022
1.70653
1.79485
1.78102
1.72278
1.7089
1.78035
1.76468
1.92092
1.77904
1.86567
2.02491
1.76796
1.97081
1.86219
1.73585
1.72368
1.93116
1.86053
1.8678
1.75343
1.86464
1.81146
1.85084
1.74453
1.71001
2.03229
1.74938
1.87614
1.74991
1.98011
1.83318
1.97045
1.86924
1.88165
1.7259
1.85989
2.02038
1.78871
2.01105
2.01327
1.73476
1.91557
1.91237
1.97749
1.74057
1.86878
1.79447
1.70904
1.73044
1.72836
2.04105
1.84692
1.79047
1.8763
2.03493
2.04818
1.80589
1.77986
1.73808
1.79464
1.88959
1.96481
1.86928
1.74661
1.75452
1.90737
1.7504
1.73327
1.99279
1.75723
1.72562
1.90846
1.73844
1.97276
1.74402
1.90371
1.85552
1.85465
1.72022
1.73386
1.89768
1.70733
1.8545
1.89239
1.76565
1.7019
1.88928
1.90289
1.76513
1.91902
1.71495
1.96013
1.96023
1.77758
1.82229
1.75182
1.72481
1.74548
1.91813
1.73589
1.72393
1.95674
1.79087
1.93986
1.83786
1.83971
1.79549
2.01007
1.85512
1.84388
1.77255
1.78192
1.96879
1.851
1.81682
1.80194
1.98191
1.74958
1.87299
1.94453
1.78434
1.77497
1.88963
2.03796
1.79807
1.8733
1.85168
2.04705
1.88027
1.76049
1.81375
1.76633
1.71701
1.77609
2.04048
1.85727
1.92288
1.94894
1.72724
1.8626
2.00517
1.84735
1.71021
1.7072
1.8645
1.72515
1.74366
2.04475
1.72547
1.91721
1.77563
1.73562
1.79584
1.73152
1.72404
1.70796
1.7848
1.8735
1.96246
2.02911
2.04151
1.72321
1.88544
1.81804
1.70519
1.86006
1.86501
1.89047
1.85453
1.71605
1.88326
1.75758
1.90104
1.73313
1.72159
1.84803
1.85335
1.86829
1.78542
2.0193
1.72695
1.74119
1.79425
1.95842
1.76042
1.77108
1.80988
1.91125
1.86334
1.86186
1.80155
1.77691
1.73713
1.87456
1.86398
1.87912
1.82439
1.76906
1.72577
2.00622
1.87503
1.8679
1.85855
1.80764
1.72774
1.75792
1.98457
1.70641
1.90546
1.9204
2.00385
1.9526
1.85786
1.73941
1.81216
1.94191
1.77755
1.84855
1.75731
1.77014
1.83782
1.75725
1.72652
1.7944
1.93193
1.81171
1.70463
1.74844
1.74437
1.82932
1.75032
1.88945
1.77068
1.85051
1.70407
1.85046
1.71467
1.88407
1.77934
1.73984
1.86836
1.71106
1.77658
1.81221
1.72353
1.73019
1.73211
1.90441
1.79014
1.85621
1.90061
1.71479
1.87726
1.85111
1.99335
1.71148
1.89729
1.76764
1.94689
2.02926
1.87571
1.71322
1.75255
1.72163
1.86238
1.96709
1.83047
1.83122
1.75194
1.74729
2.04013
1.77849
1.76801
1.82149
1.95792
1.70942
1.87753
1.98228
2.03751
1.8605
1.80195
1.76525
1.87583
1.78623
1.80449
1.86555
1.75702
2.02879
1.90827
1.9281
1.82689
1.8108
1.75345
1.8441
1.76763
1.8134
1.70037
1.73904
1.75731
1.76605
1.7433
1.80753
1.70633
1.87297
1.79619
1.85158
1.74137
1.76518
1.89192
1.76771
1.78344
2.02933
1.75938
1.72878
1.74024
1.75326
1.70707
1.86603
1.71805
1.77098
1.81503
1.76805
1.85457
1.70945
2.02082
1.96049
1.74229
1.97741
1.86599
1.77181
1.78193
1.79781
1.74922
1.84206
1.70275
1.8617
1.84594
1.97609
1.70491
1.75256
1.98204
1.83519
1.90104
1.86624
1.90667
1.76705
1.71573
1.82266
1.70065
2.0197
1.81989
2.0155
1.7598
1.70583
1.83282
1.75612
1.88709
1.8639
1.97488
1.76894
1.9799
1.81015
1.85418
1.97326
1.85345
2.04935
1.88393
1.84233
1.74675
1.77878
1.7635
1.79739
1.933
1.70264
1.86466
1.72661
2.04332
1.75438
1.76833
1.79621
2.04171
1.89976
1.80355
1.72543
1.82172
1.76943
1.86276
1.94312
1.87696
1.9028
1.90964
1.91335
1.86541
1.72393
1.70054
1.74622
1.82741
1.78572
1.84713
1.78064
1.95873
1.79641
1.88726
1.90979
1.72942
2.01545
1.76147
1.96785
1.85708
1.70255
1.70168
1.90087
1.86458
1.81054
2.04216
1.74432
1.78761
1.99689
1.84987
1.84947
1.8684
1.75951
1.91812
1.70817
1.83282
1.74981
1.91241
1.82156
1.7228
1.77448
1.88085
1.71388
1.9156
1.75338
2.02106
1.81037
1.74414
1.72606
1.72746
2.03824
1.84192
1.83878
1.91518
2.04554
1.92633
2.0269
1.85725
2.01703
1.89438
1.87558
2.00626
1.86147
1.70474
1.83844
1.88534
1.71954
1.82422
1.91038
1.86149
1.80671
1.7818
1.8387
1.74231
1.8096
1.73118
1.94363
1.77434
1.88124
1.93913
1.77977
2.02276
1.83688
1.74408
2.03533
1.70118
1.74236
1.72623
1.89942
1.91763
1.86742
1.9459
1.73617
1.75309
2.04735
1.8434
1.9854
1.71562
1.76217
1.76784
1.79342
1.7623
1.75301
1.87949
1.78445
1.81725
2.00159
1.82429
1.91179
1.71444
2.02986
1.90937
1.87177
1.88706
1.71565
1.82882
1.9153
1.81188
1.9102
1.94205
1.99611
2.00095
1.85927
1.74788
1.71334
1.74885
1.74409
2.01863
1.75137
1.87588
1.71805
1.80046
1.90403
1.80029
1.77528
1.99069
1.94301
1.81253
1.9117
1.8065
1.9626
1.8092
1.79144
1.85331
1.71574
1.85594
1.86858
1.7948
1.88247
1.72811
1.76925
1.99024
1.74347
1.95962
1.75445
1.80577
2.04037
2.008
1.86066
1.86825
1.77884
1.9882
1.84297
1.74602
1.87212
1.79885
1.88636
1.99777
1.7995
1.98642
1.84278
1.81283
1.86111
1.81755
1.7837
1.70978
1.83313
1.92785
1.85026
1.77084
1.73583
1.94126
1.87064
1.7723
2.03719
1.86698
1.89358
1.84218
1.91146
1.7243
1.81809
1.85011
1.80464
1.95053
1.71429
1.96286
1.86261
1.70639
1.88245
1.75413
1.73226
1.86498
1.77431
1.89507
1.93987
1.71404
1.89686
1.71449
2.02638
1.7507
1.7588
1.8397
1.8093
1.97305
1.74008
1.93855
2.01592
1.85988
1.82841
1.81679
1.88669
1.80146
2.00467
1.86922
1.73085
1.73263
1.83884
1.81714
1.855
1.70135
1.99526
1.70077
1.73057
1.84972
1.88953
1.72835
1.93233
1.75061
1.73817
1.71362
1.86506
1.85864
1.93275
1.79654
1.9966
1.85788
1.90287
1.84187
1.74862
1.82683
1.76181
1.80562
1.81357
1.90101
1.88086
1.74895
1.75384
1.72429
1.94718
2.02684
1.80172
1.76158
1.87749
1.71866
1.73624
1.86822
1.74061
1.72563
1.90545
1.94273
1.9688
1.7723
1.97417
1.7384
1.82076
1.92883
1.77562
1.97021
1.92071
1.88892
1.82456
1.79935
1.78428
1.84355
1.88265
1.73324
1.96117
1.89167
1.88272
1.84153
1.79485
1.94187
1.86548
1.75346
1.74069
1.71999
1.79563
1.84686
1.831
1.70847
1.87487
1.78268
2.01348
1.78955
1.79123
1.93017
1.84222
1.86014
1.87128
1.87776
1.90627
1.88656
2.0436
1.86145
1.7844
1.77946
1.77917
1.86384
1.7822
1.70858
1.94772
1.91653
1.93993
1.75927
1.97785
1.95141
1.89208
1.70784
1.83128
1.74837
1.82315
1.85065
1.84748
1.93245
1.88528
1.85949
1.77657
1.8248
1.88425
1.7115
1.80778
1.79323
1.91345
2.03097
1.72544
1.74447
1.86838
1.93996
1.94336
1.82434
1.7983
2.03427
1.93994
2.04326
1.70042
1.86407
1.95598
1.76584
1.8656
1.87535
1.80152
1.85399
1.88363
1.92971
1.79505
1.82368
1.73982
1.79133
1.97721
1.86576
2.00446
1.86852
1.86029
1.81198
1.91425
1.99523
1.86243
1.73613
1.99435
1.73672
1.76541
2.04051
1.72222
1.89586
1.89166
1.90909
1.93545
1.90083
1.93338
1.87365
1.72179
1.70144
2.03786
1.74677
1.84673
1.79633
2.01952
1.88866
1.77728
1.76826
1.90581
1.85488
1.79796
1.86343
1.87609
1.71886
1.76805
1.98093
1.93031
1.96429
1.76106
1.85545
1.87739
1.91917
1.91115
1.92367
1.7368
1.81207
2.03072
1.84203
1.8079
1.71178
1.70403
1.79995
1.784
1.91407
1.83389
1.79759
1.73214
1.90272
1.71116
1.80216
1.70796
1.82014
1.85185
1.87402
1.8852
1.80778
2.0155
1.76844
1.81464
1.82928
1.87986
1.99306
1.94798
1.93149
1.76716
2.0162
1.88211
1.82099
2.0323
1.87817
1.8622
1.83256
1.76061
1.8764
1.87977
1.86775
1.78029
1.72499
1.72612
1.71306
1.78002
1.76771
1.92332
1.88078
1.736
1.86763
1.82643
1.74593
1.8374
1.85157
1.7323
1.78373
1.74132
2.0156
1.88004
1.75676
1.75462
1.81112
1.7444
1.86004
1.90536
1.78877
1.84467
1.723
1.70661
1.73424
1.72079
1.83636
1.84555
1.74348
1.93638
1.77678
1.73235
1.99165
1.82373
1.78246
1.843
1.8479
1.81832
1.94775
1.88626
1.83474
1.8892
1.81468
2.02699
1.74154
1.76005
1.87312
1.85355
1.84913
1.85324
1.86953
2.01795
1.85336
1.84502
1.86378
1.87143
1.85782
1.92631
1.93597
1.72098
1.87081
2.03267
1.9051
1.88965
1.72346
1.98177
2.00183
1.87889
1.7222
1.96834
1.77383
1.70136
2.00542
1.86198
1.91042
1.78163
1.75839
1.8006
1.83892
1.95216
1.94459
1.73254
1.72009
1.88299
1.84071
1.86678
1.79736
1.80894
1.89202
1.7725
1.96939
1.75992
1.86682
1.85319
1.70461
1.74842
1.87383
1.8514
1.84123
1.7112
1.76808
1.86853
1.79046
1.771
1.81075
1.70733
1.8583
1.70341
1.85255
1.85486
1.89046
1.8384
1.94118
1.72104
2.04169
1.88927
1.93012
2.0063
1.85289
1.77631
1.82466
1.70889
1.72325
1.83171
2.02286
1.71505
1.96102
1.7927
1.72557
1.85788
1.85131
1.80606
1.7127
1.70892
1.98081
1.89114
1.82308
1.88398
1.9456
1.70531
1.75393
1.88907
1.75533
1.78634
1.78534
1.71105
1.83788
1.86712
1.79093
1.72531
1.73976
1.79477
1.7862
1.86714
1.77843
1.94085
1.78451
1.82266
1.73141
1.70568
1.74733
1.70493
1.87611
2.02507
1.86938
1.80416
1.74414
1.83822
1.9632
1.92708
1.81718
1.89027
1.91
1.81321
1.74339
1.72155
1.77151
1.99644
1.73502
1.85791
1.85079
1.83636
1.83418
1.95658
1.7235
1.85046
1.85298
1.75084
1.86078
1.92533
1.86627
1.83221
1.75615
1.84047
1.77938
1.89284
1.74919
1.96449
1.85043
1.76313
1.87163
1.73288
1.81413
1.78396
1.71458
1.75892
1.85125
1.87686
1.8223
1.73844
1.71123
1.79107
1.78613
1.72444
1.73331
2.02729
1.74045
2.03178
1.74611
1.93331
1.79547
1.86516
1.70383
1.81612
1.77147
1.86162
1.87196
1.72143
1.94561
1.80575
1.87564
1.70661
1.90824
1.81533
1.80503
1.79021
1.82635
1.93083
1.81966
1.77972
1.71904
1.909
1.9074
1.91914
1.99501
2.02151
1.70113
1.70261
2.00124
1.96917
1.79603
2.03168
1.93487
1.75905
1.94267
1.82161
1.91819
1.90853
1.90995
1.95563
1.85445
1.8934
1.96678
1.80299
1.79253
1.85016
2.02882
1.73042
1.85436
1.71258
1.80995
1.75535
1.7992
1.76626
1.84992
1.7999
1.93125
1.76232
1.88486
1.83432
1.76507
1.89741
1.86575
1.7955
1.72203
1.85047
1.77747
1.73382
1.71374
1.71319
1.78653
1.82048
1.86067
1.90931
1.78666
1.86014
1.92217
1.89674
1.86442
1.9647
1.71603
1.72057
1.95112
1.85009
1.93461
1.77681
1.70259
1.70698
1.71042
1.85324
1.78802
1.70918
1.80189
1.77551
1.88436
1.79612
1.84947
1.86921
1.93573
1.81343
1.78208
1.77923
1.90648
1.73535
1.87044
1.75981
1.71447
1.93053
1.82906
1.86083
1.98735
1.79534
1.70513
1.93745
2.00882
1.903
1.81696
1.75146
1.7694
1.86263
1.70885
1.83764
1.88643
1.87822
1.98303
2.0267
1.7502
2.04465
1.81635
1.88877
1.71611
1.8775
1.85847
1.72443
1.91438
1.74336
1.72603
1.8841
1.8921
1.87796
1.91244
2.0173
1.99485
1.99795
1.88812
1.7408
1.88123
1.73518
1.86947
2.04647
1.83251
1.90753
1.70464
1.74787
1.9916
1.87854
1.84315
1.79727
1.86698
1.70114
1.83087
1.8723
1.70948
1.7362
1.74478
1.7673
1.74789
1.7043
1.87516
1.81196
1.71154
1.75792
1.85351
1.77869
1.84443
1.70827
1.77497
1.93218
1.82408
1.89556
1.80699
2.01263
1.96043
1.90687
1.78701
1.72502
1.85143
1.85215
2.01239
1.86967
1.98888
1.96485
1.81917
1.90929
1.85128
1.99538
1.81295
1.83947
1.95519
1.90893
1.84091
1.88345
1.7004
1.83418
1.92661
1.96728
1.84271
1.99408
1.7544
1.79803
1.95143
1.7612
1.87781
1.82673
1.80624
1.70541
1.70687
1.93455
1.73428
2.0475
1.77385
1.80534
1.94162
1.777
1.84937
1.97888
1.74448
1.84312
1.76504
1.72476
1.85422
1.87622
2.03509
1.86885
1.75011
2.01117
1.82479
1.72223
1.71594
1.76596
1.76789
1.97544
1.8275
1.87488
1.95811
1.83331
1.79165
1.88577
2.04771
1.84994
1.75173
1.86856
1.7898
1.89339
1.78714
1.72049
1.83617
1.88107
1.86668
1.70561
1.98505
1.71965
1.84431
1.9599
1.88199
1.86008
1.75043
1.86426
1.83992
1.85185
1.92011
1.75488
1.81264
1.90453
1.88576
1.85245
1.85851
1.71681
1.73213
1.81458
1.75223
1.77697
1.97664
1.86831
1.76029
1.74701
1.95196
1.87182
2.0422
1.86308
2.03018
2.04434
1.84062
1.85228
1.78055
1.76928
1.75235
1.92898
2.02241
1.90208
1.86647
1.72428
1.83205
1.74013
1.84471
2.01959
1.85564
1.91389
1.87592
1.70441
1.90685
1.71882
1.88255
1.90555
1.78247
1.71608
2.00322
1.86819
1.9645
1.74127
1.99098
1.72871
2.01109
1.78019
1.99336
1.70276
2.00372
1.76373
1.96673
1.86284
1.90444
1.87316
1.96063
1.70511
1.85303
1.91466
1.8614
1.86445
1.85099
1.78194
1.86718
1.81263
1.75442
1.81149
1.90823
1.70869
1.81009
2.04796
1.78778
1.83931
1.93931
1.74305
1.88517
1.70844
1.85938
1.8598
1.77967
2.00352
1.867
1.71275
1.72745
1.8918
1.80038
2.0016
1.71941
1.87832
1.90695
1.89918
1.70177
1.84781
1.96677
2.04752
1.86713
1.9846
1.74029
1.8233
1.8303
1.98766
1.85568
1.78563
1.86554
1.80215
1.85518
1.80534
1.92521
1.72565
1.7483
1.97938
1.86424
1.95351
2.01281
1.94443
2.00399
1.70719
1.86939
1.75953
1.77997
1.81943
1.79011
1.92394
1.71804
1.78905
1.72444
1.90045
1.77054
1.87353
1.83014
1.8219
2.00749
1.73168
1.86337
1.98851
1.85401
1.74301
1.86813
1.87082
1.86199
1.86886
1.81097
1.86549
1.7969
2.02037
1.91179
1.70601
1.86776
2.00489
2.0247
1.74063
1.73834
1.83704
1.76521
1.88862
1.87672
1.84283
1.80116
1.71403
2.0005
1.81341
1.77678
1.85249
1.90724
1.87796
1.99515
1.88333
1.87393
1.97278
1.85443
1.99869
1.93542
1.91693
1.86828
1.77508
1.8684
1.93537
1.74693
1.71334
1.85821
1.7776
2.02065
1.78764
1.8923
1.88312
1.88679
1.7125
1.88788
1.83419
1.82876
1.98767
2.03169
1.91762
1.93543
1.98849
1.74052
1.90507
1.77797
1.7833
1.71108
1.86414
2.02377
1.81086
1.90322
1.7436
1.97299
1.8958
1.81046
2.00917
1.8243
1.748
1.84227
1.88805
1.8638
1.89379
1.83226
1.87488
1.89861
1.717
1.85886
1.85519
1.74874
1.86978
1.82106
2.02184
2.04309
1.74819
1.72115
1.92064
1.97573
1.71386
1.90855
1.8597
1.9242
1.72267
2.0086
1.87311
1.75597
1.74953
1.72365
1.72761
1.72776
1.70307
1.85232
1.72342
2.02156
1.86382
1.75781
1.96839
1.72394
1.91713
1.70652
1.99993
1.84504
1.78485
2.02633
1.97409
1.98075
1.86052
1.74199
1.85095
1.70906
1.98526
1.92564
1.94704
1.85391
1.7161
1.80867
1.75662
1.7039
1.76854
1.71877
1.98675
1.76676
1.78922
1.7477
1.80587
1.83775
1.74858
1.97237
1.88948
1.87288
1.91856
1.92572
1.7291
1.89858
1.96389
1.80929
1.9061
2.0295
1.75692
1.7611
1.7912
1.76394
1.81726
1.84349
1.7051
1.90626
1.87281
1.73697
1.82305
1.85346
1.97502
1.99468
1.85422
1.75637
1.86693
1.85013
1.72992
1.77232
1.84873
1.85689
1.8496
1.83852
1.88513
2.03414
1.83883
1.84388
2.04389
1.75076
1.89415
1.78989
1.82835
1.70164
2.02554
1.84484
1.81191
1.74153
1.82804
1.9554
1.86838
1.8032
1.76282
1.84581
1.83868
1.9607
1.93101
1.70158
1.77111
1.86177
2.01519
1.72965
1.73121
1.7255
1.86284
1.7055
1.90572
1.96491
1.86993
1.73374
1.9072
1.74655
1.85284
1.89044
1.7824
1.97681
1.75743
1.75278
1.84572
1.74782
1.72438
1.8527
1.82667
1.8552
1.70421
1.85888
1.77918
1.85193
1.77548
1.75982
1.76029
1.71279
1.98781
1.71483
1.8616
1.79076
1.72653
1.79776
1.86659
1.8786
1.76963
1.98884
1.84597
1.8179
1.85318
1.86865
1.83154
1.78829
1.71555
2.00706
2.00642
1.70663
1.96383
1.80971
1.82954
1.77333
1.71053
2.01008
1.82993
1.70739
1.99583
1.93097
1.77998
1.96923
1.90898
1.87212
1.86261
1.94363
1.80603
1.81537
1.87179
1.86994
1.70549
1.85574
1.72941
1.75857
1.86722
1.95097
1.78009
1.85926
1.81998
1.83442
1.84396
1.70941
1.84152
1.72382
1.73317
1.82977
2.00312
1.96935
1.72833
1.76409
1.7858
1.86924
1.72717
1.73898
1.72612
1.81433
1.89039
1.89892
1.73721
2.02894
1.75318
1.85993
2.00709
1.91197
1.77228
1.7873
1.97154
1.83611
2.00255
1.85375
1.77085
1.70078
1.70144
1.71982
1.73082
1.74508
1.80394
2.01513
1.79191
1.95652
2.03025
1.92655
1.77275
1.73
2.03749
1.70261
1.70577
2.01497
1.8227
1.86057
1.96878
1.84858
1.711
1.79775
1.92779
1.88507
2.04309
1.76804
1.70199
1.78784
1.88655
1.98357
2.0488
1.99721
1.86567
2.02807
1.8556
2.02523
1.82518
1.99361
1.71216
1.75161
1.83079
1.84109
1.84673
1.87821
1.9118
1.9621
1.78937
1.70996
1.71245
1.81192
2.03727
1.83486
1.82179
1.70603
1.82909
1.99882
1.92964
1.82111
1.86354
1.87819
1.79646
1.74533
1.86824
2.00309
2.03162
1.83039
1.7042
1.83883
1.78577
1.83297
1.76017
1.9176
1.8757
1.73733
1.71215
1.84394
1.85428
1.88865
1.70068
1.8284
1.71401
1.84289
1.91553
1.71629
1.86225
1.98965
1.83705
1.76287
1.92627
1.98209
1.78507
2.04335
1.81521
1.87775
1.95852
1.70432
2.03805
1.73842
1.89233
1.85208
1.81873
1.746
1.76409
1.84462
1.93194
1.87312
1.82858
1.97544
1.77405
1.85542
1.85592
1.74449
1.74958
1.70102
2.02983
1.86932
1.87072
1.75234
1.93149
1.79168
1.87179
1.89725
1.96535
2.04936
1.86319
2.01736
1.85909
2.04852
1.80871
1.81865
1.84234
2.0137
1.77075
1.98453
1.84908
1.75187
1.84757
1.75748
1.74948
1.94669
1.94736
1.70503
1.93655
1.72623
1.73888
1.77835
1.84399
1.8641
2.00896
1.90945
1.86038
1.80225
2.02434
1.78157
1.86172
1.72223
1.75363
1.85555
1.75626
1.81999
1.78204
1.74225
1.88097
1.88583
2.04521
1.88655
1.85864
1.75254
1.84725
2.00048
1.88428
1.75931
1.85771
1.86652
1.94108
1.78209
1.84227
1.71206
1.98867
1.72361
1.95975
1.83756
1.92321
1.8929
1.81002
1.7441
1.70168
1.79517
1.86114
1.92651
1.73772
1.80228
1.76886
1.75452
1.84485
1.8802
1.81933
1.99829
1.77408
1.70658
2.03197
1.83219
1.73342
1.89706
1.92034
1.97031
1.92869
1.80085
1.78965
1.85795
1.89813
1.86781
1.86241
1.89492
1.78632
1.77749
1.81888
1.77506
1.89095
1.80761
1.86455
1.75579
1.73286
1.85548
1.8151
1.7051
1.70351
1.7422
1.9971
2.03309
1.89353
1.72586
1.77884
1.86004
1.75061
1.86997
2.02096
1.93729
1.98581
1.78001
1.81259
1.82221
1.83446
1.72486
1.7257
1.78972
1.80643
1.82274
1.86586
1.83329
1.95779
1.84178
1.87223
1.88813
1.81186
1.98202
1.81976
1.87661
1.8435
1.74373
1.80093
1.77806
1.72457
1.97389
1.7954
1.92426
1.80946
1.80875
2.02369
1.7662
1.90836
1.71963
1.96497
1.86317
1.86173
1.87553
1.91337
1.86601
1.7416
1.90235
1.70368
1.79245
1.86432
2.00527
1.75626
1.86259
1.94526
1.91945
1.89789
1.84122
1.74076
1.88118
1.96161
1.84524
1.86048
1.70745
1.94579
1.81119
1.88746
1.87331
1.89139
1.82074
1.72212
1.86397
1.85058
2.03516
1.92657
1.71046
1.82949
1.84784
1.97172
1.93587
1.94731
1.89039
1.91014
1.76721
1.80966
1.89913
1.95579
1.8308
1.70076
1.77916
1.90012
1.86878
1.74488
1.90401
1.82794
1.84233
1.72912
1.74345
1.75219
1.7138
1.85496
1.85959
1.83192
1.71723
1.85301
1.80162
1.99992
1.86032
1.73589
1.79308
1.74984
1.84583
1.72275
1.73925
1.88192
2.00547
1.82609
1.80013
1.84884
1.89596
1.95679
1.86236
1.87891
1.85714
1.89025
1.72861
1.70627
1.76726
1.75862
1.84295
1.71189
1.87934
2.02569
1.79774
1.99003
1.78603
1.78025
1.74364
1.84044
1.93106
1.73468
1.78836
1.79474
1.73052
1.8696
1.96644
1.87904
1.97166
1.75701
1.99471
1.8727
1.75002
1.9611
1.83824
1.88692
1.94172
2.00214
1.81913
1.71236
1.75537
1.70165
1.86722
1.77618
1.73252
1.98169
1.80464
1.82835
1.75026
1.70069
1.93185
1.75645
1.71768
1.91083
1.86262
1.8721
1.80091
1.82611
2.0121
1.82598
1.76071
1.81952
1.7334
1.94627
1.92466
1.79065
1.8824
1.88587
1.79357
1.8027
1.94731
1.74982
1.8904
1.73993
1.70274
1.92891
1.87079
1.82704
2.0159
1.78869
1.77618
1.8531
1.82224
1.70276
1.86212
1.96225
1.84948
1.85198
2.03908
1.72405
1.99528
1.85219
1.90744
1.86466
1.81084
1.88715
1.73591
1.81969
1.86858
1.81059
1.80353
1.94586
1.98454
1.87482
1.72684
1.87567
1.94434
1.80722
1.87357
1.79191
1.76561
1.88196
1.88301
1.77284
1.81635
1.76744
1.70112
2.03484
1.93144
1.86504
1.84956
1.87471
1.97028
1.78322
1.86013
1.82213
1.80542
2.00172
1.92572
2.00299
1.88538
1.88856
1.8329
1.71473
1.85472
1.84705
1.92488
1.9489
1.71817
2.03864
1.70732
1.74212
1.71601
1.92794
1.84735
1.9194
1.7401
1.92614
1.86723
1.79508
1.97874
1.86672
1.92639
1.89867
1.83714
2.0296
1.76913
1.70753
1.76961
1.96685
2.01898
1.7794
1.77568
1.72565
1.70263
1.86879
1.86463
1.98421
1.86725
2.02082
1.81836
1.74297
1.86682
1.92694
1.77294
1.71912
1.9156
1.76334
1.81583
1.7985
2.00324
1.7322
1.91492
1.9324
1.83946
1.98765
1.93855
1.76978
1.74896
1.97783
2.00674
1.88419
1.9663
1.87432
1.86554
1.8956
1.72129
1.7077
1.70354
1.86829
1.79533
1.98468
1.84962
1.75802
1.74315
1.76662
1.92023
1.99599
1.79308
1.86748
1.75753
1.70074
2.04129
1.75708
1.97737
1.97998
1.87915
1.85435
1.73796
1.84296
1.73508
1.93775
1.97655
1.99305
1.87122
2.04714
1.81298
1.73213
1.76582
1.9117
1.78328
1.83023
2.0064
1.71585
1.87025
1.91437
1.81462
1.89037
1.72863
1.70876
1.78492
1.87339
1.83855
1.79991
1.8386
1.73214
1.96681
1.7826
1.84724
1.72333
1.79356
1.78715
1.74705
1.88451
1.75784
1.82047
1.79676
2.00667
1.94331
1.88315
1.74193
1.86586
1.77041
1.97542
1.87077
1.95352
1.86461
1.89511
1.8468
1.84509
1.7314
1.87178
1.86225
1.83091
1.88256
1.81487
1.96856
1.80925
1.79455
1.73143
1.83847
1.75742
1.72047
1.71556
1.73415
1.70007
1.86611
1.78848
1.71512
1.87109
1.86151
1.81316
1.8153
1.83234
1.7858
1.82257
1.9071
2.01835
1.98074
1.9032
1.92186
1.87346
1.80391
1.90586
1.85022
1.70608
1.86963
1.71741
1.77854
1.90668
1.84297
1.77764
1.84719
1.86023
1.73359
1.82943
1.92095
2.00259
1.8736
1.71349
1.83033
1.89539
1.91568
1.90933
1.74216
1.84087
1.75976
2.01198
1.77197
1.88489
2.0135
1.88897
1.86009
1.98436
1.94755
1.722
1.78053
1.75874
1.82778
1.76724
1.83907
1.75024
2.0223
1.73341
1.74926
1.78691
1.81357
2.00943
1.84505
1.71466
2.03997
1.96496
1.83417
1.93213
1.7618
1.9228
1.79561
1.80865
2.01575
1.72618
1.89899
1.89618
1.87673
1.70866
1.74189
1.85372
1.99511
1.9097
1.80342
1.70425
1.85508
1.94937
1.86214
1.71763
1.84511
1.89472
1.74106
1.96236
1.87126
1.98734
1.88902
1.77376
1.73795
2.01773
1.99378
1.93332
1.75147
1.83728
1.86786
1.82923
1.92777
1.92003
1.84936
1.76482
1.96353
1.85634
1.85139
1.89643
1.84027
1.76747
1.70714
1.75056
1.89332
1.74849
1.97695
1.71071
1.75476
1.8984
1.76529
1.86645
1.84686
1.91307
1.72632
1.8367
1.86194
1.71328
1.86316
1.84084
1.86842
1.89119
1.92503
1.98148
1.73521
1.76455
1.74892
1.77817
1.90167
1.85564
1.73138
1.90101
1.76688
1.80811
1.71302
1.90119
1.7338
1.84605
1.74071
1.83249
2.01128
1.72752
1.77963
1.94818
1.91113
1.89058
1.70067
1.84817
2.01111
1.86633
1.76593
1.90864
1.91401
1.99417
1.94594
1.87756
1.93097
1.83861
1.86346
1.80868
1.74666
1.86482
1.75921
1.96065
1.8721
1.9695
1.86042
1.80822
1.88826
1.72478
1.92394
1.78219
1.73978
1.87825
1.84489
1.84884
1.93908
1.82695
1.90034
1.75544
1.75327
1.9315
1.87714
1.72769
1.86354
1.86044
1.85384
1.74429
1.85386
1.87269
1.95873
2.01271
1.948
1.72238
1.87965
1.99625
1.74235
1.88728
1.73959
1.73899
1.89621
1.70015
1.74617
1.80278
1.9564
2.02978
1.97003
1.73308
1.77019
1.85477
1.70042
2.02093
1.85802
1.80088
1.70945
1.76701
1.85143
1.72087
1.72378
1.83506
1.73729
2.04647
1.84454
1.76292
1.81464
1.97793
1.79981
1.88822
1.86631
1.80522
1.88849
1.9707
1.73267
1.77803
1.77825
1.85439
1.7191
1.70291
1.8278
1.79794
1.73833
1.85264
1.89099
1.91239
1.72711
2.02089
1.82975
1.70128
1.71174
1.90283
1.72148
1.80322
1.85558
2.02892
1.74931
1.92585
1.72504
1.83454
2.01313
1.86684
1.91566
1.77631
1.71501
1.71077
1.76519
1.7623
1.711
2.04941
2.04081
1.94456
1.87733
2.00761
1.88339
1.79621
1.74176
1.7233
1.96738
1.85754
1.71883
1.877
1.99953
1.92659
1.7708
1.76065
1.80383
1.70351
1.94916
1.8664
1.79192
1.97173
1.8246
1.96726
1.88486
1.90257
1.85164
1.9989
1.73411
2.00297
1.96567
1.7074
1.7341
1.95964
1.9396
1.77831
2.03983
1.75873
1.74612
1.76823
1.87699
1.93249
1.76071
1.77459
1.76739
1.70806
1.76902
1.86515
1.70111
1.77499
1.79252
1.72761
2.01939
1.92879
1.71986
1.90386
1.71397
1.72225
1.8713
1.7969
1.71027
1.98508
1.86108
1.88949
1.93835
1.80281
1.7213
1.75339
1.87535
1.70059
1.74325
1.71776
1.80708
1.86155
1.76215
1.99537
1.82492
1.73838
2.03012
1.71051
1.89718
1.8611
1.70093
1.98602
2.01329
1.86009
1.83759
1.75132
1.8261
2.02929
1.78136
1.83413
2.01697
1.8499
1.89443
1.73162
1.84533
2.0293
1.92697
1.71026
1.80449
1.99719
1.86865
1.87234
1.79327
1.72017
1.95514
2.04269
1.94903
1.87997
1.86115
1.71252
1.74874
2.01197
1.71443
1.71092
1.80229
1.84081
1.88685
1.96012
1.74396
1.86026
1.89596
1.8324
1.94822
1.80971
1.74711
1.81913
1.785
1.95504
1.86698
1.77699
1.93164
1.74042
1.75694
1.73084
1.87913
1.74958
1.74329
1.80782
2.02779
1.77584
1.71122
1.98563
2.04103
1.9541
1.81808
1.80635
1.74061
1.86695
1.88376
1.95648
1.90347
1.87388
1.97473
1.86599
2.03913
1.87343
1.75973
1.74895
1.79238
2.01103
1.99919
1.86894
1.89506
1.8512
1.76675
1.81108
1.86647
1.85358
1.73349
1.98278
1.7615
1.87302
1.85813
1.80716
1.70256
1.73693
1.93549
2.03815
1.98204
1.87273
1.80749
1.78051
1.90351
1.86284
1.86107
1.93625
1.76095
1.87405
1.84501
1.76886
1.87657
1.70471
1.80391
2.01381
1.90098
1.82699
2.03145
1.74836
1.94224
1.74503
1.96706
1.87796
1.78504
1.73961
1.74284
1.92198
1.97414
1.91733
1.76369
1.88207
1.85361
1.7504
1.71533
1.7052
2.00361
1.85261
1.86326
1.8365
1.70596
1.85521
1.74875
1.86648
1.80856
1.96246
1.74795
1.80403
1.91629
2.0049
1.96114
1.92574
1.83412
1.87554
1.85407
1.75549
1.76024
1.93074
1.77811
1.75884
1.96231
1.83388
1.70434
1.75146
2.0457
1.90488
1.87062
1.98071
1.71866
1.90953
1.96289
1.7396
1.8499
1.71365
1.77799
2.03455
1.80369
1.85828
1.73408
1.79672
1.83745
1.93772
1.9836
2.02595
1.9401
1.88914
1.88634
1.78576
1.85468
1.84525
1.81041
1.96159
1.89633
1.71116
1.78254
1.9756
1.94516
1.84557
1.90154
1.71788
1.96438
1.82184
1.91093
1.82419
1.87401
1.7908
1.71767
1.75402
1.75697
1.8453
1.95834
1.87837
1.75585
1.88372
1.92087
1.86001
1.87143
1.80286
1.76969
1.8644
1.7912
1.76853
1.84241
1.771
1.80567
1.98656
1.78235
1.79746
1.76773
1.71226
1.72853
1.73198
1.93152
1.76103
1.70917
1.86897
1.95756
1.90435
1.84128
1.70631
1.85204
1.79212
1.98988
1.90813
1.84674
1.97359
1.7832
1.94807
1.75772
1.89851
1.93288
1.72663
1.92419
1.97804
1.81313
1.90763
1.72224
1.96703
1.70377
1.86703
1.78661
1.7485
1.82278
1.74107
1.8288
1.73964
1.87975
1.75718
1.73866
1.93608
1.79407
1.87888
1.91388
1.83055
1.73034
1.82343
1.95988
1.87459
1.92793
1.92209
1.90743
1.86608
1.7427
1.88159
1.90964
1.9716
1.71776
1.85405
1.85861
1.76096
2.02387
1.94058
1.7095
1.86206
1.76362
1.93032
1.86988
1.75461
1.8159
1.78584
1.75086
1.86015
1.8961
1.72835
1.70158
1.99625
1.71288
1.72489
1.86211
1.95234
1.86759
1.84549
1.74062
1.87299
1.87079
1.72491
1.95364
1.73762
1.80446
1.85481
2.04447
1.75011
1.73348
1.85379
1.96431
1.9901
1.79941
1.82396
1.96484
1.77348
1.82405
1.72386
1.8279
1.94726
1.70985
1.71202
1.73833
1.9939
1.87655
1.73727
1.88842
1.86258
1.87477
1.76105
1.76883
2.00808
1.98503
1.88248
1.81501
1.81297
1.87574
1.79172
1.74306
1.77976
1.83981
1.74119
1.90328
1.8689
2.02168
1.72393
2.01005
1.84816
1.84466
1.70265
1.76819
2.03735
1.87751
1.83094
1.97109
1.7051
1.71743
1.73713
1.70554
1.87291
1.85986
1.85748
1.74698
2.00635
1.85864
1.70774
1.87499
1.76546
1.71062
1.74677
2.01038
1.73117
1.92524
1.95395
1.82078
2.02511
1.70737
1.76237
1.82973
1.8674
1.99232
1.85052
1.86902
1.85815
1.76836
1.89689
1.77514
1.83927
1.73353
1.75333
1.82612
1.84988
1.80531
1.9564
1.71032
1.86928
1.85419
1.88771
1.70541
1.97851
1.99636
1.74537
1.75056
1.75421
2.03295
1.86717
1.85631
1.8026
1.84129
1.94984
1.89144
2.01656
1.87301
2.04246
1.88279
1.86875
1.73455
1.79614
1.84247
1.71861
1.85911
1.70824
1.85763
1.72908
1.74489
2.02114
1.76909
1.71629
1.80341
1.77912
1.73519
1.87905
1.9183
2.01394
1.7246
1.7444
1.71082
1.75302
1.87413
1.79485
1.77036
1.7191
1.89839
1.74082
1.72212
1.9895
1.91374
1.8715
1.72483
1.70156
1.71952
1.76349
1.88081
1.88027
2.02572
1.83641
1.82609
1.74028
1.80764
1.80543
1.99539
1.70573
1.74903
1.83129
1.86545
1.85773
1.74728
1.94765
2.01984
1.85184
1.90268
1.77679
1.71989
1.81421
1.84642
1.77326
1.77356
2.03036
1.79607
1.71006
1.92701
1.73706
1.8998
1.73173
1.82608
1.83367
1.79083
1.85038
1.88831
1.81335
1.71819
1.99195
1.92617
2.01238
1.93371
1.746
1.71506
1.72198
1.91377
1.77533
1.81168
1.78007
1.70013
1.78936
1.99081
1.70718
1.72986
1.84385
1.92533
2.04478
1.72707
1.90403
1.87707
1.89914
1.85243
1.90046
1.86742
1.98649
1.85453
1.93191
1.89133
1.88818
1.83105
2.0029
1.74377
1.81634
1.75635
1.85863
2.00207
1.91464
1.87296
1.9281
1.84463
1.85987
1.77828
2.01826
1.85491
1.72804
1.88583
1.91771
1.7262
1.98633
1.85642
1.90768
1.74632
1.80344
1.76761
1.86056
1.84437
1.72713
2.03315
1.8422
1.9869
1.84765
1.82283
1.92117
1.94082
1.90492
1.87486
1.86294
1.74537
1.96287
1.70714
1.72568
1.97768
1.8402
1.72365
1.86139
1.77266
1.85214
1.73703
1.71961
1.76737
1.85631
1.72145
1.82943
1.88986
1.72415
1.8116
2.02014
1.84523
1.93605
2.03284
1.87255
1.8688
1.84423
1.71145
1.86046
1.77825
2.01901
1.8052
1.85547
1.74046
1.883
1.77194
1.9387
1.87676
1.72292
1.88201
1.8638
1.93381
1.80712
1.83007
1.77852
1.75283
1.85489
1.72862
1.7896
1.82303
1.75655
1.90531
1.86672
1.96806
1.86601
1.91326
1.86221
1.7081
1.86493
1.87007
1.91669
1.79034
1.96158
1.88721
1.87033
1.7412
1.75049
1.76016
1.83987
1.86414
1.76814
1.74422
1.96346
1.70739
1.87487
1.84319
1.71466
1.85158
1.78472
1.87075
1.75473
1.77877
1.74569
2.04543
1.7056
1.87231
1.89216
1.89298
1.86719
1.70761
1.81292
1.70147
1.86644
1.82134
1.76518
1.79236
1.86493
1.70406
1.71212
1.72674
1.85221
1.94552
1.73995
1.7062
1.93195
1.83261
1.73053
1.71001
1.70005
1.79295
1.77881
1.9065
2.01483
1.88996
1.83658
1.79127
2.02898
1.89405
1.78749
1.85787
1.74134
1.80941
1.86062
1.94269
1.98181
1.78653
1.82449
1.91047
1.74797
1.79973
1.87436
1.73174
1.98684
1.95507
1.74766
1.84588
1.7023
1.78972
1.84915
1.87411
2.04706
1.73779
2.02268
1.93914
1.99266
1.74416
2.02661
1.90019
1.9527
1.86225
2.00374
1.82925
1.86202
1.87703
1.80692
1.78844
1.89311
1.74737
2.02758
1.81076
1.77988
1.83786
1.8315
1.76596
1.87182
2.02284
1.98161
1.95876
1.88178
1.70894
1.84027
1.88182
1.96337
1.76587
1.76197
1.8639
1.82252
1.92482
1.80339
1.74491
1.87882
1.83559
1.76247
1.72666
1.71316
1.86455
2.01376
1.72787
1.73848
1.791
1.84637
1.73086
1.71013
1.92905
1.70279
1.75267
1.89022
1.86119
1.86418
1.74259
1.82889
1.8531
1.79715
1.81855
1.74953
1.85204
1.97387
1.85391
1.93642
1.71878
1.82821
2.02087
1.99475
1.97289
1.94778
1.84213
1.86351
1.72544
1.85221
1.73363
1.94596
1.71389
1.89486
1.77181
2.01329
1.71227
1.84072
1.73224
1.87043
1.9337
1.8241
1.76374
1.86142
1.78821
1.95709
1.8728
1.79516
1.76977
1.78844
1.78486
1.8197
1.85634
1.89145
1.74952
1.90686
2.02836
1.90837
1.962
1.73277
1.71579
1.82757
1.75941
1.81865
1.73511
1.86106
1.70844
1.88627
1.9929
1.71009
1.8405
1.93658
1.89142
2.00931
1.96618
1.8402
1.94606
1.75602
1.81973
1.88646
1.89198
1.83298
2.03266
1.77454
1.99198
1.70732
1.76628
1.84214
1.71127
1.94048
1.90538
1.75846
1.83306
1.90916
1.84653
2.03093
1.99226
1.70392
1.88967
1.71341
1.87477
1.89608
1.78798
1.8065
1.90011
1.84397
1.74077
1.82576
1.95007
1.80579
2.03148
1.87729
1.95824
1.91672
1.83951
1.83577
1.84145
1.88388
1.82034
1.79072
1.84386
1.82739
1.75091
1.82956
1.83237
1.86851
1.95474
1.99422
1.72487
1.83172
1.73437
1.88683
1.73012
1.97468
2.02157
1.73958
1.75303
1.85656
1.80177
1.87021
1.7599
1.85383
1.76696
1.93367
1.81815
2.0031
1.80047
1.87525
1.76352
1.91426
1.83163
1.75309
1.83683
1.81415
1.85429
1.87933
1.70495
1.75108
1.80763
1.8654
1.87969
1.95339
1.73077
1.89025
1.88833
1.84848
1.76553
1.86038
1.76017
1.84948
1.82071
1.74243
1.70801
1.75136
1.75704
1.82964
1.81501
1.93296
1.88925
1.8737
1.79345
2.02441
1.97987
1.87416
1.84893
1.70192
1.90006
1.94106
1.72879
1.70925
1.74775
1.84925
1.74412
1.78501
1.86393
1.73884
1.81944
1.85489
1.88126
1.87566
1.87334
1.86338
1.79036
1.97484
1.71686
1.87541
1.92596
1.7832
1.75485
1.70731
1.92803
1.78437
1.81939
1.86743
1.86478
1.75804
1.81997
1.80833
1.71132
1.90471
1.77348
1.86882
1.88045
1.73922
1.92362
1.7385
1.89793
1.7721
1.73197
1.87196
2.01028
1.86226
1.72915
1.72431
1.81994
1.81037
1.84267
1.72754
1.88646
1.80194
1.85782
1.71658
2.01876
1.75113
1.71529
1.96688
1.70597
1.91234
1.82414
2.01542
1.90469
1.80255
1.84222
1.86072
1.83837
1.77454
1.84092
1.76866
2.02916
1.8869
1.78194
1.72303
1.89353
1.90179
1.85104
1.86046
1.86067
1.83686
1.7191
1.92268
1.73761
1.88208
1.82763
1.84323
1.90275
1.99807
1.70582
1.85953
1.74954
1.73039
1.70694
2.00505
1.93212
2.03639
2.00682
1.71993
1.82137
1.9021
1.98713
1.73678
1.90669
1.90588
1.74346
1.9157
1.7389
1.99683
1.95961
1.86172
1.77034
1.77339
1.83137
2.01315
1.71213
1.76843
1.80606
1.80235
1.79752
1.86292
1.70404
1.97519
2.03668
1.8085
1.72623
1.81325
1.87949
1.99269
1.78918
1.81337
1.82091
1.81265
1.71346
1.79138
1.87389
1.75549
1.70878
1.79735
1.70824
1.81776
1.85253
1.8528
1.78864
1.8699
1.91612
1.76512
1.7206
1.89941
1.76041
1.78636
1.74417
1.75468
1.70939
1.97846
1.93899
1.74677
1.79906
1.89296
1.82819
1.7047
1.87484
1.78277
1.81852
1.96642
2.04199
1.90261
1.99215
1.81953
2.00952
1.9411
1.86153
1.7352
1.9726
1.7922
1.94108
1.70817
1.90994
2.03563
1.86124
1.96543
1.71518
1.88866
1.8134
1.71636
1.85556
1.73417
1.73286
1.76298
1.72277
1.80627
1.88333
1.98741
2.02158
2.00858
1.71087
1.89589
1.74962
1.85825
1.99731
1.95148
1.86355
1.75292
1.82353
1.83034
1.73699
1.75716
1.75858
1.9328
1.82919
1.87197
1.92598
1.70116
1.78073
1.83173
1.93004
1.79593
1.82212
1.78493
1.88656
1.88944
1.89486
1.71626
1.71787
1.85775
1.92962
1.73784
1.9978
1.80678
1.8533
1.86098
2.00509
1.70407
1.87606
1.90844
2.02458
1.99732
1.81218
1.72226
1.99703
1.83194
1.76685
1.89548
1.73192
1.88738
1.73663
1.7234
1.86802
1.75625
1.96181
1.80336
1.78567
2.0339
2.02134
2.03789
1.87976
1.86186
1.706
1.9627
1.81144
1.85994
1.86995
1.87441
1.87227
1.72879
1.83716
1.76376
1.84077
1.74298
1.75137
2.0294
1.85195
1.70538
1.71109
1.70921
1.70235
1.92388
1.89085
1.91108
2.00838
2.02459
1.77606
1.82267
1.74611
1.74338
1.74761
1.78096
1.89314
1.8657
1.72081
2.01952
1.98271
1.77578
1.83563
1.85493
1.71991
1.79214
1.74321
1.79671
1.87557
1.78657
1.73085
1.7869
1.94948
1.97892
1.86859
1.76314
1.77327
1.83722
1.87572
1.93899
1.70534
1.85606
2.02057
1.95143
2.01338
1.86532
1.72353
1.85706
1.91546
1.84978
1.71299
1.85347
1.77974
1.8896
1.83522
1.92148
1.89775
1.77759
1.80137
1.75841
1.87547
1.8632
1.707
1.75056
1.92199
1.73471
1.7589
1.78889
1.874
1.81725
1.8039
1.73322
1.74836
1.95343
2.02678
1.70991
1.84777
1.9057
1.8026
1.86443
1.87238
1.84797
1.72708
1.76308
1.84825
1.95679
1.86108
1.87741
1.87675
1.77562
1.83606
2.00392
1.71939
1.85532
1.71887
1.96043
1.71734
1.71143
1.98551
1.72228
2.01223
1.88825
1.70012
1.90284
1.99215
1.85449
1.72291
1.87304
1.86784
2.03598
1.8516
1.74176
1.79642
1.73183
1.87316
1.77631
1.73092
1.85819
1.86256
1.71946
1.94413
1.79819
1.77389
1.8397
1.90815
1.87927
1.7419
1.84529
1.87955
2.0007
1.95792
1.75568
1.73997
1.87382
1.74166
1.94171
1.8218
1.85905
1.81641
1.79734
1.91389
1.85451
1.8331
1.99337
1.71474
1.80182
1.96061
2.00165
1.75481
2.00495
1.87747
1.71884
1.73405
1.71659
1.88168
1.73844
1.94892
1.77629
1.73878
1.7771
1.71544
1.78885
1.7133
1.74854
1.88304
1.85506
1.78961
1.70664
2.02363
1.88185
1.92584
1.74118
1.95388
1.91333
1.90287
2.0138
1.81784
1.85091
1.75328
1.76328
1.91574
1.92697
1.80557
1.7334
1.98241
1.86647
1.86667
1.80489
1.88834
2.04226
1.94567
1.77404
1.9544
1.7166
1.7015
1.88488
1.70252
1.99268
1.7983
1.77784
1.7117
1.91892
1.86108
1.86709
1.82865
1.71656
1.86749
1.72081
1.81511
1.92843
1.79554
1.94164
1.87458
1.852
1.74372
1.83468
1.90583
1.77559
1.70564
2.00565
2.01046
1.81445
1.89857
1.85206
1.84848
2.03196
1.75307
1.84823
1.88941
2.01988
1.88708
1.88516
1.8497
1.86493
1.94816
1.79126
1.80705
1.86383
1.79356
1.85715
1.83073
1.92322
1.92684
1.73294
1.83286
1.81717
2.0196
1.94423
1.77523
1.87736
1.87435
1.89658
1.73877
1.892
1.96656
1.93002
1.94465
1.73879
1.97846
1.82548
1.88313
1.95124
1.96715
1.70398
1.87966
1.87144
1.78818
1.7828
1.73388
1.75168
1.87033
1.77338
2.00583
1.73557
1.71158
1.72886
1.7086
1.84884
1.8903
1.80349
1.868
1.90907
1.76088
1.78064
1.96054
1.85775
1.82617
1.86277
1.71159
1.71758
1.70632
1.85792
1.80156
1.73097
1.73372
1.76104
1.71684
1.79636
1.86277
1.82859
1.8918
1.83865
1.82184
1.77331
1.76197
1.90923
1.78383
1.82194
1.87713
1.97306
1.72331
1.8204
1.9348
2.01313
1.70397
2.03855
1.95686
1.75477
1.74108
1.77175
1.76004
1.85182
1.88559
1.85219
1.87862
1.86272
1.75093
1.99408
1.7136
1.74438
1.82896
1.8795
1.83279
1.96691
2.04359
1.92804
1.86967
1.87076
1.79476
1.75587
1.76792
1.8881
1.77363
1.75797
1.93818
1.87332
1.85188
1.74244
1.78652
1.84535
1.77183
1.88046
1.95902
1.83751
2.03818
1.80875
1.8702
1.85828
1.84569
1.92164
1.83606
1.82265
1.95671
1.86816
1.92348
1.82899
1.71496
1.73101
1.91995
1.77645
1.84933
2.02447
1.80687
1.91903
1.74596
1.81842
1.86648
1.78534
1.8689
1.82786
1.91901
1.90483
1.72752
1.83792
2.00712
1.71981
1.9805
1.90815
1.78636
1.93126
1.71232
1.72175
2.03549
1.80964
1.78126
1.82274
1.71207
1.99669
1.87447
1.7115
1.91163
1.91149
1.74165
1.7188
1.87509
1.9562
1.90238
1.71881
1.75016
1.81738
1.87497
1.88241
1.74208
1.84455
1.77829
1.78569
1.89696
1.75025
1.75217
2.00698
1.7968
1.86147
1.99835
1.74583
1.83013
1.91891
1.71442
2.00715
1.87912
1.90893
1.8399
1.81737
1.82265
1.89341
1.97127
1.9427
1.82066
1.8375
1.81635
1.70532
1.8129
1.84059
1.77477
1.72255
1.7668
1.93713
1.73462
1.92732
1.88762
1.79777
1.74152
1.89184
1.73665
1.74746
1.81327
1.92975
1.72726
1.81132
2.03118
1.95884
1.75433
1.73332
1.78504
1.81147
1.845
1.84372
2.0406
1.80869
1.87921
1.7067
1.80657
1.70394
1.86119
1.717
1.73966
1.71022
1.7095
1.77844
2.03194
1.79879
1.97387
1.80183
1.95404
1.85077
1.85097
1.8423
1.83427
1.79471
1.79783
1.78107
1.86934
1.77576
1.7649
1.77966
1.86726
1.90245
1.85795
1.7387
1.91489
1.97783
2.00907
2.04873
1.92807
1.75631
1.889
1.72183
1.99437
1.72276
1.90836
1.98255
1.874
1.72858
1.85528
1.95915
1.70233
1.82856
1.78514
1.84836
1.81699
1.80687
1.73942
2.00768
1.73363
1.94409
1.87746
1.78066
1.90951
1.71009
1.7766
1.87651
1.74617
1.79674
1.94994
1.87437
1.85085
1.71871
1.81329
1.76006
1.94575
1.76131
1.77431
1.80086
1.77456
1.76019
1.88506
1.71819
1.72119
1.83805
1.84377
2.02317
1.85675
1.74186
1.87225
1.91996
1.76572
1.98212
1.87893
2.00747
1.84643
1.70564
1.88411
1.79267
1.85166
1.71155
1.84418
1.83259
1.97951
1.84764
1.86866
1.72693
1.92814
1.80573
1.85999
1.82572
1.87717
1.79717
1.90249
1.91685
1.84182
1.76505
1.86891
1.92963
1.87584
1.76193
1.71439
1.85857
2.00827
1.76686
1.86194
1.78628
2.04029
1.97843
1.79769
1.79537
1.74478
1.71045
1.93953
1.8692
1.84066
2.02905
2.01288
1.81451
1.70907
1.82619
1.92646
1.7439
1.83363
2.01539
1.75381
1.99844
1.843
1.85493
1.88858
1.79516
1.77044
1.9324
1.72791
1.90739
1.8431
1.86648
1.71255
1.88502
1.87019
1.86831
1.70162
1.77283
1.78252
1.76649
1.73288
1.84114
1.86042
1.7088
1.85164
1.95021
1.81621
1.72124
1.88053
1.80892
1.98041
1.86654
1.86001
1.7213
1.89857
1.70967
2.03094
1.90945
1.75606
1.7257
1.74281
1.84641
1.8627
1.73017
1.76616
1.76386
1.74291
1.7865
1.71992
1.98099
1.87974
1.9305
1.78828
1.86472
1.96298
1.86962
1.74616
1.94729
1.73697
1.88125
1.77836
1.85833
1.74733
1.85706
1.74387
1.89389
1.72343
1.86619
1.8007
1.74992
1.78889
1.83131
1.83003
1.72945
1.83007
1.85047
1.86876
1.97448
1.79332
1.82698
1.87126
1.78576
1.94808
1.97307
1.97543
1.90218
1.70758
1.8297
1.83747
1.8971
1.77104
1.78261
1.72704
1.98106
1.70391
2.01474
1.83493
1.9124
1.75254
1.91012
1.91279
1.70074
1.70809
1.77624
1.72742
1.7563
1.7612
1.86681
1.74682
1.79233
1.98977
1.90098
1.7809
1.77112
1.92249
1.83399
1.78177
1.93052
1.75689
1.99967
1.735
2.01314
1.98227
1.73284
1.87404
1.86717
1.80872
1.83114
1.79027
1.75452
1.70049
1.80194
1.92146
1.71102
1.71728
2.03288
1.71263
1.89136
1.84669
1.95635
1.86283
1.85902
1.70224
1.8558
1.91216
1.76213
1.94107
1.78066
1.71234
2.01691
1.86305
1.94435
1.93198
1.88343
1.84475
1.86288
1.8981
1.77761
1.70572
1.76893
2.01085
1.86963
1.90888
1.86711
1.70259
1.86635
1.92157
1.81512
1.77176
1.87292
1.8623
1.71297
1.75044
1.78729
1.81333
1.88036
1.90625
1.955
1.70944
1.86891
1.72684
1.75155
1.85177
1.90583
1.90685
1.95278
1.86197
1.86536
1.74123
2.00583
1.97267
1.78964
1.91965
1.86113
1.85624
1.74423
1.83331
1.95617
1.84297
1.86002
1.77342
1.73032
1.74174
1.84173
1.82087
1.74343
1.85962
1.87911
1.8387
1.73369
1.93693
1.71963
1.81189
1.84025
1.79262
1.8261
2.00277
1.96616
1.78116
1.86768
1.76621
1.87106
1.7931
1.84149
1.78429
1.86226
1.78003
1.81541
1.87932
1.9064
2.02203
1.75202
1.78715
1.78453
1.89886
1.8057
1.88414
1.97465
1.74906
1.77099
1.70031
1.80145
2.01035
1.98292
1.77364
1.86179
1.73712
1.71552
1.94346
1.75263
1.70364
1.9405
1.72598
1.83993
1.71463
1.97651
1.8743
1.72387
1.85518
1.79735
1.81512
1.9116
1.76782
1.74173
1.76669
1.86096
1.85085
1.73355
1.76038
1.94591
1.81528
1.74914
1.75951
1.72415
1.92916
1.74652
1.88716
1.72873
1.80677
1.92659
1.99587
2.03082
1.93696
1.96539
1.83901
1.85067
1.72434
1.71291
1.89553
1.88245
1.87978
1.85639
2.00213
1.85728
1.82124
1.84826
2.04395
1.86573
1.84421
1.79928
1.89472
1.90559
2.04669
1.88816
2.00454
1.997
1.77964
1.99189
1.85244
1.83208
1.75927
1.71075
1.82563
1.72706
1.70009
1.79428
1.70881
1.9179
1.82817
1.833
1.87119
1.95969
1.86405
1.85852
1.73589
1.7068
1.79126
1.70572
1.70305
1.77835
1.87093
1.88921
1.81912
1.90772
1.83731
1.80913
1.72784
1.86753
1.77825
2.03741
1.8073
1.89914
1.84004
2.01412
1.85523
1.71497
1.72746
1.72554
1.81134
1.73433
1.885
1.93318
1.75964
1.94291
1.88261
1.86112
1.7043
1.75512
1.76236
1.93213
1.74849
1.75087
2.03503
1.82971
1.78379
2.0476
1.8431
1.70046
1.88307
1.85417
1.86659
1.78438
1.76059
1.86628
1.71984
1.7417
1.87494
1.7203
1.86382
1.75278
1.82832
2.03477
1.80395
1.768
1.84712
1.92723
2.03205
2.04262
1.74676
1.88058
1.95834
1.96747
1.73497
1.71712
1.8224
1.94975
1.89317
1.74176
1.71215
1.83515
1.94614
1.98617
1.79207
1.71867
1.97027
1.71609
1.8528
1.70541
1.80927
1.94895
1.74893
1.86159
1.94014
1.79483
1.86734
1.7469
1.85708
1.88115
1.74678
2.01321
1.80948
1.94668
2.02182
1.91993
1.82638
1.88142
1.94709
1.88615
1.75159
1.86752
1.89393
1.72994
1.79939
1.9306
1.74647
1.87761
1.93443
1.8827
1.98082
1.88629
1.73567
1.78936
1.85203
1.81992
1.83244
1.79707
1.85254
1.88318
1.82977
1.7303
1.80353
1.98793
1.86695
1.88859
1.92785
1.95359
1.72669
2.02564
1.87958
1.74216
1.84895
1.77008
1.9221
1.71172
1.99328
1.87436
1.99356
1.83954
1.92597
1.95741
1.92831
1.73092
1.72161
1.94195
1.76502
1.72519
1.76474
1.87698
1.94015
1.79414
1.8451
1.93511
1.85217
1.85365
1.74347
1.88537
1.93686
1.93204
1.71221
1.74513
1.75067
1.83872
1.74763
1.71715
1.72434
1.85378
1.84364
2.01533
2.02777
1.85419
1.70006
2.04109
1.9263
1.79919
1.86756
1.88934
1.87778
1.91283
1.7953
1.86021
2.04154
1.83782
1.84705
1.90341
2.03662
1.82521
1.80694
1.75262
2.01165
1.85241
1.86973
2.00078
1.99694
1.94096
1.78878
1.97558
1.88469
1.80324
1.75186
1.71234
1.96487
1.84368
1.91896
1.83558
1.99178
2.0138
1.70407
1.8882
2.03635
2.04987
1.91411
1.70927
1.8526
1.81771
1.70713
1.71015
1.75901
1.84276
2.03619
1.86622
1.85085
1.99251
1.76552
1.78417
1.86191
1.8933
1.79948
1.70192
1.78919
2.03342
1.80953
1.76503
1.73879
1.8774
1.97969
1.86366
1.71346
1.88991
2.03064
1.88164
1.75254
1.78864
1.87728
1.87411
1.96293
1.86678
1.87795
1.78821
2.02639
1.75771
1.71178
1.77037
1.9069
1.7773
1.86497
1.80556
1.96811
1.9719
1.70517
2.02437
1.81629
1.74554
1.84478
1.88469
1.90837
1.87134
1.75303
2.03069
1.87953
1.84688
1.76223
1.76455
1.82588
1.80043
1.84885
1.73122
1.71825
1.85363
1.74464
1.85217
1.82109
1.86761
1.73369
1.71291
1.8453
1.71278
1.8622
1.71684
1.8681
1.75034
1.73173
1.95956
1.77788
1.74079
1.8032
1.91772
1.71598
1.76953
1.70272
1.83731
1.90927
1.82294
1.97031
2.03427
1.93231
2.04655
1.86314
1.92097
1.81856
1.93771
2.04925
1.86798
1.74517
1.83004
1.95373
1.88561
1.93145
1.81234
1.72676
1.86276
1.71934
1.94285
1.86456
1.86139
1.80131
2.0455
1.72613
1.86735
1.78164
1.802
1.8806
1.86492
1.89578
1.80956
1.83881
1.71253
1.87392
1.83701
1.96873
1.7557
1.77173
1.93291
1.73605
1.74178
1.87624
1.91288
1.75072
1.73283
1.86203
1.74148
1.75137
1.87599
1.92815
1.75015
1.97512
1.80355
1.9466
1.81286
1.92498
1.909
1.86303
1.764
1.99929
1.72241
1.7292
1.70305
1.94447
1.80626
2.02615
1.78371
1.72524
1.86929
1.77656
1.71756
1.74519
1.89181
2.01242
1.88705
1.86801
2.04281
1.85986
1.9443
1.84736
1.81351
1.86418
1.73226
1.97332
2.02484
1.76053
2.02254
1.84515
1.8578
1.94491
1.76571
1.73906
1.88944
1.72989
1.88946
1.93897
1.86939
1.9025
1.78289
1.89664
1.94752
1.86322
1.85196
1.76531
2.0223
1.88971
1.92637
1.73675
1.85532
1.94131
1.81203
1.91122
1.88335
1.80364
1.72809
1.86422
1.87285
1.86313
1.78108
1.75336
1.85029
1.92646
1.86447
1.91749
1.70039
1.79161
2.03499
1.81483
1.78601
1.97071
1.7788
1.75496
1.86129
1.87171
1.88405
1.75998
1.71624
1.71416
2.00105
1.87603
1.74499
1.98301
1.77555
1.76526
1.73271
1.77529
1.7924
1.8653
1.88439
1.86192
1.82122
1.72315
1.77263
2.00191
1.7992
1.82439
2.00985
1.82367
1.86029
2.02748
1.86255
1.82329
1.86846
1.80547
1.93923
1.78319
2.04505
1.76279
1.95834
1.78679
1.7589
1.764
1.80565
2.04964
1.77658
1.72154
1.91047
1.76068
2.02672
1.78676
1.75049
1.86916
1.86478
1.98665
1.9543
1.86715
1.87452
1.70901
1.97719
1.73527
1.85407
1.86581
1.72141
1.8513
1.83432
1.83588
1.88927
1.71621
1.96196
1.87583
1.83264
1.93436
1.70102
1.80702
1.71521
1.8533
1.73458
1.91326
1.87626
1.99801
1.83409
1.99476
1.93255
1.82607
1.81882
1.86615
1.75729
1.91387
1.71941
1.8355
1.74143
1.77253
1.8457
1.75299
2.012
1.90095
1.93647
1.74911
1.97998
1.89772
2.00596
1.9574
1.76286
1.91147
2.01201
2.01498
1.96844
1.80967
1.82021
1.7244
1.9753
1.84228
2.00959
1.73332
2.01114
1.82837
1.72411
1.92542
2.04353
1.85526
1.73063
1.7515
1.86033
1.90889
1.7115
1.77797
1.88276
1.95974
1.80451
1.86694
1.9982
1.98347
1.93381
1.8317
1.89806
1.82344
1.74225
1.70409
1.70693
1.97032
1.87053
1.84958
1.7612
1.76581
1.84272
1.89907
1.73039
1.89982
1.87771
1.79945
1.79615
1.70907
1.91696
1.92524
1.94893
1.81401
1.85556
1.71164
1.75527
1.75514
1.96849
1.85678
1.98674
1.73899
1.72536
1.88935
1.72965
1.91529
1.82435
1.94132
1.98004
1.71545
1.85403
1.88987
1.83595
1.83654
1.96233
1.84452
1.70781
1.79673
1.94916
1.73379
1.99616
1.94761
1.71601
1.87842
1.98772
1.79092
1.78254
1.85289
1.71413
1.82797
1.75585
1.76262
1.71569
1.72544
1.81501
1.82336
1.99927
1.70378
1.94377
1.98426
1.75058
1.76293
1.82625
1.86017
1.92304
1.87424
1.84437
1.85756
1.71625
1.86356
1.94755
1.84898
1.76798
1.90999
1.81013
1.85493
1.8306
1.8588
1.74593
1.79775
1.70474
1.70347
1.82844
1.87574
1.81701
1.76648
1.82648
1.8106
1.80554
1.71
1.95154
1.77832
1.71315
1.87498
1.78056
1.92118
1.81831
1.92115
1.74973
1.7748
1.70494
1.877
1.87643
1.93382
1.85129
1.84688
1.84737
2.00776
1.91487
1.85419
1.99006
1.89219
1.83687
1.71684
1.90531
1.87574
1.7089
1.73745
1.88734
1.75516
1.81728
1.77732
1.70018
1.88043
1.92765
1.86403
1.92766
1.84754
1.74333
1.95672
1.87745
1.87975
1.75284
1.78835
1.72239
1.83408
1.8412
1.72846
1.92623
1.86253
1.84418
1.82083
1.82923
1.8209
1.7386
1.90068
1.98594
1.91673
1.91626
1.72009
1.95337
1.73833
1.86381
1.85482
2.01982
1.79955
1.83294
1.78877
1.87049
1.70178
1.89216
1.8072
1.92625
1.72692
1.84801
1.71586
1.81668
1.73314
1.92933
2.04332
1.83883
1.90073
1.98162
1.76944
2.04391
1.81243
1.86364
2.0264
1.82953
1.84017
1.7894
1.75506
1.77522
1.74027
1.9154
1.85732
1.8188
1.75198
1.96144
1.75932
1.75348
1.72666
2.04834
1.74952
1.94196
1.8719
1.71351
1.99645
1.86411
1.92176
1.72593
1.88145
1.86819
1.8514
2.02447
1.9694
1.77471
1.79075
1.91373
1.75513
1.74652
1.88706
1.74769
2.01287
1.9105
1.88468
1.97979
1.83201
1.98499
1.72824
1.86925
1.93372
1.99122
1.78045
1.85798
1.96519
1.7708
1.90182
1.74733
1.9161
1.79458
1.84208
1.87426
2.01084
1.94657
1.77784
1.96881
1.77824
1.79614
1.94197
1.76858
1.87348
1.86903
1.74207
1.82842
1.81882
1.74347
1.95171
1.74424
1.92845
1.85465
1.90728
1.90564
1.84098
1.70654
1.85101
1.76633
1.74047
1.99536
1.93
1.85872
1.96839
1.85644
1.73915
1.9086
1.85512
1.99357
1.88483
1.74857
1.77835
1.8424
1.99626
1.80639
1.78125
1.96229
1.99202
2.01171
1.9169
1.82324
1.76081
1.84849
1.8159
1.72651
1.86956
1.85922
1.78741
1.76177
1.7969
2.03335
1.93533
2.02097
1.88779
1.84735
1.71421
1.85815
1.75171
1.75802
1.87262
1.90173
1.83555
1.85429
1.70173
1.74161
1.7108
1.71515
1.88197
1.72789
1.90554
1.91103
1.70212
1.892
1.75689
1.98221
1.95095
1.70592
1.70809
1.89739
1.85457
1.84655
1.75359
1.73059
1.74396
1.79409
1.71245
1.70363
1.7466
1.77315
1.87954
1.94749
1.7198
1.87422
1.71451
1.92919
1.77429
1.96737
1.73337
1.86454
1.86505
1.92609
1.80007
1.87201
1.84266
1.72102
1.847
1.83889
1.88415
1.72949
1.82411
1.89492
1.82415
1.73355
1.85587
1.89539
1.93266
1.70425
1.72318
1.89932
1.91226
1.84718
1.76921
1.84767
1.87935
1.74919
1.87372
1.74062
1.92372
1.84378
1.72407
1.79215
1.79792
1.70825
1.80602
1.96795
1.85002
1.72397
1.78078
1.94806
1.88268
1.92589
1.76286
1.96362
1.97091
1.78017
1.76936
2.01626
1.73659
1.72776
1.85609
1.92423
1.98981
1.74056
1.97141
1.79146
1.78584
1.93335
1.78881
1.93573
2.02671
1.84735
1.92453
1.98649
1.92074
1.70112
1.96307
1.86655
1.74914
1.78451
1.88302
2.03615
1.78926
1.96073
1.70672
1.85202
1.95168
1.84737
1.75348
1.77993
2.00229
1.73481
1.77593
1.7205
1.91626
1.76668
1.88274
1.84522
1.85345
1.70366
1.88625
1.75305
2.01111
1.79776
1.74954
1.71967
1.76931
1.82268
1.72805
1.79089
1.75396
1.9667
1.73467
2.04713
2.02492
1.91536
1.99275
1.79159
1.98773
1.71222
1.72006
1.82333
1.85018
1.81651
1.89878
1.75619
1.77941
1.76236
1.73324
1.78295
1.80968
1.88976
2.00223
1.99081
1.80249
1.83962
1.8709
1.81817
1.72878
1.85913
1.81098
1.73958
1.73859
1.86546
1.76675
1.72906
1.8941
1.96678
1.71379
2.0011
1.85183
1.86547
1.91024
1.8882
1.9271
1.74738
1.92538
1.98272
1.76554
2.01288
1.8957
1.76008
1.81709
1.86218
1.91245
1.7255
1.79795
1.74104
1.72987
1.88113
1.9447
1.91271
1.85905
1.84473
1.88604
1.80006
1.76126
1.87742
1.7565
1.92017
1.76381
1.81525
1.97675
1.70091
1.9715
1.87234
1.74893
1.87971
1.79653
1.86226
1.91067
1.77802
1.71728
1.72494
1.96899
1.73914
1.70494
1.73066
1.86471
1.90266
1.93918
1.74594
1.96847
1.96323
1.80476
1.71215
1.96399
1.8822
1.83197
1.77639
1.88728
1.85463
2.01887
1.77785
1.98656
1.82844
1.83732
1.76841
1.79039
1.84789
1.84044
1.71466
1.85022
1.75771
1.93933
1.85462
1.9496
1.85525
1.94503
1.99362
1.76403
1.97394
1.83525
1.88604
1.83427
1.86555
1.76224
1.97737
1.87218
1.968
1.8775
1.72089
1.85377
1.77253
1.99839
1.76071
1.72771
1.99293
1.76501
1.82198
1.80908
1.74959
1.87124
1.76977
1.86746
1.71451
1.84148
1.9942
1.72809
2.03114
1.76504
1.82921
1.77495
1.86706
1.7577
1.72561
1.83123
1.73893
1.86023
2.03435
1.82415
1.70572
1.85849
1.80824
1.83025
1.76202
1.96191
1.75382
1.96858
1.85216
1.89733
1.84691
1.86242
1.78358
1.94696
1.78955
1.9958
1.72617
1.8754
1.7326
1.84583
1.90056
1.75496
1.76541
1.77663
1.80429
1.86512
1.98487
1.92354
1.92817
1.95158
1.81893
1.85558
1.88662
1.81056
1.85824
1.85149
1.8502
1.90662
1.87685
1.88899
1.81426
1.86443
1.7148
1.97949
1.85233
1.84308
1.91003
1.74787
1.92311
1.77826
1.86127
1.74233
1.78052
1.84024
1.70832
1.71397
1.77237
1.81568
1.92177
1.83907
1.73119
1.70543
1.81733
1.86874
1.87115
1.73279
1.98041
1.94956
1.90783
1.77114
1.86905
1.95789
1.86098
1.73066
1.96968
1.87374
1.94166
1.73835
1.86409
1.78526
1.71434
1.79062
1.86301
2.0021
2.03874
1.89625
2.01068
1.79767
2.00366
1.73066
1.82802
1.9333
1.78471
1.89889
1.87612
1.95485
1.89147
1.74907
1.7553
1.86878
1.77673
1.76108
1.77572
1.89929
1.74984
1.94083
1.73669
1.88474
1.72044
1.71602
1.97022
1.98084
1.71257
1.73573
1.8273
1.82952
1.9074
1.73211
1.88587
1.77749
1.7762
1.72666
1.8253
1.94905
1.96961
1.73939
1.87832
1.86353
1.86765
1.76802
1.79782
1.97175
1.90112
1.99314
1.73829
1.71926
1.85412
1.8128
1.87366
2.0108
1.73851
1.99552
1.76772
1.71324
1.79919
1.87462
1.90596
1.76402
1.82527
1.73124
1.72292
1.80868
1.87218
1.96331
1.85069
1.77596
1.95671
1.88671
1.70007
1.76105
1.87684
1.81362
1.82927
1.85986
1.76394
1.73317
1.79356
1.75314
1.85656
1.85458
1.88066
1.89737
1.81792
1.8404
1.80199
1.70478
1.86104
2.04675
2.04375
1.89867
1.7344
1.81344
2.04521
1.96597
1.73852
1.8831
1.80675
1.80391
1.98904
1.74415
1.87888
1.97418
1.91021
2.01408
1.86368
1.78132
1.8717
1.71371
1.76919
2.02871
1.81573
1.7677
1.87659
1.7855
1.85923
1.75857
1.8837
1.99826
1.93342
1.95943
1.90744
1.7366
1.86607
1.86776
1.74172
1.8452
1.86532
1.99254
1.70398
1.79377
1.86676
1.71619
2.04026
1.9515
1.85745
1.71701
1.76711
1.78347
1.93167
1.87623
1.75697
1.84932
1.89224
1.75255
1.7281
1.71184
1.89627
1.71471
1.76298
1.72659
1.80615
1.70449
1.78627
1.72597
1.72145
1.86544
1.79298
1.79492
1.85395
1.72088
1.73594
1.86168
2.02713
2.00603
1.92441
1.78304
1.86046
1.86751
1.96204
1.70256
1.76633
1.98004
1.70668
1.91641
1.85843
1.90044
1.87203
1.78391
1.76508
1.91804
1.7644
1.8851
1.73189
1.72463
1.98306
1.95098
1.97708
1.705
1.8711
1.93257
1.87985
2.03583
1.85156
1.7362
1.70098
1.86301
1.83816
1.86445
1.83783
1.70392
1.88516
1.8058
1.86521
2.02201
1.74328
1.89593
1.8408
1.92433
1.9913
1.84384
1.97674
1.89163
1.76172
1.73871
1.72699
1.76708
1.91092
2.02775
1.74961
1.76482
1.74332
1.9512
1.92368
1.9219
1.77601
1.79134
1.73268
1.86702
1.7492
1.72583
1.79425
1.86794
1.96488
1.82412
1.74394
1.74747
1.98902
1.77254
1.72673
1.9336
1.93516
2.03896
1.70003
1.89719
1.89661
1.80086
1.86597
1.7502
1.84519
1.90657
1.85569
1.85651
1.74768
1.88599
1.7318
1.85696
1.85515
1.73344
1.83602
1.84075
1.91718
1.79717
1.99827
1.74194
1.94725
1.89194
2.00897
1.84467
1.85504
1.73627
1.71989
1.72845
2.04652
2.0188
1.71392
1.85473
1.8014
1.77013
1.82915
1.77324
1.75369
1.70693
1.7152
1.85491
1.95408
1.95865
1.79232
1.74289
1.93306
1.73195
1.76421
1.77916
1.8725
1.74315
1.94433
1.75931
1.84363
1.85095
1.88742
1.77073
1.71528
1.89986
1.84919
1.93658
1.70938
1.70942
1.71658
1.7054
1.87964
1.86538
1.70301
1.70346
1.83029
1.95471
1.7954
1.85313
1.8786
1.84076
1.87156
1.88353
1.83165
1.86042
1.82397
1.75712
1.81021
1.88998
1.85608
1.71869
1.73646
1.78502
1.86541
1.77008
1.91374
1.90904
1.76309
1.95156
1.82199
1.78156
1.8541
1.97312
1.76695
1.78715
1.88162
1.73238
1.88028
1.70734
1.9436
1.9816
1.91274
1.8386
1.87425
1.86923
1.7334
1.78167
1.83538
1.87557
1.85742
1.83721
1.98869
1.72479
1.99972
1.96891
1.8196
1.90835
1.97281
1.85124
1.90294
2.01357
1.86387
2.03188
2.00446
1.72156
1.903
1.81566
1.72372
2.00964
1.87422
1.73064
1.77629
1.71228
1.70935
2.01475
1.85184
1.9205
1.92829
1.85444
1.85278
1.94313
2.0364
1.87623
1.97528
2.00275
2.04167
1.87815
1.70488
1.96308
1.90958
1.8116
1.95621
1.709
2.02737
1.94335
1.80812
1.7196
1.81322
1.70429
1.87848
1.95105
1.93906
1.81682
1.80368
1.87463
1.87301
1.85165
1.76894
1.70033
1.87934
1.80775
1.85066
1.95426
2.04096
1.86856
1.96687
1.95394
1.88183
1.85725
1.86029
1.82156
1.81988
2.02417
1.94274
1.84487
1.72641
1.72193
1.85596
1.72819
1.8645
1.75978
1.74583
1.76262
1.83911
1.74743
1.88204
2.04921
1.97841
2.02386
1.71818
1.86218
1.72473
1.92361
1.97471
1.90063
1.72457
1.7389
1.7482
2.01927
1.83391
2.03421
1.79028
1.84671
1.82553
2.03957
1.85965
2.02877
1.87269
1.73406
1.86443
1.84327
1.87293
1.7043
1.70399
1.77463
1.75251
1.92808
1.97858
1.84024
1.94537
1.95323
1.88707
1.92167
1.80472
1.82667
1.80931
1.88354
1.9297
1.97987
1.90331
1.86814
1.72638
1.96631
2.00771
1.87852
1.84657
1.81256
1.70265
1.93537
1.94979
1.87264
1.7768
1.88703
1.89242
1.76841
1.85023
2.01244
1.93665
1.96068
1.81225
1.74866
1.86177
1.78681
1.7173
1.71453
1.87212
1.91009
1.71071
1.80986
1.8329
1.9612
1.88002
1.87206
2.00406
1.70093
1.8767
1.73715
2.04689
1.84416
2.04588
1.96752
1.90971
1.87157
1.76321
1.981
1.70483
1.85186
1.71526
1.87682
1.95403
1.87684
1.8526
1.77937
1.86208
1.86212
1.77561
1.96238
1.84292
1.9564
1.80945
1.78375
1.76642
1.98001
1.75475
1.89666
1.71578
1.85766
1.86383
1.86811
2.03513
1.9221
2.04746
1.87734
1.90787
1.70709
1.88447
1.73957
1.92555
1.84154
1.85354
1.70267
1.97349
1.76734
1.80621
2.0315
1.81279
1.70707
1.86143
1.89739
1.73312
1.78405
1.89482
1.9592
1.87389
1.99667
1.74013
1.99562
1.8818
1.88404
1.73175
1.91312
1.72959
1.80601
1.9444
1.71633
1.85521
1.83794
1.82673
1.74249
1.71128
1.70051
1.85113
1.78535
1.81862
1.97446
1.78753
1.94069
1.85892
1.76937
1.85238
1.86409
1.73414
1.89925
1.89478
1.7095
1.86982
1.95361
1.88892
1.82551
1.94295
1.7672
1.86896
1.71983
1.90787
1.78221
1.85102
1.80382
1.74319
1.77852
1.7073
1.80509
1.86421
1.99368
1.74161
1.72913
1.88421
1.77018
1.74
1.79123
1.9447
1.70121
1.74715
1.85496
1.92994
1.79207
1.75168
1.87969
1.72071
1.95982
1.7622
1.70314
1.73644
1.90426
2.01805
1.84091
1.97631
1.8288
1.72035
1.76358
1.86305
1.84315
2.03304
1.72464
1.87286
1.89272
1.8103
1.70339
1.88112
1.81017
1.86953
1.92298
1.88124
1.72458
1.98004
1.89821
1.72904
1.92597
1.77189
1.73336
1.79691
1.85334
1.75586
1.79665
2.02916
1.79616
1.84725
1.72543
1.9374
1.86257
1.86876
1.98372
1.91055
1.75603
1.72165
1.8443
1.88267
1.87938
2.01361
1.75703
1.84259
1.74114
1.7286
1.97228
1.86899
1.72441
1.79623
1.73786
1.75776
1.88525
1.76114
1.78917
1.86505
1.8706
1.75208
1.78943
1.87183
1.75623
1.75584
1.7718
1.86322
1.73647
1.98189
1.86109
1.76111
1.7042
1.8368
1.86007
1.75419
1.82816
1.77559
1.7313
1.76193
1.80654
1.90395
1.83461
1.82726
1.87192
1.80085
1.85228
1.70618
1.78234
1.94327
1.72078
1.90229
1.75897
1.78127
1.8687
1.96054
1.75603
1.8007
1.89642
1.74058
1.70475
1.79163
1.8747
1.86081
1.89565
1.9456
1.74694
1.90818
1.87378
1.80598
1.83729
1.84956
1.82103
1.8622
1.77971
1.98336
1.76539
1.94403
1.95195
1.74874
1.84647
1.81029
1.90027
1.72832
1.86552
1.89606
1.87446
1.81046
1.7838
1.76405
1.95828
1.844
1.773
1.72149
1.73909
1.85487
1.90134
1.70202
1.70051
1.75189
1.90516
1.70981
1.77317
1.81038
1.92719
1.73114
1.96034
1.9128
1.85502
1.88627
1.77173
1.87608
1.87375
1.93577
2.01516
1.70227
1.75534
1.80512
1.85354
1.74005
1.86272
1.87285
1.92544
1.97073
2.00824
2.02369
1.74664
2.00677
1.78847
1.89835
1.95795
1.72177
1.86348
1.71291
1.85469
1.86465
1.76133
1.78849
1.77155
1.86708
1.88545
2.00642
1.8258
1.90509
1.7233
1.76659
1.7558
1.87325
1.85086
1.98236
1.98656
1.90885
1.82657
1.77608
1.87026
1.80126
1.90582
2.04377
1.86374
1.86939
1.81942
1.78408
1.92907
1.80288
1.94182
1.71002
1.87683
1.73136
1.74703
1.95757
1.88051
1.70177
1.88665
1.75607
1.90578
1.95463
1.70129
1.76349
2.01771
1.77757
1.80374
1.76918
1.89165
1.71741
1.9934
1.78161
1.75975
1.79831
1.75245
1.79558
1.83092
1.97973
1.75546
1.75133
1.79094
1.82827
1.88366
1.78143
1.85134
1.86945
1.95255
1.78358
1.81789
1.90284
2.01488
1.77861
1.71811
1.86187
1.85973
1.86268
1.94557
1.76059
1.95287
1.70407
1.86404
1.89464
1.98559
1.86387
1.73228
1.85302
1.70565
1.92606
1.89722
1.84447
1.78474
1.71587
1.92906
1.86509
1.74067
1.70284
1.75563
1.81709
1.70446
1.89634
1.73803
1.90381
1.72696
1.72175
1.8902
1.89078
1.85052
2.03962
1.88671
1.79571
1.81879
1.79458
1.83152
1.8639
1.82974
1.85185
1.82673
2.02622
1.83244
1.98653
1.87526
1.9581
1.98385
1.75302
1.70577
1.88553
1.7464
1.76511
1.79605
1.84624
1.91921
1.87135
1.90275
2.01824
1.83663
1.79084
1.71989
1.89279
1.70991
1.73931
2.01779
1.89885
1.76294
1.78309
1.79238
1.99946
1.86087
2.03991
1.71436
1.83301
1.88299
1.88442
1.78207
1.76629
1.79872
1.96233
1.80342
1.7574
1.78026
1.8403
1.76931
1.86036
1.86472
1.74382
2.01023
1.73818
1.87884
1.76782
1.84067
1.85526
1.71575
1.88512
1.81259
1.72608
1.7078
1.70189
1.79769
1.86483
1.81663
1.97999
1.8695
1.83626
1.71239
1.76136
1.89107
1.84063
1.82524
1.92542
1.88795
2.00718
1.82249
1.84367
1.73863
1.74729
1.87896
1.961
1.91485
1.77206
1.82814
1.84156
1.87338
1.92859
2.03767
1.82153
1.72339
1.72855
1.92012
2.0095
1.78411
1.85981
1.8619
1.73043
1.75298
1.77619
1.83087
1.94488
1.77081
1.90869
1.84394
1.84032
1.92857
1.86191
2.0245
1.85688
1.90997
1.73927
1.93285
1.92126
2.04169
1.98107
1.89997
1.71188
1.72518
1.76732
1.85416
1.85666
1.84882
1.87955
1.75597
1.74212
2.04442
1.71513
1.7599
1.71853
1.70631
1.71977
1.83548
1.75327
1.73279
1.74443
1.78264
1.84249
1.94744
1.70152
1.85908
1.83526
1.87413
1.82752
1.80045
1.85411
2.0122
1.76851
1.79836
2.02558
1.71132
1.89782
1.70872
1.88537
2.04501
1.99692
1.96808
1.89443
1.8625
1.9936
1.91784
1.94332
1.77567
1.78266
2.02101
1.85064
2.01721
1.87315
1.77032
2.04649
1.92439
1.94943
1.82548
1.89619
1.73326
1.91776
1.73551
1.82301
1.79826
1.81673
1.75751
1.89318
1.95465
1.8518
1.72058
1.77947
1.97895
1.91385
1.92142
1.87022
1.82509
1.87962
1.74764
1.77138
1.71644
1.80454
1.71335
1.87805
1.88874
1.72735
1.92744
1.75983
2.03531
1.75595
1.91938
1.72247
1.9605
1.82764
1.96899
1.771
1.71527
1.79265
1.78711
1.79261
1.86422
1.75644
1.74971
1.88703
1.82641
1.78772
1.8837
1.85599
1.97415
1.87538
1.76744
2.04721
1.8341
1.85335
1.8427
1.84819
1.87984
1.89691
1.88717
1.73034
1.97892
1.81642
1.71587
1.91144
1.98976
1.74269
1.83084
1.70084
1.7775
1.75801
1.71157
1.8582
2.00679
1.81594
1.91622
1.85428
1.93221
1.70981
1.70192
2.00025
2.00118
1.86013
1.71884
1.98768
1.85017
1.92396
1.96752
1.75338
2.0363
1.76954
1.97104
1.86839
1.74788
1.75759
2.01613
1.92802
1.99545
1.86012
2.04404
1.78924
1.84151
1.89243
1.81616
1.85799
2.01707
1.84698
1.70685
1.79328
1.84996
1.76948
1.88524
1.85593
1.7522
1.9492
1.91292
1.799
1.85821
1.79458
1.88786
1.8594
1.85331
1.71667
1.83465
1.94936
1.85627
1.71503
1.90719
1.85614
1.88199
1.89544
2.01488
1.89838
1.76213
1.74756
1.72603
1.76663
1.98886
2.0077
1.98621
1.75216
1.81544
1.74944
1.9275
1.88999
1.87116
2.03034
1.8535
1.88027
1.79845
1.8475
1.73819
1.87597
1.88455
1.86896
1.8884
1.82209
1.83072
1.85499
1.84362
1.7777
1.73569
1.77155
1.7728
1.76754
1.72256
1.85763
1.84175
1.8503
1.70546
1.74233
1.7058
1.74803
1.92381
1.9201
1.8525
1.82621
1.83017
1.74326
1.9264
1.98638
1.83947
1.70033
1.93239
1.86568
1.78339
1.73799
1.76922
1.73468
1.73152
1.77806
1.87321
1.86537
1.79511
1.85845
1.78874
1.70366
1.74001
1.86509
1.85777
1.74433
1.80934
1.85933
1.83829
1.8296
1.73089
2.01408
1.85663
1.76485
1.83957
1.95936
1.74961
1.87081
1.71661
1.93866
1.79723
2.0365
1.86189
1.79865
1.9852
1.84818
1.76925
1.7008
1.77092
1.86571
1.74957
1.7895
1.89168
1.7446
1.79575
1.70631
1.85965
1.71774
1.90096
1.84077
1.75962
1.90254
1.99747
1.83083
1.94984
2.0341
1.86984
1.86836
1.87312
1.75364
1.76071
1.78387
1.86081
1.81347
1.96199
1.87705
1.75061
1.86733
1.93656
1.71397
1.87134
1.79858
1.7451
1.85249
1.79464
1.71904
1.83446
1.9761
1.90116
1.89935
2.0234
1.79191
1.92797
1.87218
1.89655
1.82013
1.70636
1.97847
1.73651
1.74184
1.71019
1.7197
1.87905
1.85906
1.76751
1.83488
1.75149
1.77369
1.80183
2.04548
1.88155
1.88516
2.00941
1.72732
1.91339
1.86243
2.02525
1.86161
1.74336
1.89469
2.02934
1.75711
1.86668
1.74018
1.71074
1.72572
1.7568
1.84669
1.96204
1.95024
1.79221
1.73668
1.75705
1.84743
1.75598
1.72207
1.70445
1.94852
1.79608
1.85055
1.70913
1.78496
1.74497
1.70909
1.96869
1.75686
2.03234
1.86245
1.86522
1.73048
1.84721
1.7354
1.75692
1.87461
1.81667
1.7442
2.03188
1.91249
1.80813
1.74771
1.79404
1.87728
1.79403
1.99617
1.99233
1.8897
1.92398
1.91963
1.73101
1.74398
1.73906
1.73588
1.90054
1.89718
1.85913
1.72676
1.73246
1.77961
1.7801
2.01179
1.84551
2.0482
1.93985
1.80045
1.7295
1.89149
1.86736
1.82033
1.73996
1.72921
1.75906
1.75662
1.73092
1.90425
1.85183
1.76447
1.74841
1.95792
1.87308
1.86137
1.98229
1.99762
1.84406
1.77157
1.70105
1.89181
1.83083
1.91484
1.88973
1.84645
1.91215
1.74403
1.71203
1.76947
1.70164
1.74457
1.84433
1.95834
1.74204
1.85675
1.72382
1.96322
1.74163
1.91692
1.75247
2.01226
1.78341
1.71528
1.86505
1.77449
1.97333
1.97331
1.79559
1.85474
1.8299
1.87757
1.92097
1.70348
1.96991
1.78465
2.0453
1.76959
2.01105
1.70142
1.76243
1.70889
1.86238
1.91252
1.87664
1.92176
1.72569
1.75869
1.87688
1.75058
1.98288
1.97186
1.92894
2.03385
1.82467
2.04616
1.74931
1.73888
1.80903
1.87388
1.77447
1.75879
2.01845
1.86916
1.76464
1.74108
1.72068
2.01986
1.9785
1.79966
1.70005
1.73079
1.84413
1.70589
1.7183
1.90866
1.87222
1.81932
1.72956
2.0075
1.84047
1.73834
1.92592
1.93703
1.87767
1.8115
2.03202
1.86404
1.86155
1.85257
2.03238
1.76879
1.77693
2.02808
1.89805
1.7019
1.95086
2.00388
1.99729
1.96036
1.86636
1.86199
1.89461
2.03862
1.72023
1.93348
1.74132
1.73568
1.84579
1.73404
1.84499
1.79894
1.9144
1.86571
1.90228
1.87562
1.89606
1.82397
1.83056
1.74752
1.86711
1.71741
1.92937
1.89796
1.90841
1.74972
1.81345
1.85456
1.86137
1.75501
1.87969
1.79164
1.9413
2.03849
1.71389
1.87061
1.88148
1.77996
1.74221
1.8579
1.8767
1.86469
1.88995
1.91208
1.93164
2.0239
2.02221
1.88299
1.77792
1.7379
1.9166
1.75767
2.01195
1.98814
1.88044
1.87523
1.79382
1.82027
1.72213
2.03446
1.81966
1.80908
1.98954
1.75357
1.77165
1.91365
1.95418
1.84448
1.91366
1.86308
1.84775
1.77605
1.87288
1.70601
1.88784
1.86485
1.95582
2.03467
1.97069
1.85401
1.8248
1.97791
1.71748
1.77451
1.86494
1.72939
1.75202
2.04189
1.85375
1.71162
1.93064
1.84009
1.83742
1.83833
1.88792
1.91489
1.71894
1.94229
1.84918
1.72524
1.86078
1.7545
1.75453
1.90969
1.7188
2.03773
1.97539
1.79369
2.04061
1.70162
1.92966
1.72183
1.79093
1.97371
1.71197
1.93514
1.97157
1.82302
1.93589
1.73641
1.71896
2.03434
1.78437
1.71592
1.78187
2.0201
1.87425
1.74096
1.73275
1.85666
1.89744
1.839
1.76791
1.85609
2.00318
1.84825
1.89327
2.0356
1.85874
1.7243
1.75291
1.71703
1.95216
1.91638
1.79477
1.92299
1.85031
1.85246
2.01943
1.70147
1.70262
1.93201
1.73691
1.90818
1.74955
1.84658
1.76111
1.83421
1.79982
1.91845
1.73744
1.91396
1.83289
1.76569
1.98886
1.76824
1.71458
1.73546
1.86255
1.87769
1.91428
1.88129
1.94815
1.71986
1.91795
1.7841
1.91245
1.84795
1.80429
1.96345
1.82648
1.81058
1.94857
1.72006
1.93617
1.85186
1.8732
1.88973
1.75686
1.7622
1.74672
1.87403
1.85317
1.91257
1.79789
1.85827
1.85252
1.73042
1.8815
1.83789
1.76222
2.01038
1.74141
1.96401
2.04409
1.92503
1.70285
1.72681
1.76708
1.88309
1.7613
1.82733
1.9801
1.88871
1.91862
1.77489
1.87895
1.72164
1.78458
1.89331
1.84732
1.84787
1.72275
1.85202
1.86948
1.769
1.84725
1.85838
1.84716
1.77253
1.81598
1.70324
1.94246
1.73451
1.78451
1.72881
1.95599
1.92609
2.04112
1.79648
1.87897
1.85562
1.99116
2.00189
1.78106
1.74584
2.02853
1.75211
1.85087
2.02239
1.78111
1.71859
1.99399
1.92838
2.04697
2.00228
1.71104
1.75246
1.73403
1.76919
1.853
1.7419
1.70615
1.76126
1.77209
1.93135
1.86997
1.8984
1.78042
1.89962
1.80705
1.85986
1.80337
1.72567
1.82848
1.81686
1.8534
1.76582
1.94997
1.88335
1.83646
2.04903
1.95594
1.79667
1.85939
1.91886
1.80448
1.86221
1.71373
1.86519
1.92749
1.70488
1.92167
1.75777
1.82881
1.9323
1.7325
1.73396
1.98905
1.77446
1.94653
1.70735
1.72658
1.70899
1.71596
1.86151
1.85387
1.83389
1.82123
2.02769
1.99288
1.74868
1.84767
1.7033
1.86002
1.87858
1.90745
2.04203
1.93628
1.8136
1.85349
1.86207
1.85477
1.95128
1.92775
1.7614
1.71111
1.95413
1.72765
1.98128
1.84016
1.96984
2.01092
1.87679
1.94678
1.87088
1.83015
2.00586
1.83218
1.72883
1.86807
1.86955
1.77164
1.87573
1.78332
1.91332
2.04007
1.81431
1.83939
1.72146
1.80805
1.87413
1.78238
1.87163
1.89021
1.70321
1.95784
1.88359
1.92185
1.7991
1.74588
1.93939
1.87976
2.02756
1.78085
1.87356
1.75679
1.75221
1.82194
1.87082
1.75373
1.70921
1.79344
1.95804
1.84539
1.70146
2.0392
1.85464
1.81867
1.77366
1.80572
1.74788
1.84568
1.95707
1.83473
1.88252
1.71591
1.79014
1.819
1.85933
2.02509
1.9968
1.88739
2.04274
2.00708
1.87305
1.804
1.86646
1.76152
1.87632
1.84677
1.74599
1.71466
1.88327
1.9839
1.92254
1.86034
1.78522
1.85222
1.84262
1.7697
1.7281
1.90336
1.80901
1.71962
1.74584
2.02559
1.71296
1.87405
1.91065
1.84809
1.82319
1.93219
1.95379
1.85287
1.84666
1.84107
1.88421
1.92967
1.91747
1.79766
1.71594
1.9238
1.89593
1.83676
1.86766
1.78561
1.88917
1.88644
1.77621
1.91435
2.01261
1.89442
1.76262
1.73928
1.877
1.82427
1.78902
1.76252
1.94299
1.95833
1.72812
1.91789
1.93243
1.71424
1.92449
1.71765
1.88518
1.84347
1.77608
1.7697
1.73641
1.71974
1.80932
1.95995
1.82341
1.87667
1.75046
1.71195
1.87164
1.79058
1.79415
1.90907
1.76124
1.71958
1.79388
1.80724
1.87209
1.97523
1.97951
1.92918
1.7617
1.88655
1.84038
1.93594
1.88144
1.71513
1.77589
1.86681
1.97195
1.96471
1.98071
1.97372
1.72109
1.86235
1.85926
1.95729
1.74205
1.93965
1.91692
2.00663
1.72476
1.88709
1.79072
1.78431
1.91427
1.93985
1.83126
1.71611
1.72127
2.03698
1.9755
1.70182
1.76016
2.02088
1.84678
1.71969
1.86827
1.948
1.79699
1.8628
2.02597
2.0207
2.0296
1.84635
1.86532
1.81456
1.78005
1.86813
1.91633
1.86718
1.93119
1.95668
1.71545
1.70451
1.86955
1.97025
1.81127
1.803
2.03339
1.89113
2.02855
1.77663
1.78734
1.70077
1.94317
1.70253
1.84833
2.01329
1.8186
2.02247
1.88125
1.99817
1.75414
1.76043
1.8929
1.84167
1.91965
1.87117
1.85225
1.78912
1.72112
1.9301
1.89508
1.7361
1.78636
1.89108
1.82176
2.01213
1.71644
1.75988
1.96984
1.90651
1.92494
2.01724
1.95572
1.72541
1.73781
1.77809
1.85776
1.998
1.95882
1.8565
1.82799
1.76632
1.71367
1.83223
1.71629
1.88584
1.83427
1.79329
1.70698
1.79578
1.7198
2.00966
1.89314
1.721
1.85384
1.84422
1.71578
1.71948
1.84367
1.78221
1.77209
1.8395
1.70571
1.87348
1.91419
1.8766
1.76735
2.04587
1.85584
1.86289
1.90969
1.8405
2.03967
1.74221
1.87405
1.72363
1.76191
1.7697
1.8065
1.93371
1.70885
1.90295
1.93214
1.78926
1.92826
1.97391
1.70974
1.784
2.03662
1.85763
1.80859
1.7601
1.99668
1.97187
1.78733
1.8906
1.88733
1.70663
1.88976
1.73947
1.86877
1.73658
1.76266
1.74466
2.02482
1.76119
1.72957
1.8587
1.85624
1.77909
1.90586
1.83239
1.76454
1.71361
1.73784
1.86659
1.82555
1.84234
1.71481
1.70844
1.86899
1.76875
1.877
1.86356
1.85375
1.89421
1.80245
1.85237
1.74117
2.00937
1.82002
1.81881
1.82813
1.91725
1.78025
1.87596
1.82512
1.86074
1.8092
1.85725
1.7212
1.75381
1.88236
1.71695
1.9449
1.77173
1.86067
2.02655
1.88964
1.84465
1.85544
1.73245
1.77617
1.95734
1.97016
1.70343
1.83368
1.95498
1.75678
1.84892
1.92184
1.9038
1.89971
1.77695
1.77824
1.82123
2.0054
1.85882
1.86051
1.87538
1.84161
1.87758
1.77948
1.71098
1.77343
1.90665
1.95716
1.96372
2.03083
1.88518
1.86523
1.95676
1.83689
1.76193
1.96297
1.82492
1.7111
1.9827
1.8801
1.73483
1.83818
1.87499
1.94442
1.7043
1.874
1.9045
1.78049
1.71751
1.73622
1.95996
1.87006
1.78052
1.86783
1.70087
1.86518
1.84594
1.85192
1.72198
1.73084
1.87679
1.72352
1.89662
1.87705
1.90336
1.96605
1.86372
1.83678
1.72618
2.0304
2.00666
1.8043
1.9086
1.7142
1.95943
1.82418
1.86045
1.82235
2.04443
1.99608
1.70307
1.8222
1.86065
1.8566
1.78336
1.71666
1.75457
1.89577
1.87566
1.71746
1.70767
1.76162
1.95483
1.87679
1.81041
1.74598
1.88781
1.77709
1.94396
1.79804
1.70511
1.85381
1.86887
2.03326
1.99551
1.85326
1.81163
1.95933
2.00688
1.9151
1.83778
1.76339
1.85253
1.78286
1.7982
1.91705
1.79871
1.87166
1.72404
1.79423
1.70255
1.72087
1.88878
1.86685
2.03799
1.79668
1.86533
1.70674
1.88472
1.70099
1.85226
1.93894
1.76538
1.76293
1.73917
1.91604
1.87863
1.80569
1.7641
1.78631
1.74081
1.94419
1.88581
1.7619
1.71353
2.02308
1.73514
1.78085
1.7216
1.99915
1.78223
1.78697
1.72041
1.72662
1.97564
1.91028
1.75123
2.0016
2.02759
1.85139
1.75964
1.75881
1.81959
1.84415
1.74092
1.85115
1.92044
1.86748
1.8463
1.99471
1.79821
1.7445
1.82734
1.70892
1.73137
1.80652
1.76264
1.82338
1.8013
1.7389
1.95645
2.00426
1.87907
1.72754
1.8737
1.77715
2.03089
1.79557
1.76163
1.9819
1.7996
1.75322
1.98254
1.92743
1.92049
1.82467
1.99671
1.78648
1.98413
1.79874
1.98405
1.74137
1.90258
1.71421
1.78216
1.85721
1.84881
1.75926
2.04212
1.71334
1.79468
2.01142
1.82094
1.75131
1.74355
1.81626
1.90873
1.92811
1.83513
2.02448
1.74978
1.73448
1.70475
1.73311
1.85658
1.74517
1.77018
2.04463
1.96618
1.98079
1.87941
1.86847
1.8566
1.71288
1.71298
1.93429
1.8681
1.9881
1.71983
1.78639
1.94997
1.73674
1.93328
1.799
1.81746
1.76002
1.79543
1.7148
1.98538
2.04392
1.85629
1.96583
1.99569
1.71946
1.84332
1.71848
1.76483
1.79859
1.99148
1.70667
1.71244
1.72389
1.86158
1.86379
1.73282
1.95652
2.03078
1.93936
1.74386
1.80512
1.86066
1.84407
1.7426
1.89767
1.70886
1.76175
1.79201
1.8563
1.86166
1.90351
1.83359
1.76686
1.77695
1.95346
1.96907
1.78642
1.83615
1.85566
1.87997
2.04143
1.91516
1.92236
1.78727
1.75921
1.76711
2.00835
1.70863
1.85078
1.86082
1.88959
1.77977
1.99162
1.72249
1.75503
1.71979
1.77728
1.79709
1.72441
1.99685
1.84182
1.76955
1.88478
2.00302
1.83835
1.7662
1.88722
1.71219
1.84262
1.89588
1.83331
1.97741
1.74588
1.71361
1.90844
1.84801
1.7678
1.89088
2.00739
1.87629
1.85109
1.89193
1.83456
1.81358
1.88834
2.00566
1.94921
1.77327
1.83282
1.93995
1.97965
1.73713
1.78665
1.97192
2.02897
1.70202
2.03972
1.73607
1.869
1.83573
1.84405
1.73713
1.76173
1.81948
1.70071
1.77721
1.74523
1.84444
1.86099
1.93677
1.76606
1.85569
1.84237
1.71303
1.74623
1.88409
1.92815
1.83347
1.70913
1.72581
1.86089
1.75439
1.80019
1.87557
1.85866
1.73151
1.92873
1.71522
2.04256
1.73893
1.79963
1.72919
1.87787
1.87157
1.71424
1.99668
1.80438
1.80108
1.75344
1.79455
1.75195
1.70579
1.74029
1.71928
1.72276
1.72435
1.98009
1.85982
1.95889
1.93305
1.97003
1.70183
1.72692
1.81695
1.86081
1.84797
1.81122
1.78235
2.00126
1.78637
1.8713
1.9313
1.75929
1.81108
1.84873
1.83395
2.04825
1.85372
1.91566
1.85184
1.86797
1.71024
1.82891
1.74816
1.7982
1.71989
1.74317
1.77113
1.98178
1.89239
1.83037
1.83871
1.80034
1.86853
1.87611
1.80892
1.85616
1.90494
1.85065
1.74859
1.72125
1.89469
1.86806
1.86189
1.85476
1.87754
1.74514
1.7445
1.89436
2.0025
1.9829
1.79031
1.82123
1.8145
1.76495
1.84064
1.86496
1.77656
1.73525
1.93376
1.70598
2.00211
1.98938
1.89553
1.95996
1.76722
1.85507
1.90251
1.75521
1.84401
1.87804
1.88848
1.74669
1.83176
1.84579
1.77085
1.85045
1.72069
1.88443
1.75076
1.85975
2.02771
1.87048
1.78964
1.736
1.75036
1.75114
1.81709
1.92427
1.76014
1.73934
1.94743
1.7078
1.92219
1.91561
1.73734
1.79995
2.00597
2.03745
1.84462
1.85172
1.86406
1.70712
1.75878
1.87889
1.88499
2.03056
1.87045
1.73338
1.85019
1.95296
1.8904
1.89953
1.80905
1.86815
1.86841
1.87777
1.83373
1.85837
1.80194
2.00754
1.73153
1.76092
1.72685
1.72191
1.73569
1.73165
1.84974
1.72169
1.89202
1.78678
1.85145
2.04244
1.96275
1.86645
1.96949
1.82971
1.8605
1.71362
1.83601
1.7914
1.73501
1.87041
2.02222
1.84677
1.79129
1.8921
1.73926
1.91243
1.89331
1.7435
1.7432
1.72777
1.93498
1.95915
1.86016
1.87967
1.70765
1.85721
1.86355
1.95828
1.8471
1.77567
1.89061
1.99226
1.75841
2.03874
1.8545
1.97746
1.91222
1.72228
1.81221
1.9536
1.87272
1.84601
1.87893
1.78902
1.73049
1.92359
1.7258
1.95039
1.84303
1.80879
1.84359
1.89357
1.75773
1.87028
1.73852
1.96634
2.01559
1.75413
1.87783
1.86557
1.7635
1.87056
1.8027
1.78654
1.74617
1.79747
1.87504
1.78713
1.74735
1.95218
1.79094
1.92917
1.7313
1.98199
1.71227
1.78542
1.73943
1.85308
1.93399
1.70988
1.86829
1.761
1.85421
1.76858
1.8999
1.83512
1.75125
1.8516
1.82837
1.8701
1.87608
1.72885
1.79501
1.97894
1.91244
1.99777
1.91603
1.95605
1.93495
1.8131
1.70917
1.84691
1.95768
1.82784
2.04105
1.76538
1.84261
1.83508
1.71563
1.75459
1.79651
1.87062
1.74676
1.86892
1.71476
1.81577
2.0022
1.83676
1.83167
1.72653
1.86578
1.70625
1.76658
1.7313
1.89077
1.89049
1.70206
1.99121
1.86888
1.98194
1.83003
1.86239
1.79605
2.00115
1.82791
1.75179
1.73536
1.70022
1.85902
1.72355
1.78483
1.78128
1.8259
1.71988
1.85933
1.82465
1.91487
1.76758
1.7638
1.83965
2.01765
1.88122
1.75638
2.03295
1.93989
1.86085
1.75498
1.72356
1.9175
1.78118
2.04219
1.85211
1.86287
1.99587
1.70437
1.73057
1.82283
1.87178
1.79486
1.89668
1.81596
2.00444
1.87672
1.79468
1.7748
1.73756
2.03512
1.71079
1.87742
1.86796
1.80578
1.87651
1.85431
1.7282
1.75669
1.83252
1.87618
1.80317
2.03497
1.94198
1.92861
1.84206
1.7198
1.74723
1.72114
1.86115
1.86005
1.71248
1.87987
1.7344
2.00763
1.75423
1.75048
1.76873
1.77919
1.77574
2.00423
1.85816
1.84235
1.98509
1.76405
1.88864
1.9407
2.01748
1.70277
1.8509
1.74505
1.79824
1.89879
1.92831
1.74129
1.8998
1.71636
1.86885
1.88129
1.70332
1.73435
1.81429
1.8749
1.84002
1.87993
1.7064
1.8502
1.88994
1.8369
1.72682
1.70935
1.88987
2.00495
1.88012
1.84073
1.766
1.72408
1.87151
1.8584
1.71048
1.73618
1.89279
1.88415
2.0316
1.71817
1.72186
1.80925
2.02857
1.89642
1.89081
1.71384
1.70012
1.73259
1.90545
1.76954
1.92813
1.8799
1.85899
1.7034
1.7122
1.80423
1.80874
1.96185
1.74079
1.77187
1.85622
1.84597
1.99709
1.82215
1.82492
1.86136
1.98191
1.89892
1.80759
1.90381
1.84072
1.86603
1.80431
1.70237
1.87737
1.93365
1.90084
1.98982
1.8491
1.8509
1.88942
1.99381
1.8924
2.00401
1.86429
1.84317
1.71568
1.89072
1.84761
1.8445
1.86646
1.73193
1.76945
1.86811
1.91681
1.96138
1.87998
1.90159
1.7809
1.89346
1.83655
1.81742
1.86144
1.88493
1.81364
1.73229
1.77785
1.78907
1.71008
1.71115
1.75788
1.84702
1.73407
1.84958
1.98999
1.99853
1.88514
1.79688
1.897
1.82868
2.01667
1.82588
1.86621
1.92191
1.84338
1.71726
1.87801
1.78103
1.98811
1.81503
1.86069
1.89757
1.84556
1.98118
1.88293
1.73096
1.90944
1.87207
1.82764
1.87023
1.91079
1.93176
2.01436
1.86213
1.85625
1.99643
1.87693
1.85902
1.94154
1.81126
1.96233
1.85151
1.72114
1.87038
1.91877
1.87473
1.78781
1.93331
1.84914
1.79929
1.8067
2.01663
1.76808
1.99817
1.82058
1.9899
1.85801
1.96951
1.74144
1.93842
1.90602
1.76878
1.81462
1.97943
1.70733
1.97573
1.84103
1.8428
2.04809
1.72475
1.7938
1.878
1.99354
1.78734
1.97379
1.82786
1.91345
1.72013
1.73352
1.9495
1.8665
1.81163
1.75014
1.8827
1.85887
1.87875
1.92267
1.87784
1.80934
1.77516
1.74215
1.97109
1.70421
1.75048
1.70701
1.71957
1.81843
1.85117
1.74864
1.95045
1.88308
2.02511
1.75832
1.85006
1.7659
2.00831
1.90529
1.74789
1.85967
1.78888
1.87911
1.82833
2.0169
1.9517
1.86241
1.88877
1.78008
1.7149
1.72297
1.72273
1.87192
1.78473
1.75607
1.8075
1.80904
1.8348
1.88577
1.76547
1.73134
1.83058
1.78419
1.70374
1.85901
1.88024
1.7929
1.88896
1.86177
1.74489
1.92887
1.70796
1.92885
2.01411
1.90928
1.97877
1.89907
1.93742
1.94863
1.72465
1.84959
1.71505
1.96098
1.71489
1.82968
1.98376
1.80486
1.78147
2.00193
1.73019
1.96151
1.86377
1.80079
1.79748
1.80162
1.87402
1.911
1.75857
1.73616
1.75871
1.8445
1.75673
2.00093
1.87689
1.79452
2.04933
1.70539
1.79816
1.86628
1.80254
1.77468
1.8141
1.86397
1.88659
1.77008
1.883
1.75261
1.89623
1.85786
1.77526
1.70968
1.85431
1.99613
1.87086
1.80937
1.84475
1.85908
1.70871
2.04577
1.85638
1.84983
1.74121
1.81812
1.83572
1.71409
1.8817
1.89392
2.00472
1.8528
1.8672
1.78972
1.8362
1.93684
1.75764
2.03075
2.02943
1.79393
1.76748
1.91538
1.75545
1.71186
1.84841
1.83476
1.73456
1.78639
1.77663
1.84728
1.99295
1.78479
1.87165
2.02917
1.75674
1.89214
1.9808
1.87006
1.79934
1.72423
2.0187
1.71497
1.87315
1.70131
2.02912
1.71655
1.73531
1.95303
1.71078
1.76989
1.78448
1.89889
1.83727
1.87125
1.86957
1.73214
1.85046
2.02628
1.7561
1.73337
1.83671
1.84458
1.97492
2.04545
1.86001
1.87229
1.72073
1.99123
1.83927
1.90793
1.8751
1.77986
1.70587
1.72618
1.80454
1.8459
1.90357
1.84066
1.87395
1.93948
1.7807
1.85597
1.74279
1.83567
1.80794
1.82016
1.8203
1.96486
1.92161
1.97647
1.86588
1.93833
1.90628
1.98243
1.85943
1.975
1.73422
1.77477
1.92508
1.81824
1.78148
1.78697
1.77553
1.88038
1.72281
1.91717
1.85483
1.70513
1.91153
1.8916
1.77183
1.91222
2.04604
1.75006
1.97426
1.78305
1.82019
1.76974
1.8169
1.86146
1.84504
1.71924
1.75454
1.70826
1.91172
1.7718
1.71557
1.85669
1.86806
1.87319
1.71511
1.86175
2.01191
1.86137
1.92973
2.03636
2.03388
1.72959
1.82219
1.85011
2.0024
1.94427
1.93509
1.92616
1.73114
2.03968
1.80108
1.85044
1.86455
1.73309
2.01888
1.92958
1.88473
1.85229
1.97805
1.8675
1.75183
1.9357
1.98393
1.77975
1.79179
1.87397
1.87243
1.88971
1.77598
1.78651
1.80712
1.83846
2.01875
1.84751
1.8361
1.8965
1.84982
1.7637
1.98961
1.89772
1.75917
1.76375
1.80988
1.78512
1.71269
1.89456
1.95992
1.80351
1.96581
1.88276
1.88921
1.90589
1.79173
1.93863
1.70397
1.87841
1.7035
1.74845
1.7698
1.92776
1.75238
1.81541
1.74336
1.81146
1.82546
1.98211
1.96204
1.86512
1.85835
1.77374
1.7809
1.86151
1.8311
1.70112
1.85046
1.94494
1.85845
2.01642
1.8455
1.70934
2.04769
1.75957
1.90065
1.86077
1.81021
1.71011
1.81271
1.83962
1.91692
1.86706
1.94002
1.90437
1.70925
1.70404
2.00723
1.84599
1.76301
1.86491
2.0435
1.73881
1.73804
1.87772
1.79515
1.73726
1.86049
1.7249
1.83879
1.79984
1.94501
1.81404
1.86443
1.76312
1.77277
1.81196
1.86126
1.89169
1.96425
1.73696
1.86266
1.88298
2.04802
1.72815
1.85476
1.85843
1.89386
1.90701
1.83227
1.96637
1.8561
1.98395
1.77631
1.8117
1.85582
2.04909
1.83599
2.01133
1.71582
1.72895
1.74836
1.84328
1.81643
1.71491
1.73148
1.71255
1.83776
1.83254
1.76601
1.87768
1.74234
1.80628
1.87908
1.74923
1.74185
2.0281
1.77393
1.79661
1.95285
1.83354
1.72525
1.83089
1.75042
1.72105
1.83367
1.86219
1.83694
1.87896
1.82449
1.78007
1.72023
1.98639
1.87708
1.77255
1.93745
1.8583
1.81373
1.70701
1.74732
1.87864
1.86181
1.84694
1.85484
1.80447
1.7205
1.83706
1.7645
1.90683
1.84643
1.81032
2.01156
1.75355
1.72111
1.90542
2.0412
1.8549
1.7704
1.71619
1.91075
1.74847
2.01114
1.72944
1.9167
1.72086
1.87573
1.7174
1.85121
1.86223
1.72149
1.8973
1.79081
1.73159
1.70195
1.89984
1.96708
1.878
2.0157
1.8058
1.99313
1.84866
1.88928
1.74983
1.7027
1.86706
1.98214
1.76127
1.77073
1.73259
1.79695
1.74199
1.79524
1.8626
1.86065
1.80183
1.87016
1.84535
1.89839
1.76697
1.86331
1.8214
1.78556
1.89347
1.96221
1.93154
1.7503
1.92288
1.7013
1.85849
1.94331
1.81674
1.8447
1.86979
1.73028
1.80537
1.74386
1.77208
1.84414
1.70224
1.82236
2.02153
1.77457
1.88086
1.70979
1.74332
1.88944
1.84578
1.81184
1.86362
2.01482
1.93183
1.9189
1.8776
1.7816
1.71349
1.75436
1.85107
1.73415
1.71706
1.98407
1.99009
1.76376
1.91231
1.74951
1.77072
2.00377
1.8527
2.01577
1.82539
1.70008
1.72822
2.00794
1.73745
1.70404
1.91086
1.7181
1.87025
1.87386
1.87487
1.91413
1.98427
1.79729
1.71096
1.7751
1.74083
1.8442
1.76654
1.90529
1.84046
1.70186
1.86149
1.82532
1.85482
1.714
1.77591
1.78636
1.82396
1.89494
1.77968
1.86476
1.7974
1.74878
1.72528
1.84865
1.7567
1.76189
1.85303
1.7212
2.02902
1.79682
1.90207
1.86389
1.99033
1.78178
1.9227
1.86958
1.89199
1.70201
1.94983
2.04071
1.92233
1.85949
1.76611
1.77073
1.72089
1.71193
1.86301
1.82308
1.76651
1.85831
1.9836
1.71809
1.87975
1.94421
1.89092
2.01307
1.79909
1.83548
1.97276
1.9589
1.93962
1.93551
1.86895
1.76935
1.75425
1.9691
1.92832
1.7984
1.842
1.84803
1.99836
1.75135
1.84173
1.79442
1.70314
1.89028
1.99703
1.7483
1.74276
1.86444
1.73787
1.77668
1.71204
1.85418
1.76338
1.70567
1.73504
1.77308
1.72418
1.75655
1.85222
1.77721
1.79211
1.92219
1.91319
1.84085
1.99376
1.9213
1.74217
1.71147
1.9278
1.94214
1.87626
1.84754
1.7561
1.92524
1.73771
1.80687
1.8547
1.88712
1.76571
1.75244
2.00505
1.71826
1.74177
1.82787
1.76833
1.87937
1.74001
1.8445
1.85403
1.79888
1.8457
1.71618
1.76686
1.87984
1.87017
2.03626
1.89807
1.85599
1.94214
1.72207
1.95617
1.96022
1.86456
1.80707
1.76747
2.03946
1.77756
1.98668
1.99468
1.75572
1.81973
1.72174
1.85791
1.78865
1.89197
1.80952
1.95524
1.97699
2.00009
1.78828
1.77387
1.8637
1.80267
1.8659
1.91624
1.97356
1.88255
1.85636
2.00669
1.87274
1.74975
1.97742
1.92441
1.85233
1.82102
1.83727
1.73101
1.88387
1.91959
1.80168
1.71281
1.99251
1.75681
1.76576
1.70609
1.85345
1.91486
1.79979
1.85601
1.82759
1.72597
1.76385
1.85075
1.73967
1.85295
1.76258
1.82114
1.73406
1.70594
1.83241
1.84011
1.76345
1.95929
2.02846
1.95949
1.78755
1.87199
2.03135
1.85744
1.79084
1.72153
1.85912
1.78128
1.95342
1.85668
1.73108
1.70353
1.74336
1.70929
1.98095
1.81392
1.82783
1.98596
1.74935
1.81612
1.73909
1.81395
1.99761
1.71394
1.8869
2.02845
1.81733
1.91939
1.78523
1.848
1.76714
1.74909
1.85828
1.76982
1.89122
1.71831
2.00702
1.94183
1.72124
1.83514
1.88682
1.90975
1.93367
1.96558
1.94747
1.87559
1.84836
1.97911
1.86152
1.738
1.89542
1.78504
1.7456
1.83497
1.97507
1.72328
2.02053
1.7666
1.79616
1.87047
1.95555
1.81188
1.92231
1.94023
2.04829
1.92958
2.02005
1.74238
1.72742
1.79541
1.84572
1.74518
1.72614
1.77842
1.75371
1.88673
1.7288
1.85669
1.7799
1.73587
1.97882
1.73155
1.72455
1.84736
1.7237
1.85818
1.7119
1.86241
1.87476
1.73647
1.85583
1.77283
1.89505
1.79218
1.85054
1.92798
1.82179
1.93299
1.87614
2.03379
1.70359
1.80117
1.71229
1.94421
1.87048
1.94823
1.91808
2.02461
1.8284
1.81277
1.83231
1.763
1.77702
2.01316
1.93906
1.70207
1.8804
1.85654
1.74953
1.70839
1.74013
1.99293
1.8575
1.87065
1.70112
1.78571
1.98453
1.7082
1.70795
1.86912
1.80287
2.00288
1.74695
1.86999
1.71509
1.87011
1.82449
2.01846
1.76402
1.72076
1.74542
1.73346
1.91084
1.86647
1.79041
1.74257
1.70155
1.99847
1.91197
1.94632
1.9488
1.82003
1.88068
1.99702
1.71272
1.91696
1.79763
1.84428
1.82734
1.77857
1.98547
1.87923
1.78707
1.79548
1.72621
1.79202
1.88424
1.7014
1.78792
1.90725
1.7421
1.72974
1.81546
1.81112
1.83487
1.75623
1.86391
1.7938
1.87245
1.75713
1.72708
1.78619
2.04522
1.75593
1.99648
1.8701
1.82322
1.85254
1.85787
1.71055
1.86104
1.7112
2.04509
1.80769
1.84942
1.82328
1.75801
1.85682
1.7911
1.94436
1.97098
1.90431
1.86582
2
1.86887
1.79538
1.72125
1.7721
1.73764
1.87211
1.85982
1.84026
1.72921
1.84478
1.80252
1.90535
1.82159
1.73852
1.72799
1.77639
1.75547
1.86961
1.83166
1.78681
1.85248
1.85989
1.86108
1.8102
1.91589
1.73936
1.86091
1.77731
1.72195
1.88086
1.84825
1.75887
1.74188
1.70295
1.83286
1.90879
1.78216
1.97006
1.82512
1.75737
1.81942
1.85333
1.75762
1.87807
1.83991
1.70305
1.78317
1.72349
1.99672
1.85301
1.96887
1.89415
1.70037
2.04608
2.00951
1.74696
1.85752
1.8649
1.88678
1.77334
1.87972
1.77026
1.99055
1.71338
1.72016
1.80885
1.86522
1.86447
1.88106
1.83469
1.90771
1.85423
1.86688
1.71517
1.89902
1.74863
1.75197
1.72824
1.86912
2.04036
1.74553
1.76918
1.8652
1.85823
1.97502
1.83864
1.87312
1.79238
1.8405
1.91185
1.74078
1.75354
2.01386
1.76881
1.83644
1.71716
1.87368
1.79269
1.72201
1.98623
1.76475
1.74282
1.97492
1.98022
1.98471
1.84937
1.73049
2.04278
1.84118
1.78389
1.78444
1.76328
1.78322
1.80144
1.74588
1.75068
1.75489
1.71703
1.90362
1.85503
1.76081
1.85287
1.7086
1.881
1.9026
1.83566
1.94985
1.93496
1.85552
1.72651
1.8427
1.86
1.77016
1.78519
1.7596
1.86925
1.7918
1.81004
1.80483
1.70464
1.92707
1.75011
1.91107
1.71248
2.01734
1.70204
2.04195
1.86294
1.71445
1.83556
1.81024
1.91082
1.82305
1.72498
1.85341
1.71469
1.71636
1.86643
1.88517
1.8481
1.72485
1.81327
1.84169
1.84009
1.82358
1.71954
1.83813
1.89116
1.78115
1.85677
1.89611
1.77394
1.89485
1.78487
1.74068
1.78488
1.82845
1.83912
2.04122
1.70901
1.87747
2.0109
1.7215
1.73103
1.94585
1.94653
1.77674
1.86635
1.85506
1.95599
1.88683
1.95317
1.84534
1.73914
1.794
1.88853
1.74966
1.70919
1.76251
1.906
1.93525
1.88647
1.89532
1.76449
1.97663
1.86944
1.73978
1.88294
1.86924
1.75059
1.70214
1.74344
1.86959
1.76253
1.85715
1.71325
1.77716
1.79763
1.70171
1.87558
1.97388
1.86589
1.92069
1.73228
1.77013
1.98247
1.76216
1.77893
1.85989
1.92767
1.88214
1.85808
1.93791
1.83713
1.73574
1.70308
1.81585
1.71858
1.91759
1.74194
1.86004
1.75905
1.79011
1.83893
1.75694
1.86228
1.77292
1.91234
1.80951
1.74188
1.75005
1.85539
1.85703
1.73044
1.7557
1.95019
1.85274
1.79508
1.73764
1.87997
1.95815
1.71282
1.84304
1.96079
1.70532
1.71398
1.78822
1.71449
1.82809
1.73545
1.78296
1.89128
1.82292
2.01653
1.82779
1.84874
1.97167
1.79225
1.76567
1.79781
1.76575
1.85291
1.85993
1.85554
1.70956
1.85479
1.79202
2.03387
1.87673
1.80483
1.89522
1.74683
1.853
1.80065
1.829
1.98301
1.88385
1.87096
1.83356
1.91257
1.71778
1.86931
1.70697
1.84491
1.80929
1.87812
1.89226
1.71731
1.70429
1.88481
2.01725
1.71907
1.96345
1.89684
1.71688
1.71921
1.98023
1.86644
1.7759
1.84506
1.92364
1.75419
1.75117
1.85635
2.02273
1.91122
1.7506
1.86259
2.00374
2.0413
1.83248
1.84563
1.87807
1.89397
1.73573
1.95134
1.84859
1.79524
1.81259
1.91437
1.87228
1.86095
2.04097
1.88825
1.92974
1.75546
1.84871
1.89492
1.76237
1.90548
1.86531
1.85293
1.84343
1.81728
1.79587
1.74477
1.71526
1.80788
1.77598
1.70142
1.88892
1.86459
1.75643
2.00322
1.72988
1.86246
1.89044
1.9801
1.8285
1.85183
1.87085
1.73002
1.82637
1.9011
1.86681
1.87748
1.87696
1.92029
1.87897
1.76623
1.81637
1.87281
1.81092
1.74239
1.81536
1.79731
1.86301
1.79107
1.75142
1.92919
1.77627
1.84461
1.91229
1.74628
1.82912
1.74352
1.7191
1.86675
1.74775
1.79615
1.84528
1.75222
1.98192
1.85513
1.92371
1.70621
1.87322
1.74464
1.76729
1.82534
1.76826
1.81215
1.90579
1.80217
1.84153
1.71629
1.99306
1.87029
1.89066
1.87624
1.86974
1.97635
2.04833
1.87775
1.72824
1.94541
1.73455
1.81669
2.02151
2.04114
1.93697
1.99605
1.89866
1.78298
1.91371
1.80989
1.80578
1.76082
1.80993
1.95738
1.81881
1.79042
1.75281
1.8765
1.92007
1.84238
1.75058
1.75857
1.70372
1.90958
1.85909
1.7848
1.87695
1.77194
1.84619
1.72684
1.87261
1.87128
1.79451
1.81556
1.72072
1.96416
1.71211
1.70575
1.85717
1.727
1.94383
1.78119
1.75066
1.93143
1.71351
1.88801
1.82124
1.70156
1.73318
1.9389
1.84998
1.81521
1.97273
1.74849
1.84289
1.75087
1.73579
1.88255
1.95329
1.87409
1.98423
1.98662
1.93103
1.8242
1.93919
1.87487
1.85742
1.75033
1.76642
1.72744
1.70349
1.77913
1.84123
1.80969
1.95716
2.04834
1.84103
1.85214
1.96073
1.9431
1.77212
1.82173
1.79939
2.03962
1.72565
2.021
1.95605
2.00191
1.72034
1.81553
1.80416
1.93808
1.78515
1.83071
1.82851
1.90361
1.86594
1.90085
1.83202
1.89791
1.81033
1.84193
1.82009
1.92323
1.71064
1.86274
2.02909
1.86013
1.84415
1.89584
1.88221
2.00422
2.01049
1.78027
1.73751
1.70132
1.81747
1.86343
1.80268
1.95938
1.77012
2.00161
1.82876
1.79537
1.95995
1.82474
1.99731
1.99364
1.74463
1.8678
1.70194
2.00331
1.76256
1.72657
1.71801
2.03006
1.72356
1.83321
1.83858
1.92433
1.91155
1.85982
1.82564
1.94188
1.75349
1.73009
1.89443
1.85332
1.85839
1.71927
2.00768
1.89949
1.85887
1.78211
1.86959
1.76147
1.76154
1.76258
1.84225
1.88646
1.94303
1.87592
1.7983
1.73541
1.86924
2.00427
1.70728
1.9162
1.91472
1.72702
1.92772
1.74877
1.88791
1.82591
1.96325
1.88605
1.86909
1.92745
1.81931
1.72442
1.96252
1.70496
1.77258
1.80422
1.8992
1.7555
1.76378
1.92004
1.88546
2.00454
1.71963
1.90442
1.70801
1.92199
1.87152
1.97145
1.81486
1.71168
1.77158
1.83206
1.8885
1.78028
1.7418
1.74035
1.89099
1.76717
1.74645
1.83968
1.86273
1.9952
1.98106
1.83243
1.70189
1.7098
1.80371
1.77726
1.8668
1.73649
1.84906
2.04233
2.03372
1.83747
1.85781
1.91205
1.79628
1.72053
1.77727
1.92565
1.96369
1.75418
1.75839
1.85394
1.86104
1.77191
1.93389
1.77426
1.72067
1.94313
1.99473
1.90016
1.78427
1.78909
1.96081
2.04175
1.83444
1.94757
1.84782
1.72677
1.74417
1.87214
1.75581
1.81832
1.96606
1.86826
1.85879
1.95857
1.9441
1.92933
1.87463
1.83832
1.86418
1.80171
1.83304
1.72991
1.83539
1.84609
1.77745
1.94785
1.71004
1.88796
1.71586
1.9744
1.86517
1.88775
2.0164
1.95815
1.93653
1.93186
1.79501
1.98761
1.80418
1.79472
1.79787
1.76606
1.82215
2.00074
1.70278
1.94215
1.77965
1.73656
1.7334
1.8546
2.00628
1.88103
1.70369
1.80074
1.95437
1.89594
1.75304
1.94635
1.79536
1.92335
1.71914
1.74044
1.9148
2.02738
1.84102
1.70235
2.04653
1.88432
1.8214
1.83918
1.8844
1.82274
1.72713
1.94724
1.82456
2.02347
2.03549
1.70259
1.98604
1.71288
1.84464
2.01648
1.94039
1.72683
2.02077
1.74805
1.96711
1.88757
1.80177
2.04566
1.73508
1.84978
1.90579
1.74465
1.79826
1.74512
1.99595
1.7411
1.79096
1.81957
1.73868
1.87107
1.75398
1.80301
1.72492
1.78294
1.89453
1.88639
1.7891
1.78459
1.9753
1.79754
1.77682
1.90117
1.79353
1.85885
1.90334
1.91066
1.70064
1.9612
1.7836
1.79618
1.92469
1.73235
1.9373
2.03014
1.73628
1.78668
1.7538
1.87885
1.88985
2.03997
1.91478
2.04833
1.79628
1.87426
1.7222
1.88651
1.85246
1.8678
1.87184
1.73426
1.78127
1.71678
1.95215
1.98451
1.97656
1.84743
1.73371
1.90945
1.86496
1.79307
1.78938
1.70665
1.73226
1.75815
1.94738
1.72955
1.87973
1.82875
1.87929
1.88025
1.79788
1.87882
1.7004
2.0396
1.7088
1.75763
1.99163
1.87398
1.96414
1.83641
1.76242
1.71737
1.94609
2.04866
1.71723
1.77418
1.74374
1.72498
1.71792
1.85784
1.87612
1.83512
1.86675
1.99357
1.72282
1.93239
1.75509
1.81092
1.80363
1.8575
1.90886
1.84083
1.86501
1.84031
1.8515
1.92684
1.82178
1.86093
1.84712
1.76346
1.76994
1.87571
1.78998
1.99397
1.92525
2.04546
1.73267
1.87332
1.87248
1.76749
1.78126
1.82979
1.76403
1.90332
1.78319
1.71555
1.89634
2.0455
1.86472
2.01422
1.7274
1.79518
1.95958
1.97575
1.86294
1.77692
1.71477
1.74481
1.92217
1.83565
1.89277
1.79631
1.79434
1.71942
1.86173
1.78997
1.75164
1.86841
2.04729
2.03163
1.81851
1.85416
1.92788
1.70554
1.93065
2.01866
1.88507
1.73985
1.87621
1.83685
1.81857
1.87645
1.83646
1.87377
1.87119
1.87564
1.86934
1.95764
1.85136
1.80759
1.79419
1.78294
1.72928
1.90058
1.7393
1.84777
1.73097
1.82615
1.96218
2.00182
1.8738
1.82637
1.93267
1.88721
1.78783
1.85673
1.74148
1.88475
1.79901
1.85995
1.86991
1.88215
2.0029
1.951
1.87599
2.00349
1.98454
1.85641
1.70226
1.84913
1.79819
1.72667
1.95773
1.7938
1.78911
2.04401
1.90607
1.97208
1.73721
1.96569
1.96032
1.71686
1.8227
1.71629
1.72105
1.742
1.77592
1.95797
1.92035
1.85409
1.80726
1.99894
1.77776
1.73004
1.90983
1.81778
1.87717
1.7205
1.79559
1.79632
1.72322
1.82405
1.86833
1.82952
1.72915
1.91969
1.86542
1.94737
1.85395
2.03533
2.00042
1.87698
1.88518
1.94456
1.93468
1.92844
1.85939
1.77374
1.98183
2.01053
1.87792
1.86223
1.8001
1.91019
1.82764
1.84772
1.8646
1.78145
1.77857
1.86586
1.86761
1.85342
1.85256
1.79361
1.81556
1.86988
1.97331
1.71513
1.70664
1.80809
1.84268
1.70278
1.70069
1.86143
1.93116
1.74001
1.72295
1.90253
1.94669
1.87826
1.86427
1.90262
1.83894
1.8976
1.80618
1.76016
1.87465
1.85041
1.97878
1.90996
1.86761
1.88608
1.9265
2.01071
1.83627
1.79024
1.92776
1.76618
1.86352
1.94175
1.89584
1.93051
1.71736
1.9026
1.86505
1.85512
1.82559
1.76951
1.8823
2.02219
1.93663
1.74712
2.02219
1.78738
1.97018
1.86338
1.79851
1.86156
1.83268
1.9712
1.73062
1.97557
1.86968
1.70602
1.88094
2.01039
1.86088
1.80266
1.96619
1.97047
1.73521
1.91779
1.89359
1.73904
1.86273
1.7687
1.77991
1.84724
2.04629
1.85663
1.92045
1.80653
1.97578
1.94511
1.85813
1.87875
1.80172
1.76784
2.04174
2.00154
2.03752
1.72756
1.79529
1.88108
1.85114
1.87851
1.75161
1.96278
1.73948
2.00193
2.04059
1.89685
1.96657
1.86377
1.84476
1.75361
1.85827
1.71009
1.99402
1.87889
1.72925
1.80834
1.75476
1.87991
1.87408
1.86735
1.87678
1.78631
1.86831
1.77976
1.87302
1.70001
1.70255
1.81314
1.82418
1.86404
1.72102
1.84768
1.84778
1.77972
1.85457
2.02046
1.85054
1.97069
1.84456
1.85993
1.86818
1.7678
1.82076
1.89241
1.89065
1.99286
2.02556
2.01595
1.89456
1.8776
1.86808
1.9262
1.81235
1.99841
1.74975
2.00378
1.89995
1.8417
1.72735
1.87344
1.97334
1.70364
1.86109
1.99227
1.81794
1.83044
1.84176
1.83132
1.83205
1.99306
1.82331
1.89432
1.98604
1.86278
1.90575
1.7694
1.70943
1.95278
1.85564
1.98693
1.78127
1.7377
1.71819
1.89544
1.70436
1.85302
1.75516
1.8568
1.84321
1.93013
1.94496
1.77372
1.85951
1.9232
1.90997
1.87571
1.84823
1.91879
1.79183
1.77831
1.87989
1.77863
1.86949
1.82212
1.95327
1.80003
1.84205
2.01882
1.94275
1.70962
1.79805
1.93601
1.85477
1.81653
1.73937
1.88086
1.70255
1.81647
1.94931
1.70299
1.75707
1.86538
1.74904
1.75237
1.8528
1.82483
1.7472
1.86818
1.80918
1.82971
1.70339
1.73809
1.97572
1.98846
1.87312
1.7088
1.77345
1.91384
1.79063
1.75252
1.82
1.78673
1.81962
1.91267
1.99902
1.7993
1.75942
1.75416
1.83845
1.81326
1.76989
1.8347
1.72384
2.00019
1.75101
1.7084
1.97364
1.86023
1.97023
1.86729
1.7903
1.73315
2.01658
1.92816
1.75101
1.72819
1.7363
1.72701
1.82282
1.73876
1.70864
1.71554
1.96986
1.85855
1.8867
1.76306
1.73325
1.82231
1.72427
1.8905
1.70171
1.81067
1.97507
1.84341
1.84465
1.75288
2.03614
1.70739
1.80183
2.0398
1.86561
1.8698
1.7538
1.87875
1.70602
1.8213
1.81754
1.85043
1.70921
1.8712
1.72327
1.83535
1.77252
1.74141
1.91146
1.82859
1.74432
1.82495
1.84404
1.9487
1.75296
1.88613
1.9299
1.77467
2.02594
1.88956
1.81658
1.7889
1.78563
1.86165
1.71543
1.88879
1.8641
1.89794
1.88881
1.70792
1.86925
1.74374
1.87731
1.93697
1.74479
1.86222
1.70641
1.81458
1.93187
1.70184
1.79955
1.76072
1.83679
1.74877
1.76103
1.86878
1.88859
1.81348
1.85375
1.87901
1.96608
1.71887
1.99692
1.76635
1.70823
1.85629
2.02723
1.71005
1.83572
2.0395
1.78195
1.98342
1.82957
1.76201
1.98355
1.97378
1.91981
1.81142
1.78059
1.87648
1.84762
1.71283
1.77883
1.86014
1.76688
1.90695
1.8601
1.86174
1.86409
1.83592
1.75417
1.71238
1.88383
1.84791
1.89864
1.86098
1.76925
1.85357
2.03378
1.75747
1.81547
1.99712
1.73017
1.96153
1.75266
1.79918
1.76053
1.702
1.81509
1.92319
1.83275
1.74795
1.90509
1.94777
1.75033
1.86789
1.70163
1.75272
1.88182
1.95466
1.81483
1.82021
1.91084
1.89201
1.71905
1.75755
1.74306
1.71769
1.81257
2.02121
1.77275
1.88615
1.82303
1.87232
1.87816
1.87856
1.71189
1.92573
1.81556
1.7047
1.90038
1.92419
1.99371
1.81986
1.84808
1.96345
1.88677
1.94115
1.85927
1.83156
1.85299
2.03759
1.86595
1.75226
1.85493
1.87111
1.83039
1.73073
1.83682
1.76611
1.93385
1.99282
1.92707
1.7055
1.99768
2.04386
1.7207
1.76434
1.84148
1.90316
1.71213
1.70326
1.91601
1.90347
1.73735
1.92816
1.86065
1.88614
1.76082
1.86067
1.86617
1.70045
1.8765
1.85213
1.73768
1.79745
2.00566
1.83551
1.76013
1.76872
1.90046
1.94691
1.76464
1.82617
1.73491
1.75222
1.74487
1.86566
1.92494
1.76342
1.85189
1.77652
1.82539
1.87907
1.76569
1.90398
1.70015
1.87889
1.84624
1.77204
2.002
2.02424
1.81671
1.94099
1.93802
1.80455
1.86508
1.82113
1.86818
1.99639
1.84811
1.74037
1.903
1.75837
1.86597
1.89643
1.72903
1.98632
1.85747
1.77523
1.79734
1.84773
1.92041
1.97361
1.86665
1.71116
1.90459
1.82152
1.70548
1.85323
1.79805
1.77836
1.77536
1.80362
2.00505
1.87825
1.70339
1.77946
1.85286
1.77575
1.86974
1.84621
1.73591
1.70472
1.74194
1.93706
1.8395
1.96641
1.85263
1.85794
1.86038
1.89073
1.97602
1.91523
1.81475
1.7182
1.87575
1.80316
1.82071
1.84712
1.81614
2.02232
1.78409
1.77405
1.88027
1.83867
1.70868
1.84262
1.88023
1.79324
1.84001
1.70746
2.04951
1.86539
1.85824
1.75288
1.85803
1.86429
1.85083
1.97844
1.92309
1.74974
1.86061
1.788
1.73545
1.82832
1.83379
1.73489
1.70481
1.73919
1.8088
1.74758
1.80288
1.74255
1.89588
2.00154
1.72383
1.87628
1.89964
1.80752
1.8826
1.86158
1.96447
1.86377
1.84067
1.98833
1.81195
1.75481
1.98005
1.8598
1.70141
1.88544
1.84816
1.98616
1.86371
1.7777
1.96316
1.74297
2.00005
1.75908
1.92815
1.73822
1.88348
1.74535
2.00479
1.75765
1.80764
1.95645
1.82089
1.96917
1.83876
1.85292
1.89813
1.70648
1.86353
1.83272
1.86772
1.71021
1.86086
1.79589
1.8897
1.87723
1.85391
1.74205
1.82734
1.87401
1.95818
1.84788
1.80456
2.00364
1.87287
1.75675
1.8146
1.91067
1.91239
1.80087
2.02026
1.86495
1.74509
1.95068
1.71891
1.88545
1.89853
1.84111
1.87058
1.72218
1.79001
2.03668
1.88128
1.8089
1.99484
2.01705
1.82805
1.83087
1.73402
1.76599
2.00997
1.87781
1.85776
1.72367
1.77267
1.8983
2.03378
1.85083
1.71562
1.70629
1.91467
1.92442
1.7367
1.93225
1.74047
1.93485
1.87566
1.86704
1.77878
1.76362
2.00619
1.87418
1.83662
1.77787
1.90885
1.74253
1.90686
1.76681
1.85365
1.74398
1.88261
1.90752
1.76671
2.04771
1.83169
1.7146
1.9805
1.77494
1.72822
1.995
2.04676
1.818
1.79247
1.72958
1.81175
1.83525
1.88793
1.87075
1.74326
1.97412
1.91607
1.87311
1.93203
1.78614
1.80448
1.91756
1.70678
1.85053
1.7957
2.00843
1.92958
1.72971
1.71154
1.92727
1.78299
1.73173
1.73093
1.88328
1.90663
1.90523
1.88954
1.88142
1.93535
1.80174
1.70358
1.85414
1.89988
1.85483
1.89863
1.98688
1.78527
1.85765
1.83854
1.84817
1.806
1.91555
1.84444
1.88486
1.70419
1.84283
1.70717
1.87901
1.85267
2.00134
1.86625
1.73478
1.85228
2.04747
1.72503
1.7064
1.95226
1.7722
1.75076
1.78778
1.8161
1.71291
1.85105
1.8446
1.7632
1.7926
1.72202
1.73883
1.88218
1.70285
1.75729
1.92205
1.87047
2.03421
1.82816
1.85911
1.70908
1.96725
2.04917
1.96613
1.81299
1.82532
1.87993
1.70935
1.84806
1.7904
1.70882
1.89817
1.78058
1.95223
1.94994
1.72951
1.82591
1.85748
1.8015
1.96719
1.89254
1.76378
2.02971
1.71236
1.75333
1.87602
2.0335
1.88095
1.88774
1.86697
1.87646
1.98526
1.82623
1.70702
1.84074
1.99092
1.83207
1.74781
1.74054
1.73294
1.91857
1.83345
1.86414
1.92949
1.77102
1.90758
1.82058
1.85551
1.79827
1.81918
1.95607
1.71499
1.75557
1.95744
1.89688
1.97048
1.95895
1.70536
1.9257
2.01795
1.70269
1.73612
1.93697
1.869
1.7831
1.72217
1.90303
1.77451
1.74688
1.74854
1.84468
1.73453
1.87367
1.73784
1.75288
1.74636
1.93859
1.83439
1.81831
1.7058
1.81843
1.81697
1.91039
1.86286
1.71773
1.79984
1.72392
1.76654
1.77513
2.02474
1.74516
1.80056
1.81052
1.95766
1.78156
1.76532
1.87832
1.86381
1.84358
1.91751
2.01407
2.04227
1.92276
1.70706
1.94661
1.81352
1.86397
1.76407
1.85994
1.74123
1.74088
1.92796
1.85523
1.77398
1.86909
1.97334
1.92828
2.02677
1.70276
2.01989
1.91246
2.01916
1.84174
1.7566
1.91262
1.72457
1.93062
1.92993
1.96678
1.83026
1.70293
1.86161
1.77599
1.7825
1.81111
1.79974
1.70636
2.03915
1.96632
2.04923
2.0336
1.83875
1.8648
1.82652
1.81133
1.79506
1.75011
1.89661
1.95149
1.89556
1.70669
2.019
1.90057
1.78277
1.75114
1.85099
1.8864
1.72014
1.70789
1.89271
1.79027
1.99908
1.71537
1.83318
1.89586
2.02782
1.77681
1.95986
1.9645
2.04516
1.83781
1.85647
1.74575
1.97961
1.88993
1.9082
2.04655
2.00957
1.84065
1.85394
1.84747
1.84355
1.81748
1.71981
1.86037
1.90596
1.85272
1.87887
1.92738
1.86239
1.90592
1.84166
1.79128
1.79207
2.02411
1.77086
2.04694
1.93987
1.80587
1.74642
1.75689
1.74695
1.85597
1.72009
2.01928
1.87483
1.7873
1.86082
1.8484
1.78029
1.93221
2.01805
1.92618
1.72489
1.83771
1.86198
1.83052
2.00309
1.83093
1.80229
1.87675
1.76136
1.74061
1.90892
1.86443
1.88535
1.86173
1.78565
1.83097
1.93813
1.71233
1.79056
1.70884
1.71719
1.84113
1.88641
2.03431
1.79621
1.716
1.94414
1.71843
1.82166
1.84812
1.71413
1.90549
1.74439
1.73343
1.81085
1.75179
1.84257
1.8332
1.84007
1.83599
1.78403
1.77433
1.98404
1.75094
1.78272
1.78647
1.79143
1.88662
1.96428
1.78326
1.75476
1.77816
1.82126
1.88378
1.83699
2.00162
1.85999
1.88407
1.85194
1.90738
1.94099
1.70675
1.87517
1.75687
1.72545
1.89208
1.73838
1.79912
1.71034
1.84655
1.90025
1.84604
1.80148
1.74209
1.87882
1.92812
1.81072
2.03293
1.84011
1.93236
1.72425
1.84275
1.80402
1.85078
1.86118
1.89315
1.70451
1.85449
1.87637
1.9392
1.89483
1.75948
1.98029
1.74258
1.88246
1.80091
1.76333
1.99138
1.82469
1.74584
1.77636
1.82048
1.76595
1.75023
1.74182
1.72348
1.89804
2.01694
2.01054
1.89755
1.81882
2.03396
1.78044
1.87663
1.74746
1.84462
1.75913
1.74581
1.78061
1.9778
1.79727
1.77963
2.01278
2.00711
1.95192
1.7783
1.9986
1.90144
1.8524
1.71471
1.76738
1.88349
1.97148
1.95008
1.94894
1.85054
1.8459
1.87231
1.75577
1.72054
1.86617
1.98469
1.84963
1.9289
1.76408
1.75283
1.91163
1.92946
1.89001
1.71558
1.87598
1.8291
1.84073
1.8525
1.80607
1.85991
1.71502
1.83158
1.86713
1.80861
1.8779
1.77331
1.78818
1.74721
1.70828
1.73003
1.87963
1.88953
1.8689
1.84356
1.98681
1.70344
1.75407
1.78848
1.75776
1.82246
1.87775
1.75267
1.78916
1.86633
1.7134
1.79548
1.78214
1.96811
1.86469
1.70324
1.77856
1.86073
1.71816
1.89466
1.8785
2.01178
2.04132
1.76776
1.76157
1.80726
1.78514
1.84049
1.83962
1.89914
1.90499
1.72806
1.71839
1.8743
1.71127
1.86681
1.73572
1.74328
1.71797
1.96946
1.83306
1.76575
1.74651
1.83194
1.7609
1.96286
1.73776
1.76748
1.79047
1.84646
2.03741
1.72118
1.70978
1.96059
1.77941
1.83654
1.72916
1.74513
1.80101
1.88716
1.82734
1.94292
1.96413
1.72108
1.74822
1.87573
2.03522
1.85328
1.77488
1.8216
1.87606
2.02659
1.91595
1.70464
1.93509
1.79546
1.7323
1.71319
1.83532
2.00222
1.82681
1.85715
1.73737
1.8709
1.79166
1.75876
1.76956
1.85482
1.8534
2.02536
1.87926
1.75187
1.78225
1.73977
1.90773
1.80603
1.95741
1.80073
1.79418
1.87673
1.86121
1.83575
1.78129
1.8385
1.87391
1.90831
1.86825
1.88158
1.71255
1.91469
1.97923
1.88093
1.74459
1.73311
1.71536
1.77272
2.01971
1.94737
1.94543
1.98795
1.83294
1.87546
1.74859
1.85467
1.90426
1.97282
1.91542
2.03676
1.99029
1.72446
1.85792
1.75233
1.71805
1.86637
1.94755
2.0455
1.81463
1.85474
1.85984
1.99655
1.87679
1.86009
1.98638
1.71676
1.9566
1.81144
1.79585
2.03078
1.85232
1.87617
1.84663
1.72841
1.81731
1.7971
1.91175
1.86431
1.94462
1.96426
1.81302
1.76166
1.70755
1.85643
1.77879
1.75214
1.94027
1.81701
1.85733
1.80822
1.83684
1.93121
1.74909
2.04968
1.86829
1.96547
1.78319
1.86774
1.86903
1.9847
1.7353
1.85987
2.00711
1.96107
1.8557
1.87907
1.88648
1.87696
1.86643
1.93916
1.93466
1.95017
1.75569
1.70627
1.72664
1.78593
1.91178
1.71696
1.76631
1.80384
1.93563
1.9656
1.93985
1.70108
1.71151
1.76699
1.87722
2.01648
1.78789
1.75336
1.83486
1.7045
1.94443
1.89804
1.88571
1.87275
1.9245
1.87032
1.92892
1.73054
1.80145
1.87281
1.7116
1.79156
1.82652
1.84885
1.72446
1.93738
1.86958
1.87212
1.74782
1.90591
1.88729
1.84731
1.77857
1.79375
1.80708
2.00663
1.70069
1.92109
1.96553
1.97746
1.90168
1.85213
1.88501
1.87549
1.85698
1.88458
1.78393
1.87435
1.87434
1.70329
1.86779
1.754
1.85126
1.87955
1.89668
1.87831
1.82722
1.86009
1.9159
1.98068
1.78219
1.976
1.87602
2.0157
1.71806
1.71207
1.87937
1.80276
1.74917
1.85424
1.77571
1.74073
1.79117
2.02722
1.73109
1.813
1.76874
1.71863
1.86236
1.86422
1.82766
1.81732
1.99471
1.73363
1.80253
1.87245
1.85743
1.7311
1.7323
1.7197
1.91808
1.92602
1.88797
1.76682
1.75843
1.86122
1.73032
1.92148
1.70984
1.75723
1.81562
1.73632
1.72675
1.99746
1.8983
1.84379
1.78756
1.9162
1.86931
1.76366
1.76437
1.72441
1.85483
1.86557
1.77729
1.82407
1.77024
1.96734
1.8713
1.70228
1.88613
2.04603
1.99558
1.74742
2.03937
1.89775
1.74071
1.88078
1.85202
1.75729
1.83372
1.78549
1.85807
1.79861
1.9786
1.94482
1.86146
1.84737
1.88945
1.86466
1.94491
1.79332
1.72239
1.88293
1.717
1.90056
1.8361
1.73316
1.93548
1.83895
1.8628
1.87604
1.97995
1.86881
1.75782
1.79979
1.94928
1.75626
1.75525
1.75601
1.706
1.87089
1.72505
1.81094
1.80661
1.70438
1.87577
2.0481
2.037
1.92322
1.7141
1.82285
1.87221
1.86523
1.80406
1.92936
1.71634
1.763
1.72886
1.7887
1.77423
1.86275
1.80881
1.70571
1.84049
1.73207
1.90097
1.80535
1.9396
1.98113
1.72393
2.00741
1.70173
1.94672
1.91784
1.84531
1.91277
1.7387
1.85447
2.01299
1.93629
1.76869
1.83264
1.82887
1.86475
1.809
1.75196
1.70369
1.98721
1.71863
2.01573
2.04114
1.80964
1.70532
1.74099
1.96439
1.70978
1.92471
1.76252
1.85467
1.82998
1.84539
1.93701
1.73501
2.01107
1.85772
1.72939
1.79548
1.8577
1.92268
1.95805
1.76628
1.73576
1.80683
1.86955
1.7305
1.77521
1.85492
1.8418
1.77501
1.81818
1.99681
1.83643
1.7623
1.83882
1.99903
1.96268
1.74397
1.85245
1.87191
1.7055
1.76775
2.04012
1.76332
2.04523
1.86546
1.93263
1.84541
1.78733
1.98518
1.71827
2.01439
1.97067
1.74123
1.7292
1.77745
1.87884
1.84159
1.93415
1.70859
1.78939
1.70078
1.7031
2.03772
1.87995
1.74256
1.88034
2.04523
1.88325
1.85962
1.82223
2.00987
1.88812
1.84062
1.83374
1.82597
1.82512
1.88207
1.78234
1.87679
2.04135
1.71868
1.89524
1.82852
1.80861
2.00607
2.03747
2.03237
1.79144
1.98283
1.87617
1.75209
1.97294
1.83602
1.79344
1.7919
1.79084
1.86268
1.94874
1.84889
1.928
1.79168
1.87742
1.86562
1.91364
1.94478
2.0205
1.9575
1.8719
1.89644
1.82362
1.89765
1.70997
1.88692
1.75063
1.72001
1.99234
2.01063
1.87926
1.99605
1.73749
1.87469
1.70244
1.83292
1.70817
1.84603
1.93072
1.80529
1.78117
1.86596
1.89129
1.73553
1.75283
1.78196
1.80888
1.82243
1.8405
1.84747
1.78705
1.86221
1.79481
1.73143
1.78052
1.71671
1.95664
1.72647
2.04434
1.80783
1.87515
1.77716
1.79478
1.71441
1.75304
1.70402
1.74924
1.84552
1.74526
1.87859
1.87748
1.89716
1.98563
1.74478
1.77002
1.84011
1.842
1.70414
1.83124
1.80034
1.70246
1.86643
1.73204
1.70654
1.88097
1.89556
1.76458
1.74668
1.74332
1.94877
1.92323
1.72531
1.77839
1.92107
1.72364
2.02555
1.95626
1.80918
1.78769
1.89772
1.87203
2.01281
1.70585
1.92872
1.93787
1.85235
1.76243
1.77938
1.88429
1.84696
1.83058
1.74083
1.88088
1.83515
1.85916
1.84836
1.9529
1.8842
1.70182
1.88021
1.71326
1.86496
1.77829
1.94537
1.72101
1.88127
1.72529
1.81858
1.84252
1.83179
1.8077
1.90979
1.81717
1.78414
1.7013
1.71677
1.90114
1.93173
2.0412
1.73337
1.92004
1.89751
1.75427
1.71527
2.02051
1.74041
1.74027
1.8502
1.97769
1.7103
1.72591
1.75216
1.98392
1.83176
1.99278
1.87948
1.95312
1.91705
1.79472
1.76245
1.75065
1.77027
1.91378
1.85388
1.9127
2.01342
1.85313
1.95229
1.8375
1.7337
1.86684
1.95841
1.85084
1.82412
1.76398
2.04661
1.75324
1.91481
2.04893
1.8349
1.88045
1.92498
1.84602
1.70786
1.77613
1.78396
1.96363
1.72482
1.74682
1.79053
1.83095
1.71846
1.86509
1.70256
1.84433
1.78363
1.74542
1.71417
1.74673
1.95756
1.76761
1.7091
1.97882
1.86369
1.84217
1.84964
1.78486
1.84471
1.88275
1.86102
1.72623
1.71261
1.73943
2.03803
1.7612
1.80981
1.70824
1.95631
1.91786
1.94273
2.03592
1.70274
1.85571
1.86467
1.74434
1.72619
1.7381
1.81069
1.72279
1.90605
1.89954
1.85013
1.73718
1.81854
1.7313
1.86147
1.85808
1.78512
1.84662
1.79056
1.72111
1.9225
1.8784
1.92108
1.81398
1.70855
1.92091
1.83783
1.9872
1.99155
1.71713
1.78505
1.87529
1.85579
2.01087
1.92238
1.8354
1.75075
1.75501
2.03307
1.9453
1.95638
1.79891
1.75522
1.71175
1.74352
1.87937
1.88137
1.85458
1.86012
1.73994
2.04712
1.78538
1.70667
1.74281
1.934
1.71662
1.72166
1.87466
1.70372
1.95827
1.86034
1.74238
1.99453
1.78062
1.87356
1.84644
1.83774
1.8955
1.84119
1.78749
1.70776
1.87412
1.78037
1.98833
1.76728
1.92513
1.85182
1.88747
1.90122
1.84388
1.85908
1.8131
1.93457
1.99823
1.77268
1.85809
1.87847
1.74934
1.81651
2.01995
1.90421
1.72433
1.90212
1.77346
1.75079
1.78036
1.7049
1.8476
2.03153
2.01005
1.78566
1.70341
1.96864
2.00297
1.84564
1.70562
1.85057
1.74586
2.0111
1.90993
1.75068
1.81775
1.71663
1.86381
1.90891
1.87935
1.76392
1.71287
1.80279
1.81283
1.8775
1.72091
1.76701
1.84044
1.82189
1.93861
1.73032
1.97994
2.00374
1.99006
1.72103
1.88308
1.72386
1.73876
1.83954
1.92065
1.85239
1.75848
1.86488
1.85091
1.91667
1.79697
1.75899
2.01508
1.94647
1.87084
1.896
1.8562
1.84441
1.87185
1.86327
1.75147
2.00587
1.72074
1.74885
1.90743
1.94161
1.71358
1.96696
1.73865
1.93932
1.94373
1.84088
1.87804
1.85394
1.87475
1.80141
1.71502
1.74347
1.94875
1.77369
2.02582
1.83009
1.9259
1.86597
1.81949
1.9083
1.70545
1.97812
1.79421
1.72727
1.78543
1.86338
1.87054
1.74747
2.01453
1.88323
1.95721
1.837
1.9631
1.79557
1.83592
1.86249
1.74114
1.8629
1.8956
1.87608
1.91668
1.86915
1.84677
1.79743
2.01198
1.83927
1.91502
1.93065
1.84972
1.76586
1.87274
1.79334
1.77493
1.86161
1.71414
1.8342
1.88246
1.99499
1.88721
1.84861
1.87922
1.90852
1.87971
1.9176
1.85758
1.89922
1.77941
1.91747
1.71273
1.92441
1.73748
1.7551
1.83555
1.75328
2.03097
1.92809
1.99579
2.04178
1.70161
1.82676
1.9485
1.75565
1.71995
2.01304
1.97635
1.71374
1.8744
1.80347
1.86678
1.71303
1.81466
1.72348
1.71496
1.81108
1.94595
1.92316
1.79327
1.72911
1.76581
1.88639
1.92744
1.89718
1.82047
1.92468
1.71377
1.83817
1.71254
1.70671
1.96642
1.76092
1.73982
1.89786
1.86681
1.77567
1.89117
1.98566
1.78587
1.7401
1.81143
1.83343
1.73287
1.90381
1.83853
1.90543
1.79204
1.86761
1.88817
1.81752
1.80963
1.7278
1.74478
1.94507
1.82078
1.89859
1.79908
1.76262
1.74119
1.78171
1.7563
1.90451
1.89998
1.7482
1.72206
1.93951
1.8665
1.8516
1.96014
1.91627
1.77872
1.80896
1.86095
1.8703
1.90197
1.82934
1.72192
2.03387
1.77777
1.75916
1.84256
1.70919
1.9384
1.85912
1.85689
2.04076
1.84828
1.92083
1.70962
1.74114
1.85698
1.73254
1.97894
1.97262
1.81846
1.93098
1.91774
1.86687
1.8443
1.8074
1.8445
1.8304
1.88907
1.84124
1.94082
1.95046
1.73192
1.70451
1.96446
1.77235
1.79708
1.75941
2.00733
1.77903
1.78884
1.91063
1.92487
1.7394
1.90701
1.70609
1.80623
1.7033
1.83286
1.86074
1.8757
1.82574
1.95845
1.73544
1.9976
1.82427
1.75949
1.91819
1.78162
1.71652
1.93955
1.80475
1.90705
1.94545
1.76708
1.78176
1.81328
1.86406
1.83562
1.94573
1.87838
1.96116
1.94599
1.70375
1.7055
1.81832
1.79648
1.88554
1.85588
1.98722
1.71614
1.86536
1.85297
1.87446
2.03049
1.8236
1.81646
1.80872
1.88466
1.78033
1.72637
1.70646
1.8092
1.93851
1.87009
1.92469
1.82544
1.80129
1.82698
2.01065
1.80394
1.87555
1.95205
1.71945
1.79292
1.78761
1.87737
1.99131
1.85622
1.75585
1.85735
1.93073
1.82249
1.92931
1.74699
1.97371
1.78152
1.86108
1.72744
1.7377
1.79209
1.79517
1.84061
1.8785
1.92657
1.82007
1.95289
1.81138
1.76286
1.89092
1.73883
1.86669
1.84948
1.85295
1.90124
1.85595
1.72876
1.75834
2.0114
1.9622
1.98011
1.8913
1.80778
1.81955
1.78648
1.71988
1.84437
1.94905
1.75084
1.80179
1.99303
1.86342
2.04741
1.85802
1.71929
1.75593
1.82043
1.87496
1.94434
1.88991
1.84803
1.86998
1.81838
1.72004
1.95219
1.70964
1.73744
1.85229
1.84732
1.81155
1.7324
2.02906
1.78843
1.73752
1.95902
1.93065
1.99533
1.72197
1.85985
1.83927
1.99631
1.73328
1.70562
1.80314
1.92732
1.89469
1.86724
1.83415
1.73726
1.87297
1.87072
1.7258
1.80409
1.89841
1.85494
1.71417
1.88389
1.90039
1.79058
1.86278
1.87503
1.73814
1.86668
1.7239
1.72172
1.83823
2.01929
1.78384
1.84356
1.99147
1.87633
1.8027
1.94515
1.89507
1.78265
1.75197
1.86158
1.73452
1.87621
1.95197
1.83967
2.01812
1.7158
1.87748
1.85605
1.9471
1.87642
1.88037
1.90034
1.71575
1.85248
1.81999
1.73514
1.7044
1.84459
1.72458
1.78375
1.80154
1.8479
1.72118
1.9049
1.74204
1.91497
1.87303
1.85181
1.85638
1.8679
1.92453
1.71823
1.81504
1.711
1.8614
1.81174
1.86355
1.90781
1.84226
1.84898
1.7733
1.82483
1.77592
1.9969
1.84119
1.91066
1.93499
1.83237
1.90965
1.93833
1.71508
1.70154
2.01966
1.83878
1.92023
1.70309
1.7585
1.85823
1.92759
1.8404
1.87594
1.82974
1.78798
1.70635
1.86092
1.79912
1.88706
1.87446
1.86425
1.71398
1.85319
2.00832
1.81585
1.81195
1.72687
1.9692
1.83989
1.92182
1.90282
1.89568
1.97762
1.9765
1.82899
1.91074
1.74333
1.72092
1.80256
2.01858
1.74416
1.87849
1.82139
1.87569
1.86462
1.70387
1.71735
1.81139
1.73199
1.98581
1.74331
1.93584
1.81095
2.01179
1.84922
1.74429
1.83622
1.85973
1.82495
1.75147
1.84074
1.75645
1.83803
2.04712
1.77939
1.87576
1.71432
1.79311
1.97058
1.87863
1.75999
1.8907
1.75465
1.80441
1.90938
1.75825
1.77367
1.99417
1.91953
1.72592
1.7473
1.73366
1.8602
1.79408
2.00615
1.70274
1.83822
1.73537
1.88392
1.77536
1.70156
1.94369
1.70906
1.85983
1.81116
1.94382
1.88113
1.81981
1.97524
1.81934
1.85356
1.71912
1.99738
1.79721
2.02654
2.02078
1.86518
1.91147
1.91554
1.79707
1.75407
1.74778
1.71081
1.85618
1.90983
1.72929
1.7761
1.78706
1.92301
1.85713
1.84725
1.8648
1.77515
1.97414
2.03301
1.96306
1.98991
1.86026
1.9385
1.73211
1.85834
1.70399
1.84115
1.79022
1.85057
1.82112
1.9908
1.71117
1.94186
1.77121
1.8415
1.72541
1.77651
1.71546
1.86608
2.00701
1.75485
1.73342
1.86566
1.8718
1.85512
1.87064
1.86999
1.99387
1.83701
1.88319
1.8488
1.888
1.72259
1.76297
1.75621
1.72344
1.75644
2.02462
1.83781
1.9438
1.77877
1.91173
1.86974
1.70198
1.82184
1.76951
1.81861
1.91288
1.84474
1.9419
1.70329
1.82886
1.87407
1.76986
2.03178
1.86511
1.95256
1.70599
2.04606
1.8732
1.9407
1.90166
1.98131
1.96746
1.81305
1.81104
2.0009
1.84412
1.82033
1.87336
1.77981
2.02988
1.83199
1.87668
1.88878
1.7782
1.86311
1.75082
1.7128
1.94582
1.85464
1.86703
1.7368
1.85681
1.71028
1.89039
1.93832
1.93218
1.85022
1.8208
1.80894
1.94507
1.90593
1.86411
1.72659
1.82781
1.70519
1.9171
1.95241
1.75548
1.7687
1.82756
1.82485
1.74711
2.03553
1.79241
1.87171
1.81266
1.84842
1.86621
1.71038
1.89889
1.70658
1.91493
1.7331
1.72324
1.77972
1.71177
1.81998
1.76021
1.84691
1.899
1.80234
1.82779
1.83084
1.89569
2.02988
1.75364
1.77975
2.01435
1.83839
1.88957
1.95473
1.74156
1.92462
1.70889
1.90148
1.87933
1.94554
1.8255
1.76709
1.75938
1.85573
1.79773
1.74902
1.72147
1.8424
1.8713
1.79187
1.91948
1.71572
1.95284
1.79597
1.70759
1.72574
1.99355
1.86192
1.72756
2.00104
1.77242
1.71826
1.74356
1.74392
1.90854
1.71218
1.74686
1.86904
1.84624
1.97878
1.82119
1.72097
1.70759
1.93493
1.99602
1.71457
1.84863
1.86942
1.86583
1.82865
1.92167
1.97138
1.98325
1.7647
1.73526
1.85033
1.7247
1.84806
1.87498
1.85879
1.7374
1.8225
1.79428
1.86916
1.80235
1.81739
1.75456
1.82858
1.87357
1.8198
1.95293
1.81354
2.01278
1.8929
1.80393
1.75926
1.77206
1.73055
2.01928
1.88948
1.71244
1.76097
1.95039
1.91565
1.9136
1.76299
1.78423
1.8191
1.80614
1.94093
1.90482
1.79055
1.82888
2.0095
1.83408
1.77884
1.80045
1.8977
1.83258
2.00285
1.77934
1.81269
2.00617
1.84614
1.88035
1.92682
1.9565
1.91337
1.70906
1.77812
1.88615
1.80931
1.9785
1.87633
2.01084
1.72816
1.88115
1.88941
1.86677
1.8613
1.83333
1.85335
1.77543
1.91744
1.81158
1.97098
1.86241
1.78618
1.73951
1.775
1.76739
1.83029
1.97695
1.82525
1.98191
1.74454
1.7537
1.76406
2.00284
1.82789
1.91731
1.76101
1.7575
1.87213
1.95822
1.71657
1.84544
1.95934
1.7152
1.90755
1.7319
1.86667
1.76699
1.73678
1.85782
1.75588
1.82978
1.73521
1.72014
1.70219
1.89809
1.75517
1.82949
1.86524
1.84144
1.97141
1.87876
1.76657
1.80435
1.71687
1.78112
1.70373
1.89656
1.88405
1.88002
1.95788
1.92461
1.80952
1.87332
1.79232
1.88056
1.8193
1.86947
1.91423
1.81652
1.86858
2.04499
2.0252
1.89854
1.71545
1.93375
1.7764
1.99489
1.95805
1.90802
1.82854
1.89798
1.71531
1.88791
1.93944
1.89543
1.71388
1.92517
1.97124
1.83019
1.80769
1.82968
1.73801
1.87461
1.86014
2.03192
1.9431
1.89981
1.8646
1.71064
1.81977
1.89039
1.85293
1.73806
1.79426
1.85516
1.8138
1.76946
1.87258
1.84038
1.78002
1.7083
1.86167
1.79099
1.70337
1.84134
1.7692
1.89987
1.82601
1.78617
1.76352
1.7548
1.72627
1.90769
1.73869
1.86258
1.83552
1.8761
2.00208
1.81965
2.01625
1.83772
2.01542
1.77813
1.76971
1.94486
1.86805
1.85253
1.80758
1.80967
1.85896
1.84214
1.98877
1.91773
1.97287
1.70269
1.73296
1.70731
1.85614
1.8165
1.86982
1.79558
1.98405
1.81126
1.93073
1.83453
1.72401
1.86333
2.03088
1.93055
1.86
1.80299
1.80162
1.80145
1.94041
1.77184
1.80485
1.72815
1.83151
1.70248
1.89595
1.72369
2.04495
1.86695
1.7472
2.04422
1.83986
1.73549
1.79874
1.7015
1.91334
1.71317
1.72583
1.88264
1.91254
1.7794
1.87636
1.81296
1.81319
2.02424
2.01476
1.87689
1.75736
1.71559
1.75894
1.78896
1.72401
1.70122
1.83818
1.8195
1.71532
1.81071
1.86202
1.85124
1.91171
1.72056
1.71275
1.76535
1.7784
1.79731
1.90864
1.8017
1.9172
1.78396
1.84077
1.82516
1.70795
1.75974
1.84705
1.72045
1.72465
1.93779
1.78787
1.84238
1.87651
1.99397
1.78233
1.9176
1.7441
2.02633
1.87462
1.9362
1.73428
2.03522
1.72967
1.78785
1.70242
1.78854
1.93184
1.83419
1.93619
1.89008
1.77841
1.8715
1.86326
1.85865
1.96348
1.83904
1.79122
1.75651
1.86729
1.76631
2.04802
1.87342
1.73445
1.71659
1.72736
1.75794
1.87646
1.82388
1.82917
1.87318
1.98459
1.88998
1.95104
1.70779
1.70568
1.7535
1.9236
1.74964
1.73048
1.74227
1.84479
1.73016
2.00836
1.87675
1.78668
1.80782
2.01415
1.73283
1.70422
1.73766
1.74737
1.72219
1.83608
1.87956
1.90917
1.8966
1.73434
1.86164
2.04253
1.7373
1.99455
1.78664
1.88708
1.8065
1.85126
1.88105
1.82953
1.82581
1.84105
1.86704
1.99287
1.97143
1.83804
1.87349
1.8663
1.97218
1.8151
1.72131
1.89788
1.82069
1.81217
1.78824
1.83679
1.8327
1.87831
1.73992
1.83159
1.83563
1.89554
1.88019
1.78294
1.79896
1.81364
1.94067
1.87318
1.82898
1.78374
1.74221
1.7254
1.76842
1.72276
1.718
1.89548
2.03686
1.76556
1.85296
1.96867
1.75086
1.95695
1.72311
1.86795
1.8771
1.8327
1.7965
1.85771
1.75816
1.9223
1.89549
1.90719
1.75296
1.88801
1.7414
1.79045
1.8282
1.8227
2.00829
2.02453
2.00075
1.81036
1.8023
1.74983
1.83453
1.83827
1.95271
1.77058
1.73287
1.75159
1.86284
1.78095
1.74562
1.72344
1.93948
1.78538
1.85865
1.88952
1.80665
2.00707
1.79177
1.94446
1.75584
2.02075
1.92675
1.95084
1.88307
1.75909
1.90628
1.76007
1.85387
1.75644
1.9246
1.96114
1.84236
1.78725
1.93716
1.79884
1.80302
1.87527
1.86652
1.8609
1.94229
1.80874
1.90957
1.78224
1.83975
1.85068
1.9932
1.91902
1.82766
2.01953
1.7153
1.91901
1.89436
1.76705
1.93488
1.78454
1.74835
1.79511
1.8548
1.77461
1.85523
1.85298
1.77548
1.93056
1.97842
1.72369
2.00716
1.88461
1.93232
1.85155
1.86084
1.7921
1.88358
2.00145
1.77142
1.92827
1.7808
1.73547
1.98305
1.79611
1.79378
1.88456
1.72768
1.76608
1.85886
1.86902
1.71113
1.75975
1.82797
1.99833
1.80913
1.87182
1.92092
1.86169
1.7552
2.00548
1.9632
1.80917
1.77772
1.70091
1.83771
1.89058
1.84733
1.87305
1.89432
1.97998
1.79474
1.84117
1.70052
1.98257
1.77827
1.73824
1.88695
1.83624
1.89234
1.87584
1.77476
1.91655
1.93041
1.87053
1.77043
1.70754
1.78718
1.79068
1.83448
1.90092
1.74704
1.76541
1.9431
1.70312
1.8035
1.76521
1.93431
1.89668
1.85569
1.74917
1.98743
1.87007
1.81323
1.92114
1.7954
1.76992
1.73725
1.93744
1.7723
1.90261
1.87618
1.7617
1.8746
1.77887
2.02812
1.70117
1.83318
1.71054
1.88541
1.88927
1.8776
1.86965
1.95255
1.97471
1.76745
1.7054
1.73757
2.04525
1.73404
1.80439
1.96412
1.72274
1.87499
1.78877
1.8637
1.74903
1.7404
2.03452
1.83993
1.94219
1.80575
1.90921
1.91566
1.86229
1.89783
1.76748
1.79102
1.82147
1.86419
1.86094
1.98374
1.88834
1.73499
1.88016
1.8888
1.75902
1.83315
1.72995
2.04414
2.04707
1.84495
1.71117
1.87073
1.73313
1.94405
1.7115
1.80474
1.90389
1.87222
1.80301
1.85276
1.766
1.87977
1.76284
1.80251
1.74207
1.79666
1.94294
1.87554
1.80217
1.71878
1.96196
1.72346
2.04824
1.74243
1.85586
1.77352
1.75765
1.85667
1.72705
1.71998
1.88841
1.72383
1.85132
1.86565
1.85157
1.83605
1.87434
1.80945
1.96467
1.93714
2.00133
1.8312
1.9448
2.02591
1.83146
1.74685
1.91802
1.70241
1.96115
1.91962
1.79841
1.88998
1.90598
1.72361
1.99066
1.70818
1.77665
1.76756
1.77852
1.92339
1.71481
1.92004
1.92714
1.84055
1.96273
1.73468
1.77957
1.71305
1.76455
1.9501
1.75534
1.7517
1.76017
1.84785
1.7022
2.00641
1.98935
1.79509
1.84061
1.86352
1.71485
1.70934
1.72948
1.71232
1.8497
1.75218
1.81799
1.88678
1.86332
1.74029
2.04036
1.79975
2.01707
1.84324
1.76889
1.99137
1.83457
1.73242
1.86787
1.86762
2.01896
1.88743
1.92658
1.81485
1.7057
1.83148
1.8158
1.99102
1.84073
1.86311
1.81297
1.7573
1.70266
1.83525
1.73373
1.70405
1.74229
1.94421
1.7725
2.02914
2.02479
1.84901
1.96759
1.70251
1.88205
1.71175
1.8591
1.9974
1.73073
1.90058
1.70161
1.78667
1.71667
1.94082
1.84334
1.86286
1.73601
1.70879
1.76686
1.74282
1.98612
1.87195
1.76834
1.8439
1.73559
2.00389
1.84423
1.93428
1.81259
1.92188
1.93651
1.86333
1.89379
1.76113
1.958
1.81561
1.78979
1.77111
1.8432
1.88422
1.83246
1.82795
1.90361
1.87454
1.70602
1.82774
1.94991
1.71092
1.90357
1.73477
1.93028
1.95192
1.76923
1.92075
1.78572
1.76439
2.0135
1.70024
2.00493
1.78649
1.78205
1.82706
1.92045
1.99262
1.94403
1.97887
1.72579
1.76046
2.0005
1.91893
1.80618
1.70299
1.70053
1.92912
1.86995
1.74212
1.85825
1.86032
1.86389
1.79902
2.00405
1.80305
1.9233
1.7494
1.76438
1.82836
1.8541
1.88252
1.71753
1.86687
1.80767
1.83877
1.75289
1.77143
1.92335
1.85468
1.8154
1.70086
1.94798
1.79416
1.79361
1.87965
1.86314
1.7298
1.77698
1.97295
1.80331
1.73638
1.87514
1.80972
1.7676
1.80811
1.77596
1.84435
1.74623
1.74618
1.86612
1.97644
1.81672
1.78894
1.93414
1.98337
1.71973
1.84574
1.72848
1.77496
1.75438
1.946
1.84806
2.01575
1.78494
1.92624
1.74682
1.76478
1.75362
1.88877
1.86884
1.78356
1.8052
1.90177
1.90095
1.74056
1.86706
1.8711
1.89844
1.88564
1.78009
1.7655
1.80084
1.84215
1.91143
1.99168
1.83176
1.79723
1.86483
1.88444
1.73974
1.9197
1.78837
1.74589
1.79
1.73648
1.76162
1.7502
1.86109
2.00662
1.73759
1.72627
1.82106
1.94611
1.73314
1.73907
1.84377
1.81183
1.99712
1.84174
1.75547
1.80282
1.74494
1.71396
1.86911
1.70545
1.83148
1.71695
1.83234
1.7581
1.90727
1.70644
1.89322
1.86424
1.74903
1.76026
1.84654
1.73346
1.88746
1.95258
1.83136
1.90071
1.76278
1.75261
1.8402
1.82876
1.93417
1.87694
1.92545
1.79644
1.86367
2.02396
2.00852
1.88134
1.71921
2.03181
1.98342
1.88791
1.82708
1.84638
1.77876
1.85547
1.83966
1.87022
1.80737
1.80608
2.0038
1.74962
1.73855
1.83927
1.90164
1.831
1.73446
1.92104
1.7833
1.93806
1.91839
1.91757
1.79608
1.76705
1.8497
1.90826
1.99849
1.74498
1.84535
1.88797
2.03043
1.8937
1.74103
1.85101
1.86317
1.88492
1.70536
2.03345
1.87002
1.82756
1.9975
1.73814
1.87029
1.90502
1.74618
1.78193
1.82961
1.87383
2.01207
1.82299
1.78405
1.84523
1.88787
1.78307
1.86859
1.87101
1.86967
2.01263
1.8164
1.73201
1.82296
1.73199
1.84308
1.99868
1.75492
1.73247
1.84422
1.7373
1.99819
1.96721
1.88045
1.86204
1.87762
1.80588
1.76428
1.88665
1.86677
2.02889
1.82432
2.01631
1.77387
1.79416
1.87041
1.96329
1.71658
1.70848
1.95247
1.79971
1.76594
1.78905
1.72471
1.78834
1.86718
1.94304
1.72307
1.70187
1.82672
1.80005
1.99288
1.99511
2.02891
1.70577
1.87205
1.83694
1.7258
1.7584
1.88733
1.70216
1.70272
1.80658
1.80097
1.84954
1.96792
1.72368
1.7271
1.83014
1.79471
1.73374
1.83884
1.90536
1.87691
1.7898
1.86919
1.81379
1.91993
1.87721
1.89433
1.93222
2.00138
1.88269
1.70554
2.0007
1.76322
1.78657
1.70112
1.71895
1.88383
1.73863
1.99352
1.72847
1.84595
1.84741
1.75284
1.78825
1.76938
1.72433
1.78481
2.04716
1.93676
1.70526
1.99223
1.78823
1.84989
1.77938
1.81504
1.81029
1.90351
1.89012
2.00352
1.97085
1.9331
1.72714
1.80108
1.80295
1.80914
1.74955
1.75753
1.83566
1.72
2.02147
1.79214
1.75798
2.02003
1.9711
1.70752
1.72341
1.85897
1.83005
1.9748
2.00325
1.7179
1.76192
1.78565
1.82968
1.70972
1.72898
1.87065
1.91304
1.89345
1.81721
1.88315
1.90641
1.71925
1.90005
1.90661
1.70435
1.71886
1.96855
1.86998
1.98858
1.76906
1.97219
1.92016
1.9427
1.77228
1.85489
1.78407
1.70494
1.91701
1.97991
1.70122
1.81216
1.83339
1.86946
1.8773
1.95847
1.85945
1.86167
2.00909
1.76214
1.79277
1.80042
1.90029
1.81167
1.86197
1.7168
1.80302
1.73022
1.89199
2.03712
1.74179
1.84188
1.95237
1.99395
1.97943
1.90389
1.95169
1.72079
1.79908
2.03102
1.87216
1.92654
1.82523
1.97178
1.94475
1.74012
1.88533
1.78984
1.98379
2.04428
1.73263
1.87923
1.88888
1.88742
2.02114
1.84715
1.81142
1.87609
1.98628
1.96583
1.82829
1.76265
1.86422
1.87713
1.85597
1.81981
1.83106
1.79551
1.91645
1.99498
1.93381
1.96815
1.9585
1.9109
1.99998
1.74698
1.85359
1.86974
1.73453
1.84361
1.76184
1.92198
1.77989
2.03152
1.82427
1.94316
1.86908
1.94589
1.95997
1.86404
1.8196
1.70648
1.77753
1.9505
1.71114
1.77277
1.7357
1.7624
1.85954
1.75949
2.03407
1.70586
1.86873
1.86776
1.89037
1.75269
1.82446
1.82041
1.86113
1.7858
1.72835
1.73692
1.76985
1.73176
1.83609
1.74533
1.79965
1.73613
1.91432
2.04685
1.93092
1.72257
1.85366
1.86415
2.03988
1.92618
1.86627
1.72417
1.80307
1.84428
1.865
1.7885
2.03784
1.76814
1.96104
1.88503
1.73141
1.80726
1.70256
1.74641
1.77283
2.04148
1.8166
1.87217
1.70687
1.85739
1.82806
1.8552
1.94178
1.9022
1.93614
1.87521
1.80051
1.84758
1.82109
1.80274
1.87769
1.73009
1.74755
1.91565
1.8517
1.83732
1.93232
1.84463
1.88102
1.74447
1.81949
1.86346
1.8965
1.85661
1.87661
1.78226
1.80226
1.85263
1.92677
1.93072
1.76408
1.8301
1.74098
1.98005
1.7881
1.78816
1.99461
1.84009
1.76041
1.85256
1.75215
1.75192
1.74
1.82835
1.86815
1.83419
1.79473
1.83774
1.74547
1.71454
1.7256
1.93951
1.88685
1.87801
1.84974
1.77436
1.74321
1.86171
1.76246
1.93052
1.95204
1.83162
1.74894
1.77051
1.70862
1.95984
1.96608
1.83574
1.80867
1.84406
1.85192
1.81873
1.82512
1.78368
1.91443
1.88949
1.74126
1.84599
2.01269
1.88223
1.7815
2.02103
1.86441
1.80376
1.8836
1.86311
1.89924
1.87999
1.7357
1.85023
1.92215
2.03647
1.95115
1.85875
1.92671
2.03699
1.85493
2.0093
1.81562
2.0143
1.73144
1.75261
1.94715
1.87082
1.90906
1.763
1.78178
1.86977
1.87501
1.77201
1.86259
1.87744
1.90123
2.0427
1.70076
1.88781
1.94573
1.73529
1.73068
1.89873
1.87316
1.73403
1.85707
1.91607
2.00613
1.76498
1.70522
1.83567
1.87677
1.95341
1.98674
2.02275
1.87554
1.93209
1.86905
1.96489
1.93369
1.8954
2.04399
1.86431
1.73764
1.76687
1.82925
1.79869
1.71434
1.97823
1.73464
1.98012
1.70864
1.73875
1.99425
1.86447
1.74681
1.72014
1.71171
1.94934
1.81273
1.75335
1.70634
1.85434
1.91419
1.82755
1.77103
1.93438
1.74201
1.72296
2.02776
1.7892
1.845
1.87577
1.76548
1.75347
1.86044
1.80515
1.96221
1.71106
1.71744
1.7158
1.80017
1.81128
1.75711
1.98617
1.77094
1.82114
1.86021
1.86457
1.94723
1.73703
1.86572
1.96668
1.84167
1.91115
2.02736
1.87473
1.86759
1.79356
1.9724
1.71782
1.78515
1.87432
1.77463
1.853
1.70657
1.83359
1.84619
1.92882
1.74242
1.71938
1.9383
1.85554
1.93438
2.00883
1.97212
1.75664
1.85965
1.79754
1.99306
1.76647
1.72908
1.70186
1.94534
1.91426
1.94656
1.98474
2.03442
1.75212
1.98918
1.86594
1.85704
1.8645
1.79295
1.75039
1.86356
2.03832
1.99586
2.01482
1.71885
1.90207
1.71678
1.87935
1.95703
1.81292
1.71847
1.71949
1.7871
1.94329
2.03192
1.71941
1.90066
1.89911
2.04816
1.85792
2.04551
1.80297
1.70084
1.75503
1.75784
1.7373
1.85131
1.7679
1.80145
1.91297
2.02107
1.70367
1.86941
1.77391
1.8048
1.79235
1.75852
1.84317
1.73627
1.96285
1.92786
1.86559
1.7599
1.88974
1.70655
1.88814
1.96209
1.87931
1.73675
1.86849
1.72813
2.00402
1.96384
1.93467
1.8683
1.99795
2.01313
1.77292
1.74706
1.8609
1.7246
1.71671
1.94222
1.82834
1.88194
1.87801
1.9469
1.85722
1.72002
1.86765
1.76772
1.88805
1.70819
1.87142
2.04685
1.85553
1.81649
1.87844
2.03937
2.01572
1.74674
1.85574
1.74381
1.86154
1.80759
1.76913
1.85866
1.73368
1.89176
1.94113
1.87846
1.87578
1.79199
1.71789
1.86796
2.00616
1.78285
1.74492
1.86371
2.02227
1.86695
1.76918
1.71525
1.8036
1.73173
1.86206
1.75141
2.00811
1.70639
1.71709
1.70288
1.71547
1.72612
1.75949
1.81204
1.81085
2.03408
1.86322
1.72243
1.98408
1.79021
1.79469
1.96629
1.76264
1.87603
1.8627
1.71532
1.79586
1.79092
1.86623
1.80588
2.03905
1.72231
1.99656
1.76532
2.00127
2.0446
1.84181
1.87261
1.79404
1.7747
1.72487
1.94969
1.82161
1.79726
1.94405
1.71102
1.98531
1.92301
1.8365
1.70935
1.72071
1.71525
1.8103
1.81147
1.86089
1.91142
1.96074
1.75089
1.89909
2.04892
1.87751
1.98992
1.87657
1.96297
1.9561
1.78191
1.7085
1.86727
1.93576
1.84518
1.72651
1.79239
1.80088
1.70965
1.70425
1.84999
1.90452
1.87276
1.86622
1.71896
1.82817
1.75237
1.84775
1.86556
1.84549
1.86368
1.70749
2.0234
1.88633
1.7431
2.04579
1.8304
1.88686
1.89605
1.78696
1.99448
1.84848
1.736
1.74403
1.73505
1.72823
1.76473
1.87122
1.76581
1.78989
1.92605
1.96111
1.86614
1.93825
1.73703
2.01999
1.72861
1.86085
1.9937
1.77143
1.79451
1.81378
1.83079
1.83171
1.76468
1.99757
1.87698
1.80139
1.95155
1.99798
1.87036
1.76366
1.86788
1.86458
1.75364
1.86555
1.95019
1.85404
1.97368
2.01551
1.98481
1.75691
1.77221
1.94068
1.70676
1.71212
1.87726
1.85979
1.89707
1.97841
1.86093
1.88363
1.79673
1.96787
1.98149
1.96892
1.94849
1.78064
1.90228
1.85492
1.84579
1.74801
1.99355
1.89484
1.86229
1.87714
1.88588
1.77851
1.7232
1.88538
1.85551
1.9307
1.71703
1.83826
1.76162
1.70852
1.75559
1.89812
1.77769
1.79351
1.73374
1.81728
1.736
1.77108
1.85985
1.91009
1.80729
1.81788
1.86164
1.86032
1.89566
1.93442
2.00392
2.00113
1.99844
1.81297
1.79552
1.74628
1.70227
1.80448
1.87221
1.8813
1.891
1.8458
1.78007
2.03634
1.90553
1.87284
1.96196
1.97436
1.83704
1.81347
1.79134
1.70758
1.71355
2.03067
1.86306
1.71077
1.93615
1.91541
1.76234
1.88479
1.80239
1.82134
1.77039
1.80259
1.74786
1.73244
1.81275
1.82813
1.73639
1.88565
2.01355
1.86701
2.01557
2.02443
1.82482
1.8476
1.88863
1.89178
1.8608
1.87735
1.92893
1.73732
1.86597
1.84392
2.00222
1.97502
1.85955
1.73361
1.8854
1.71076
1.84882
1.76928
1.84304
1.88854
1.72848
1.70168
1.93084
1.84797
1.77808
1.9496
1.887
1.81171
1.89017
1.94798
1.84388
1.96813
1.88598
2.00708
1.93855
1.8774
1.83105
1.7598
1.82237
1.93137
1.73986
1.86152
1.73336
1.81084
1.95141
1.95402
1.71257
2.03434
1.76094
1.89593
1.99111
1.9737
1.88096
1.88412
1.70456
1.83192
1.81786
1.87009
1.80411
1.7115
1.80396
1.92327
1.86458
1.71506
1.86031
1.96954
1.71927
1.87671
1.95752
1.72368
1.72265
1.71371
1.75834
1.75884
1.72227
1.70699
2.01817
1.97679
1.70798
1.71893
1.90584
1.77317
1.82703
1.94716
1.79389
2.03966
1.77781
1.95514
1.75824
1.72596
1.71948
1.87589
1.71533
1.74562
1.92654
1.92481
1.98156
2.04508
1.73114
1.8995
1.72016
1.84937
2.02651
1.83442
1.73558
1.73898
1.88257
1.80153
1.758
1.85521
1.73996
1.86962
1.96989
2.01694
1.7024
1.88775
1.70123
1.71131
1.87135
1.85822
1.72456
1.90722
1.87858
1.73342
1.83633
2.01454
1.71218
1.74148
1.92089
1.85972
2.0342
1.76894
1.8867
1.90859
1.98716
1.76618
1.86751
1.83877
1.76589
1.90264
2.03901
1.94378
1.82152
1.87542
1.83659
1.85136
1.87697
2.03708
1.76699
2.02536
1.86206
1.72473
1.87688
1.82287
1.70845
1.9116
1.89031
1.72946
1.92474
1.7347
1.70354
1.81039
1.73804
1.85975
1.73272
1.74053
1.85498
1.99797
1.74707
1.76961
1.7015
1.70794
2.00633
1.97308
1.98702
1.73785
1.80415
1.8392
1.83478
1.91433
1.83337
1.93837
1.89962
2.00983
1.77654
1.87633
1.78426
1.83934
1.88294
1.72512
1.80212
1.72666
1.96155
1.85973
1.92039
1.77523
1.9109
1.72452
1.9677
1.95625
1.91926
1.91981
1.92217
1.70849
1.87768
2.01707
1.72509
1.95176
1.84497
1.72785
1.80325
1.83724
1.83238
1.73697
1.80656
1.74484
1.80927
1.96432
1.90264
1.93305
1.88096
1.82991
1.75419
1.9469
1.70121
1.91594
1.92996
1.81863
1.75712
1.84876
1.88003
1.99336
1.84482
2.04673
1.99998
1.74423
1.74722
1.92009
1.8702
1.75396
1.92658
1.796
1.74284
1.85419
1.88416
1.84007
1.79728
1.86828
1.94672
1.86934
1.87426
1.75382
1.70218
1.96551
1.87113
1.99222
1.83474
1.91469
1.74465
1.8744
1.93871
2.0455
1.7105
1.76718
1.8087
1.83245
1.72048
1.86139
1.81967
1.96175
1.95427
1.82245
1.8604
1.81606
1.9487
1.84046
1.87917
1.79291
1.86378
1.84181
1.72185
1.75968
1.76144
1.89289
1.89647
1.86891
1.794
1.79803
1.80288
1.86043
1.80879
1.74759
1.77597
1.85589
1.88473
1.74111
1.8791
1.77564
1.93808
1.73559
1.85474
1.86431
1.72121
1.73892
1.73527
1.79769
1.85115
1.92091
1.85304
1.92309
2.03188
1.72378
2.00941
1.92147
1.83821
1.77091
1.90255
1.74367
1.90411
1.79448
1.87026
1.97338
1.72454
1.7086
1.85181
2.00393
1.831
1.84457
1.90354
2.01309
1.95827
1.79992
1.72201
1.86724
1.87575
1.77964
1.81844
1.80309
1.88456
1.85645
1.73222
1.83448
1.85213
2.0181
1.82118
1.95425
1.72494
1.70372
1.85566
1.8088
2.00167
1.84953
1.74666
1.86273
1.84977
1.83141
1.70722
1.86633
1.83893
1.86041
1.92464
1.72339
2.01764
1.84293
2.04928
1.80895
1.82866
1.97566
1.82615
1.88896
1.94374
1.88651
1.86665
1.88474
1.86458
1.75599
1.85997
1.92996
1.9301
1.7666
1.83578
1.84133
1.86605
1.88468
1.78365
1.74431
1.89668
1.89448
1.90919
1.70155
1.84757
1.98763
1.78524
1.96404
1.95358
1.85491
1.87134
1.86794
1.83186
1.86368
1.84052
1.91914
1.83976
1.99684
1.80738
1.87382
1.7696
1.71543
1.94382
1.7042
1.78291
1.76916
1.86802
1.82411
1.88492
1.87322
1.83164
1.73102
1.71784
1.81955
1.87313
1.82332
1.86974
1.73658
1.99726
1.82413
1.73155
1.74133
1.9955
1.84695
1.74163
1.73879
1.79803
1.74832
1.72583
1.96673
1.78762
1.76243
1.70228
1.77799
1.74362
1.87845
1.89427
1.73374
1.91884
1.84787
1.89549
1.70033
1.97817
1.8651
1.82689
1.98769
1.72006
1.87758
1.8934
1.88575
1.91266
1.70486
1.7331
1.88439
1.7233
1.77391
1.77161
1.81237
1.78246
1.87119
1.9363
1.87255
1.73568
1.89875
1.8124
2.02526
1.88433
1.7701
1.88889
2.04799
1.86244
1.75873
1.80311
1.87134
1.70862
1.82957
1.83559
1.83787
1.70638
1.82454
1.70862
1.7919
1.73918
1.71141
1.93835
1.75328
1.9276
1.85886
1.88782
1.86141
1.95507
1.86478
1.87399
1.86224
1.79725
1.84514
2.01697
1.91351
1.70113
1.82944
1.79936
1.75389
1.80187
1.95967
1.97807
1.75251
1.77833
1.91868
2.02623
1.76422
1.86506
1.8766
1.87823
2.01944
1.7797
1.73037
1.96411
1.97862
1.82631
2.01466
1.70409
1.76695
1.9099
1.81288
1.7204
1.76841
1.76194
1.72154
1.70945
1.90845
1.86151
1.77617
1.71625
2.01732
1.76393
1.73653
1.86794
1.90421
1.83842
1.85508
1.74668
1.94389
1.78227
1.7259
1.77495
1.81411
1.8343
1.93337
2.01831
1.94172
1.92059
1.76146
1.79699
1.95809
1.87522
1.83524
1.74955
1.87234
1.80078
1.84198
1.87621
1.85487
2.01684
1.96817
1.9635
1.73098
1.97167
1.73879
1.87316
1.94128
2.04458
1.74075
2.01266
1.82661
1.85302
1.78388
1.93343
1.85328
1.85571
1.90569
1.809
1.94455
1.98132
1.9111
1.83209
1.80715
1.90885
1.75824
1.87288
1.96359
2.02983
1.77872
1.84615
1.93649
1.84026
1.82036
1.83968
1.80099
1.77986
1.95452
1.87265
1.75441
1.81735
1.72211
1.86367
1.82384
1.73972
1.79726
1.87569
1.87751
1.88208
1.81662
1.99122
1.96957
1.98992
1.79573
1.83826
1.85618
1.98741
1.96643
1.88639
1.87756
2.03302
1.85318
1.97818
1.70033
1.75317
1.90582
1.95995
1.73556
1.87674
1.73975
1.89335
1.82986
1.841
1.86002
1.85393
1.80067
1.84404
1.88673
1.84111
1.7307
1.87747
2.03984
1.89847
1.79673
1.86725
1.89837
1.78937
1.87215
1.88286
1.86316
1.83598
1.79227
1.97262
1.80496
1.86087
1.86336
1.94465
1.76034
1.90883
1.78168
1.97397
1.7257
1.70231
1.94452
1.87138
1.86438
1.94815
1.73477
1.9538
1.96317
1.99232
1.90635
1.98128
1.85777
1.97955
1.78514
1.93625
1.77379
1.94997
1.83579
1.87827
1.85213
1.8693
1.763
1.8897
1.80534
1.87818
1.81735
1.8593
1.73008
1.88429
1.78518
1.70437
1.72288
1.77372
2.0379
1.9001
1.82744
1.75372
1.71735
1.77426
1.70456
2.00145
1.72764
1.80327
1.97441
1.84904
1.95524
1.74098
2.04083
1.82594
1.76025
1.73377
2.01916
1.8143
1.78362
1.87334
1.7417
1.84882
1.80305
1.77479
1.85885
1.8326
1.86866
1.79313
2.03764
1.84511
1.90291
1.813
1.86512
1.80309
1.7931
1.90884
1.70367
1.87355
2.01999
1.77599
1.83163
1.91799
1.88043
1.85242
1.73224
2.03274
1.75481
1.75728
1.78504
1.83296
2.01101
1.72313
1.81048
1.84594
1.88081
1.71271
1.77227
1.72838
1.85672
1.71089
1.71537
1.9439
1.85651
1.77562
2.00745
1.82035
1.77362
1.86421
1.85371
1.76776
1.79817
1.72356
1.7249
1.79077
2.03803
1.88642
1.89721
1.71536
1.92048
1.86367
1.8965
1.70868
1.94703
1.78121
1.88563
1.84003
1.97
1.87494
1.91719
1.86103
2.04532
1.79425
1.88125
1.8445
1.72954
1.76595
1.72122
1.86144
1.7017
1.83221
1.70548
1.82372
1.83857
1.71921
1.787
2.03499
1.75002
1.82524
1.83089
1.83895
1.79113
1.89623
1.80839
1.86205
2.00223
1.88204
2.04408
1.74588
1.73565
1.85255
2.00296
1.7425
1.71615
1.94285
1.948
1.80676
1.73851
1.73913
1.72765
1.91984
1.93519
1.82312
1.71971
1.87487
1.91369
1.72182
1.87366
1.99894
1.87775
1.86635
2.04575
1.73711
2.04194
1.83892
1.75716
1.93808
1.88752
1.89067
1.83336
1.84543
1.95836
1.89679
1.91161
1.76713
1.8562
1.89462
1.72885
2.04025
1.98174
1.75123
2.04971
2.03707
1.85509
2.04413
1.9401
1.85565
1.87091
1.72116
1.87539
1.86213
1.70206
1.92727
1.95882
1.82261
1.72426
1.84726
1.8832
1.7008
1.9036
1.84405
1.96935
1.95998
1.82599
2.02915
1.82201
1.76779
1.90665
1.8504
1.7593
1.89388
2.02348
1.88349
1.75471
1.82305
1.8671
1.92628
1.74266
1.72623
1.8122
1.90779
1.96913
1.76807
1.83388
1.80391
1.91678
1.77621
1.8652
1.86958
1.94493
1.8484
1.90468
1.88435
1.87338
1.8537
1.86123
1.78427
1.79147
1.86848
1.72276
1.89517
1.77248
1.73309
1.70252
1.83534
2.01871
1.88171
1.79667
1.74167
1.73923
1.9329
1.85607
1.84407
1.78062
1.76763
1.7454
1.8883
1.71614
1.75674
1.85385
1.8527
1.86356
1.78286
1.98325
2.00572
2.02212
1.77642
1.70452
1.84596
1.90793
1.85538
1.85922
1.80558
1.87087
1.70126
2.00294
2.02112
1.85814
1.89063
1.85629
1.71564
1.70021
1.78164
2.03396
1.87563
1.70151
1.75126
1.87074
1.81515
1.9531
1.92455
1.88788
1.80163
1.8588
1.84664
1.7502
1.70995
1.74464
1.79978
1.85115
1.86912
1.92775
1.71965
1.86267
1.75782
1.88961
1.90435
1.86218
1.93663
1.70664
1.86058
1.79386
1.82166
1.70671
1.94924
1.96349
1.96809
1.70076
1.8757
1.84594
1.77522
1.82005
1.92633
1.86351
1.88927
1.84338
1.99545
1.79504
1.86757
1.87463
1.77728
1.71875
1.71811
1.92464
1.94677
1.88706
1.81747
1.74104
1.71935
1.92907
1.84797
1.84094
1.78397
1.88444
1.8568
1.82753
2.01421
1.88888
1.87063
1.9074
1.87616
1.70054
2.00149
1.7434
1.86333
1.79635
1.796
1.70989
1.92568
1.94845
1.79107
1.84701
1.89474
1.88195
1.88044
1.86271
1.7475
1.74195
2.0233
1.89414
1.86867
1.95228
1.87118
1.97145
1.84538
1.74205
1.71379
1.81352
1.7287
1.89377
1.92529
1.88289
1.7397
1.75705
1.98235
1.83115
1.92683
1.85361
1.75119
1.75334
1.8034
1.75036
1.75391
1.8899
1.72094
2.04642
1.82298
1.90355
1.92003
1.83306
1.95159
1.90237
1.71635
1.8718
1.77305
1.83357
1.79792
1.99562
1.80806
1.94187
1.87339
1.87833
1.8751
1.83511
1.85904
1.95744
1.98764
1.98965
1.78765
1.86157
1.74282
1.93153
1.71261
1.85124
1.75266
1.93135
1.90472
1.76327
1.94113
1.79643
1.97965
1.97803
1.7335
1.91668
1.95847
1.90705
1.92726
1.93023
1.76134
1.95118
1.72761
1.88744
1.74503
1.92019
1.86621
1.86806
2.04718
2.00034
1.8616
1.82658
1.8694
1.90113
1.80087
1.84285
2.00914
1.76643
1.80971
1.7704
1.75938
1.72822
1.77092
1.70405
1.7723
1.73246
1.70873
1.84486
1.7523
1.9457
1.99907
1.86942
1.88926
1.75789
1.98931
1.88661
1.80913
1.71885
1.82904
1.99245
1.88613
1.71534
1.93503
1.85182
1.77035
1.89646
1.73869
2.04398
1.74027
1.89235
1.77805
1.77396
1.7359
1.87488
1.9448
1.71665
1.87449
1.79066
1.73587
1.76567
2.01058
1.73731
1.83207
1.71398
1.73502
1.95739
1.85639
1.70405
1.70845
1.73948
1.89239
1.81803
1.96684
2.01349
1.90066
1.71762
1.94254
1.84311
1.96993
1.84853
2.04235
1.72366
1.79649
1.71469
2.01912
1.90394
2.04167
1.8372
2.0013
1.81505
1.73013
1.87295
1.77872
2.02175
1.70861
1.78097
1.86943
1.82016
1.72071
1.73301
1.708
1.74372
1.88305
1.7217
1.72697
1.83641
1.77744
1.97312
1.73813
1.74701
2.03282
1.86579
1.85871
1.81368
1.74074
1.85277
1.77702
1.76274
2.03469
2.01132
1.8705
1.90075
1.70277
1.75282
1.73382
1.7644
1.7916
1.86205
2.03337
1.88444
1.90261
1.74502
1.93045
2.03189
2.02792
1.77017
2.00229
1.76632
1.79183
1.70934
1.75291
1.7239
1.85495
1.87752
1.73597
1.8775
1.75082
1.73949
1.80652
1.84302
1.97254
1.83419
1.87589
1.82504
1.72066
1.8713
2.03163
1.95863
1.98036
1.76192
1.93931
1.76138
1.7187
1.82929
1.72445
1.86142
1.79161
1.79817
1.94994
1.7704
2.03927
1.9534
1.85112
1.8766
1.96681
1.82677
1.94572
2.02428
1.79669
1.72034
1.70416
1.89789
1.71715
1.8993
1.98082
1.8188
1.73633
2.02759
1.79254
1.90808
1.8644
1.92896
1.73564
1.90207
1.80097
1.70417
1.79571
1.77495
1.79062
1.73309
1.86065
1.88144
1.75396
1.70073
1.85018
1.77169
2.045
1.81058
1.73202
1.93621
1.73419
1.98782
2.0105
2.00603
2.00707
1.78588
1.74382
1.79092
1.93255
1.73135
1.83554
1.94737
2.02794
1.70711
1.92541
1.70827
2.00838
1.87331
1.92466
1.90135
1.83595
1.88411
1.88749
1.91619
1.89786
1.73978
1.86176
1.94777
1.78383
2.01387
1.7705
1.77208
1.76899
1.7313
1.84431
1.89248
2.03463
1.84318
1.75905
1.86067
1.76274
2.04605
1.79111
1.79002
1.83921
2.00385
1.71521
1.79274
1.95624
1.89504
1.74296
1.80035
1.76132
1.75261
1.72674
1.83045
1.76127
1.78422
1.72976
1.90561
1.95731
1.76702
1.86301
2.03059
1.86349
1.87042
1.81226
1.85983
1.91024
1.96467
1.86858
1.86319
1.78436
1.86194
1.92098
1.91102
1.78674
1.73404
1.96757
1.76779
1.70576
1.80743
2.02235
1.84798
1.71514
1.77337
1.73555
1.86611
1.74456
1.83927
1.78455
1.81107
1.85737
1.81555
1.75891
1.86959
1.74286
1.71392
1.79811
1.8897
1.74049
1.87903
1.84473
1.74787
1.76594
1.8773
1.74598
1.89635
1.73669
1.95848
1.70891
1.70905
1.76089
1.98914
1.75952
1.90296
1.85406
1.70344
1.90525
1.93968
1.71081
1.78212
1.88458
1.82099
1.76922
1.7568
1.87949
1.9624
1.96968
1.81069
1.78286
1.84313
1.72668
1.88345
1.70077
1.87562
1.77853
1.85609
1.7469
1.91196
1.75915
1.70056
1.89532
1.89861
1.95504
1.93584
1.8878
1.79915
1.77612
1.75239
1.72032
1.95376
1.72291
1.82649
1.74324
1.96456
1.80456
1.93669
2.02048
1.89364
1.80186
1.74349
1.75885
1.84794
2.01106
1.90268
1.72622
1.74282
1.86079
1.84755
2.02311
1.87067
1.75566
1.8828
1.74082
1.96407
2.04392
1.97105
1.87317
1.82505
1.79642
1.74215
1.79108
1.71744
1.97861
1.79176
1.72171
2.00813
1.89241
2.00356
1.7668
1.86227
1.74249
1.87999
1.9453
1.74938
1.90398
1.74182
1.81686
1.71946
1.78472
1.75888
1.71223
1.86513
1.7201
1.85965
1.83221
1.83319
1.84439
1.72463
1.83313
1.713
1.75132
1.85402
1.86425
1.9068
1.87413
1.78071
1.96341
1.92512
1.87295
1.98159
1.85788
1.88838
1.77894
1.88531
1.96252
1.72648
1.83422
1.87785
1.93929
1.80242
1.74967
1.76548
1.97418
1.7668
1.76568
1.72342
1.76569
1.97862
1.75075
1.81863
1.82959
1.96227
1.73227
1.85503
1.88607
1.90453
2.03473
1.73335
1.75818
1.86767
1.7292
1.70889
1.74979
1.89085
1.7652
1.90147
1.82393
1.71941
1.74994
1.78098
1.88011
2.01254
1.98769
1.82478
1.89825
1.86841
1.72772
1.73338
1.8096
1.81491
1.85745
1.76684
1.71943
1.78366
1.85001
1.84579
1.75221
1.84499
1.88564
1.99978
1.7208
1.73114
1.79609
1.93445
1.86549
2.00562
1.83831
1.81836
1.78893
1.82025
1.97899
1.85014
1.98346
1.86164
1.85941
1.92994
1.71278
1.72511
2.02474
1.9656
1.74499
1.80117
1.71243
1.87406
1.88734
1.74806
1.72284
1.88294
1.72226
1.86252
1.85601
1.91946
1.96346
1.97404
1.94004
1.9804
1.92658
1.87783
1.85495
1.89026
1.93936
1.70061
1.8204
1.97809
1.74805
1.82274
1.99913
1.8691
1.72854
1.77402
1.74202
1.92628
1.72353
1.79512
1.94907
1.76321
1.71848
1.7396
1.71264
1.71152
1.98159
1.75356
1.87403
1.88458
1.79369
1.8525
1.92277
1.8375
2.04499
1.92582
1.84364
2.00155
1.94541
1.84909
2.04543
1.80313
1.88262
1.74702
1.84088
1.7315
1.79148
1.99848
1.92568
1.99159
1.88548
1.77594
1.76878
1.71498
1.77134
1.91887
1.83123
1.75184
1.85024
1.73592
1.90517
1.92533
1.76384
1.98615
1.85515
1.85956
1.72901
2.04689
1.86347
1.79223
2.029
1.81431
1.86443
1.91553
1.89297
1.82489
1.89964
1.82308
1.7675
1.8217
1.95534
1.70642
1.81469
1.76505
1.88169
1.72641
1.89566
1.9267
1.83536
1.89111
1.84334
2.03241
1.73362
2.03267
1.86073
1.77752
1.82223
1.94545
1.99261
1.87326
1.73513
1.73455
1.78844
1.97715
1.90646
1.81377
1.88788
1.8326
1.87956
1.83358
1.77607
1.90983
1.79661
2.03149
1.82209
1.7063
2.02398
1.87875
1.83646
1.74408
1.92302
1.92616
1.78098
1.81375
1.8526
1.7056
1.99534
1.88721
1.78968
1.70799
1.78529
1.9537
1.80508
1.79766
1.7264
1.86878
1.93443
1.78367
2.01286
1.85713
1.91811
2.00947
1.99654
1.80387
1.74714
1.8675
1.74934
1.70109
1.77458
1.86037
1.80323
1.8625
1.70572
2.01181
1.70241
1.83411
1.81724
2.03954
1.71142
1.72906
1.93048
1.77376
1.83369
1.93124
1.86496
2.02217
1.70568
1.851
1.82922
1.7505
1.84483
1.73455
1.85839
1.85195
1.96188
1.887
1.87521
1.89454
1.83912
1.76553
1.87493
1.9255
1.70986
1.90336
2.03718
1.77522
1.86618
1.97977
1.74699
1.89225
1.78811
1.79529
1.88752
1.90173
1.83471
1.89306
1.79208
1.91076
1.79101
2.03104
1.84619
1.92791
1.92533
1.78254
1.74937
2.01589
1.75805
1.87678
1.87695
1.71727
1.91727
1.83608
1.70122
1.74981
1.92206
1.80404
1.94827
1.83016
1.84036
1.87703
1.87822
1.87235
1.93882
2.01639
1.81856
1.77275
1.83636
1.75404
1.71895
1.91394
1.7834
1.84744
1.80843
1.97338
1.90422
1.97427
1.78294
1.84521
1.91185
1.81805
1.89432
1.77812
1.97564
1.99929
1.85511
1.76478
1.86173
1.8614
1.83464
1.74293
1.86087
2.04002
1.71425
1.87464
1.88012
1.75463
1.78849
1.82969
1.78571
1.86795
1.74351
1.70991
1.92934
1.82905
1.77064
1.82097
1.87384
1.78566
1.76668
1.9167
2.00491
1.92406
1.81494
1.85057
1.95223
1.71747
2.04703
1.72171
1.8324
1.75618
1.80892
1.83014
1.89224
1.80092
1.70567
1.74116
2.03106
1.72182
1.86834
2.01862
1.93643
2.04959
1.74992
1.80396
1.74119
1.87326
1.78234
1.75266
1.87499
1.73887
1.80765
1.87427
1.78841
1.8711
1.79597
1.89922
1.77612
1.83021
1.97351
1.70389
1.86996
1.73155
1.91311
1.7577
1.92715
1.89355
1.86803
1.79102
1.80342
1.83463
1.71742
1.92015
2.03048
1.86465
1.84342
1.80848
1.92921
1.72326
1.77293
1.90143
1.86542
1.73723
1.8735
1.73382
1.7976
1.96031
1.87812
1.83541
1.80102
1.72321
1.75159
1.7214
1.80465
1.87242
1.83729
1.88015
1.92856
1.81129
1.90982
1.7742
1.70176
1.70862
1.86004
1.87412
1.76719
1.88713
1.84387
1.79473
1.86602
1.87292
2.022
1.94021
1.8631
1.87363
1.78946
1.86933
1.71678
1.86882
1.76501
1.72686
1.86538
1.87307
1.87628
1.7795
1.7876
1.89494
1.71427
1.78235
2.04957
1.77872
1.70585
1.76698
1.91435
2.02045
1.9068
1.77432
1.84278
1.98618
1.8669
1.80162
2.04104
1.86155
1.98304
1.92927
1.85292
1.85314
1.74329
1.75461
1.86627
1.78452
1.71297
1.70419
1.98074
1.85614
1.88996
1.80506
1.74065
1.85818
1.79615
1.7332
1.98401
1.75482
2.0101
1.93188
1.84131
1.87692
1.7277
1.80462
1.74148
2.04956
1.83714
1.73006
1.96284
1.83057
1.7099
1.85802
1.87938
1.87621
1.72159
1.96224
1.74838
1.78648
1.71575
1.70306
1.80369
1.8231
1.73603
1.86982
1.9558
1.87513
1.81493
1.71814
1.86319
1.82899
2.03848
1.87437
1.8458
1.90008
1.85904
1.85937
1.87028
1.86988
1.85328
1.80978
1.96037
1.87872
1.84642
1.84737
1.79328
1.75979
1.97362
1.85088
1.85161
1.85355
1.78471
1.74115
1.73817
2.01644
1.73613
1.90177
1.80883
1.85502
1.78166
1.86513
1.84863
2.00407
1.96253
1.88073
1.84499
1.79722
1.84991
1.7695
1.84274
1.7263
1.78455
1.76315
2.00569
1.73831
1.90067
1.87468
1.7803
1.93704
1.77975
1.87771
1.73044
1.77127
1.82298
2.0253
1.97514
1.77583
1.95987
1.93355
1.87538
1.88013
1.87768
1.88372
1.85855
1.88502
1.77531
1.86994
1.87733
1.80103
1.73747
1.98292
1.83372
1.73202
1.8879
1.86442
1.96854
1.78304
1.88952
1.73687
1.86669
1.95376
1.72364
1.87474
1.7009
2.04593
1.84415
1.84499
2.03242
1.70861
1.96849
1.87252
2.007
2.02744
1.88185
1.85577
1.87817
1.72532
1.73346
1.82363
1.78394
1.82621
1.89689
1.83516
1.77365
1.72923
1.71032
1.75419
1.96367
1.88589
1.74172
1.71862
1.83475
1.74853
1.81959
1.86429
1.70893
1.74177
1.71182
1.88976
1.85763
1.82648
1.8601
1.82209
1.75025
1.71826
1.73209
1.9367
1.85785
1.87287
1.86348
1.86101
1.72091
1.7641
1.91938
1.86109
1.84835
1.87573
1.97875
1.8393
1.79953
1.90277
1.75235
2.02928
1.85395
1.9317
1.85735
1.77689
1.74792
2.01395
1.73555
1.70743
1.71214
1.75617
1.88993
2.0342
1.72238
1.79557
1.94388
1.79244
1.72629
1.91187
1.74315
1.93526
1.8925
1.90523
1.79217
2.01111
1.70613
1.73092
1.89412
1.71981
1.92452
2.03827
1.71664
1.77385
1.89942
1.80597
1.88479
1.7367
1.82976
1.78454
1.96326
2.01524
1.71638
1.8533
1.72781
1.86476
1.70391
1.7118
1.9273
1.86734
1.71356
1.88373
1.73048
1.89699
1.83497
1.75411
1.93548
1.82404
1.9026
1.76235
1.71875
1.70675
1.74215
1.81759
1.70067
1.74708
1.70004
1.85949
1.7056
1.85264
1.81183
1.83855
2.03363
1.70753
2.00865
1.99995
1.74812
1.88975
1.82261
1.75327
1.86455
1.86816
1.87367
1.87646
1.8295
1.89179
1.75285
1.85763
1.88418
1.70314
1.83892
1.87919
2.02465
1.72829
1.86709
1.71581
1.78715
1.84627
1.987
1.8586
1.86219
1.75075
1.84413
1.80025
1.81321
1.86316
1.81327
1.76326
1.86348
1.85377
1.80194
1.9486
1.85135
1.7204
1.90106
1.7386
1.75601
1.87168
1.79165
1.86821
1.88573
1.79301
1.86839
1.98742
1.95859
1.8549
1.96278
2.01474
1.70121
1.77178
1.71708
1.87764
1.83632
1.76736
1.87321
1.90541
1.85332
1.84881
1.77739
1.70795
1.85821
1.85126
1.74534
1.74458
1.78777
2.01734
1.83124
1.81997
1.97529
1.76511
1.80265
1.89796
1.74715
1.91705
1.75687
1.84934
1.82705
1.7197
1.73643
1.87666
1.88076
1.79856
1.73167
1.87737
2.03739
2.02966
1.88999
1.86177
1.83728
1.82688
1.94085
1.74056
1.889
1.91304
1.98658
1.79575
1.85211
1.8341
1.70938
2.03495
1.77061
1.74718
1.85134
1.78895
1.80601
1.87667
1.84236
1.74905
1.87391
2.00789
1.87918
1.78294
1.84052
1.77807
1.94093
1.82335
1.86607
1.99336
1.78084
1.90854
1.71483
1.91358
1.70213
1.91516
2.00855
1.72376
1.96442
1.8313
1.76347
1.78368
1.84321
1.85314
1.80036
1.85517
1.89348
1.83924
1.90721
1.88521
1.94472
1.83297
1.73862
1.87318
2.01083
1.83905
1.89071
1.92691
1.72059
2.04905
1.76111
1.70992
1.71208
1.71064
1.77138
1.76902
1.8882
1.74321
2.01267
2.00905
1.859
1.80311
1.73959
1.77531
1.81228
1.72719
2.01462
1.72046
1.83292
1.7794
2.00587
1.90151
1.86761
1.75845
2.04996
1.87472
1.81038
1.89401
1.7315
1.87752
1.8897
1.73353
1.79686
1.73274
2.02793
1.72433
2.03516
1.88401
1.85701
1.87914
1.96443
1.88447
1.87834
1.8685
1.77131
1.70249
2.01542
1.7069
2.04867
1.72214
1.72526
1.86907
2.01153
1.8101
1.83798
1.8017
1.85969
2.04049
1.86165
1.98061
1.72266
1.75574
1.85632
1.78325
1.72042
1.76521
1.8819
1.88922
1.94846
1.83443
1.87889
1.87631
1.87058
2.04291
1.86035
1.72898
1.90333
1.80712
1.78775
1.87166
1.73312
1.85582
1.71778
2.00569
1.89849
1.87634
1.99296
1.93028
1.92118
1.7042
2.02436
1.85637
2.04863
1.80696
1.77828
1.82946
1.73266
1.91091
1.85583
1.87478
1.82001
1.96877
1.71215
1.98179
1.7046
1.86392
1.96989
1.93867
2.03451
2.01937
1.88967
1.83779
1.73202
1.80591
1.93389
1.91284
1.88718
1.79646
1.80544
1.86768
1.74648
1.76034
1.77114
1.7902
1.85151
1.8773
2.03018
1.82648
2.01051
1.84599
1.71026
1.79883
1.93771
1.73601
1.71561
1.87482
1.92089
1.98272
1.87271
1.73433
1.87857
1.80518
1.85915
1.86866
1.93991
1.75958
1.76966
1.70995
1.83689
1.83163
1.95369
1.86595
1.85125
1.96915
2.01571
1.7559
2.04693
2.03819
1.76463
1.82325
1.87569
1.75207
1.76596
1.74318
1.8198
1.82021
1.76025
1.70899
1.84037
1.84164
1.88814
1.92675
1.83308
1.76107
1.71624
1.91915
1.8135
1.83516
1.79247
1.8314
1.95951
1.80206
2.0399
1.73917
1.76747
2.03014
1.77783
1.70291
1.80233
1.7642
1.8008
1.76861
1.87785
1.86284
1.96702
1.92176
1.74676
1.77457
1.73997
1.87466
1.87757
1.78433
1.71994
1.74797
1.83585
1.73378
1.89215
1.71792
1.89335
1.98177
1.97528
1.86123
1.75305
1.85482
2.01406
1.78236
1.98872
1.74542
1.96125
1.78304
1.7331
1.9804
1.90063
1.89355
1.86683
1.83571
1.76675
1.92517
1.85017
1.92613
2.0374
1.86057
1.869
1.7371
1.89185
1.88276
1.84589
1.74685
1.81049
1.75147
1.76506
1.94241
1.83732
1.75355
1.85626
1.84064
1.86567
1.78063
1.86402
1.86022
1.75687
1.75628
1.74058
1.87429
2.03652
1.86282
1.86521
1.87083
1.96243
2.00836
1.99178
1.74811
2.02387
1.94566
1.82967
1.71541
1.76504
1.80396
1.89596
1.71638
1.78789
1.94883
1.86812
1.76043
1.80837
1.74696
1.90634
1.71066
1.85928
1.85771
1.85143
1.8762
2.03722
1.72109
1.75547
1.86607
1.88167
1.96877
1.81195
1.84306
1.74626
1.97797
2.04821
1.86168
1.941
1.93721
2.00489
1.87707
1.83467
1.95389
1.88848
1.78674
1.79265
1.75874
1.76595
1.8768
1.71366
1.87773
1.70619
1.82267
2.02014
1.71702
1.75863
1.83232
1.72958
1.81677
1.84983
1.86748
1.82034
1.98311
2.04146
1.93539
1.81152
1.93515
1.76884
1.76904
1.88328
1.78995
1.80561
1.83547
1.93121
1.75579
1.86452
1.91702
1.81909
1.75948
1.74498
1.8424
1.87945
1.89633
1.8846
2.00534
1.72097
1.88109
1.86817
2.01512
1.86554
2.02413
1.73822
1.91028
1.97198
1.81557
1.76989
1.714
1.85328
1.72607
1.72514
1.76192
1.76134
1.81983
1.95332
1.77224
1.94676
1.73348
1.87105
1.72886
1.9913
1.72884
1.72003
1.82394
1.77164
2.00995
1.71618
1.77413
1.75038
1.87149
1.78339
2.03362
1.91214
1.76946
1.86423
1.72172
1.89589
1.89956
1.85197
1.75889
1.76353
1.71343
1.70923
1.78073
1.73167
1.80728
2.02295
1.81068
1.73642
1.96961
1.79579
1.72929
1.98199
1.88687
1.902
1.94847
1.71909
1.80157
1.74516
2.02575
1.87039
1.89183
1.7606
2.02645
1.86704
1.92416
1.73211
1.94042
1.74764
1.83907
1.73021
1.7802
1.7078
1.84001
1.73303
1.76687
1.7495
1.7067
2.03095
1.87381
1.89119
1.86678
1.78199
1.87878
1.86669
1.98418
1.90478
2.02461
1.75651
1.71036
1.80046
1.76996
1.9218
1.85521
1.96201
2.02229
1.836
1.85778
1.83117
1.95511
1.98703
1.97252
1.82608
1.94437
1.99848
2.0271
1.94301
1.94008
2.04958
1.79135
2.02995
1.81578
1.73348
1.74367
1.82735
1.89817
2.03511
1.8336
1.80759
1.80764
1.77094
1.98443
1.75027
1.78441
1.82916
1.70528
1.76493
1.85943
1.70591
1.73012
1.80141
1.85046
1.87997
1.94073
1.79989
1.77288
1.70246
1.98559
1.8797
1.8516
1.81998
1.84009
2.03473
1.80892
1.7241
1.9524
1.87765
1.85708
1.8578
1.86571
1.79306
1.79752
1.82301
1.7126
1.90321
1.8166
1.8883
1.86248
1.85272
1.86509
1.94286
2.00153
1.86024
1.81016
1.74265
1.74479
1.8144
1.98639
1.8844
2.01276
2.00356
1.77846
1.76728
1.95006
1.75602
1.87445
1.70253
1.75149
1.71115
1.87076
1.92248
1.85314
1.73283
1.85127
1.71152
1.74491
1.76677
1.76782
1.98984
1.76863
1.71152
1.82241
1.81241
1.95221
1.95018
1.77559
1.87672
2.03047
1.73644
1.75267
1.96867
1.87318
1.76494
1.91349
1.79513
1.84834
1.88391
1.87596
1.73153
1.88188
1.7455
1.74431
1.70331
1.88727
1.82227
1.79736
1.72659
2.02427
1.85022
1.73691
1.90116
1.77748
1.82744
1.77935
1.75122
1.80679
1.79509
1.853
1.82875
1.71507
1.82989
1.89752
1.72452
1.84629
1.81621
1.77168
1.73009
1.87154
1.94527
1.81354
1.73117
2.0324
1.90111
1.90018
1.97694
1.80886
1.81917
1.76025
1.9204
1.93232
1.8566
1.86861
1.86667
1.86075
1.99989
2.01841
1.70077
1.95407
1.70815
1.8379
1.92485
1.7993
2.03453
1.75664
1.86978
1.71002
1.83555
1.83663
1.73127
1.87772
1.73392
1.75658
2.02241
1.70826
1.88135
1.76517
1.85259
1.85553
2.00991
1.85362
1.82215
1.78116
1.85902
2.01404
1.83901
1.84808
1.97176
1.79914
1.74702
1.93704
1.70613
1.71553
2.01689
1.78591
1.75033
1.99927
1.86362
2.00362
1.96066
1.89417
1.78648
1.78875
1.88013
1.89625
1.84234
1.95318
1.76872
2.02643
1.8138
1.92711
1.717
2.00884
1.94266
1.75699
1.88362
1.72258
1.83803
1.86237
1.76482
1.78595
1.8298
1.86936
1.90208
1.87909
1.8415
1.81251
1.97
1.94029
1.7177
1.72833
1.85926
1.7549
1.99537
1.70609
1.84266
1.76863
1.91215
1.87955
2.00472
2.01796
1.82401
1.72193
1.94515
1.8535
1.70647
1.86289
1.82412
1.93227
2.02583
1.73414
1.95958
1.87827
1.82902
1.75322
1.80982
1.94051
1.72522
1.92489
1.94577
1.86786
1.93809
1.86988
1.73799
1.80543
1.91234
1.88565
1.74737
1.80157
1.79462
1.74849
1.70512
1.86083
1.79351
1.82528
1.88964
1.8661
1.97421
1.82263
1.70989
1.86097
2.02572
1.75957
1.85817
1.7089
1.79325
1.70872
1.86125
1.93935
1.70868
1.70338
1.73691
1.71563
1.74048
1.7639
1.8573
1.74702
1.86725
1.75691
1.83217
1.84866
1.77252
1.81183
1.9125
1.91183
1.82936
1.89831
1.9966
1.7665
1.86324
1.72016
1.80184
1.73184
1.93441
1.70718
1.71786
1.72237
1.87081
1.88319
2.00445
2.03849
1.92096
1.83609
1.93581
1.92535
1.74328
1.74534
1.95624
1.82774
1.70306
1.7091
1.84913
1.8072
1.72809
1.72446
1.86417
2.03901
1.84446
1.75582
1.88745
1.87411
1.84866
1.92677
1.86113
1.92399
1.87159
1.85831
1.96886
1.81375
1.85604
1.82588
1.83093
1.70727
1.91355
1.93911
1.89604
2.04537
1.95316
1.89078
1.91363
1.95763
1.75461
1.76736
1.82439
1.71707
1.87144
1.83404
1.75229
2.04828
2.02167
1.73146
1.70944
1.70448
1.83196
1.87423
1.7751
1.76668
1.75204
1.78999
1.94983
1.83038
1.8428
1.86689
1.74863
1.89393
1.71747
1.9889
1.98137
1.73499
1.82473
1.75487
1.87814
1.97631
1.74013
1.85713
1.78085
1.87358
1.77089
1.74641
1.78149
1.86058
1.72482
2.02048
1.73358
1.83491
1.93604
1.75523
1.70929
1.90254
2.02508
1.8018
1.86193
1.74077
1.80441
1.87576
1.82789
1.90944
1.87478
1.71367
1.78432
1.75692
1.73
1.96735
1.71636
2.04409
2.03394
1.87329
1.83323
1.90285
1.78736
1.72363
1.83841
1.99968
1.74028
1.86395
1.72132
1.8673
1.9746
1.85775
1.75075
1.76033
1.98313
1.96848
1.70596
1.75816
1.8895
1.99634
1.96228
1.85599
1.83813
1.79669
1.71405
1.88003
1.70281
1.86676
1.85026
1.83948
1.75362
1.75639
1.71382
1.72672
1.83962
1.92829
1.85489
1.96448
1.95505
1.88622
1.78681
1.98826
1.94365
1.74352
1.83802
1.93319
1.72035
1.82235
1.72409
1.93241
1.81298
1.83238
1.72567
1.85697
1.84785
1.8907
1.82099
1.84512
1.85915
1.94451
1.9307
1.84372
1.87132
1.86858
1.7531
1.70454
1.85351
2.02919
1.77595
1.78305
1.73582
1.83998
1.91547
1.86218
1.88598
2.01959
1.70251
1.83885
1.72177
1.85785
1.72079
1.86201
1.73625
1.70961
1.8782
1.85147
1.83825
1.83279
1.96527
1.8034
1.8458
1.89895
1.7711
1.78697
1.79215
1.86749
1.85958
1.96713
1.80915
1.96119
1.76875
1.7907
1.78624
1.91036
1.70693
1.86921
2.00977
1.75391
2.02701
1.94693
1.78336
1.8644
1.8777
1.88143
1.76909
1.8627
1.83788
1.92558
1.73994
1.73644
1.72487
1.97056
1.97784
1.97856
1.80704
1.70629
1.82559
1.93989
1.85967
1.73808
1.7324
1.94506
1.77854
1.88932
1.70924
1.72857
1.7317
2.00047
1.75408
1.85782
1.87906
1.87071
1.86905
1.90275
1.81945
1.88902
1.98217
1.76579
1.77303
2.01109
1.74126
1.84821
1.86213
1.85207
1.7653
1.87978
1.78073
1.84335
1.70174
2.04395
1.91756
1.78114
1.97197
1.85499
1.72549
1.98018
1.88158
1.8706
1.72159
1.80368
1.71102
1.70497
1.8305
1.85447
1.72363
1.89313
1.72474
1.88922
1.85561
1.76527
1.94008
1.71345
1.88404
1.75503
1.77194
1.73025
1.96976
1.75978
1.92482
1.74518
1.83863
1.71764
2.03572
1.73272
1.74521
1.84293
1.82635
1.83185
1.83132
1.85076
1.78257
1.91375
1.87312
1.8718
1.8795
1.70827
1.72908
2.01912
1.93057
1.72097
1.92815
1.82308
1.72519
1.86826
1.71869
1.8523
1.76112
1.86915
1.89549
1.77349
2.00269
1.73112
1.84853
1.84394
1.73761
2.01723
1.70024
1.72879
1.90303
1.91964
2.03531
1.74976
1.89327
1.84383
1.71643
1.99221
1.7405
1.85716
1.71571
1.85432
1.76279
1.70585
1.75746
2.04285
1.90761
1.72546
1.85785
1.77187
1.85391
1.76935
1.89162
2.04399
1.79286
2.01221
1.76818
1.88
1.72312
1.79876
1.70975
1.87448
1.75147
1.8804
1.8682
1.91744
1.83802
1.86741
1.72354
1.8128
1.76411
1.86717
1.75221
1.87044
1.89077
1.71344
1.80782
1.88777
1.70869
1.72498
1.70122
1.81738
1.83872
1.87418
1.77346
1.81405
1.79592
1.83368
1.80355
1.87302
2.03014
1.87964
1.75131
1.87123
1.81916
1.85897
1.71386
1.70371
2.01883
1.96639
1.88992
1.87432
1.82108
1.71076
1.79877
2.00585
1.87246
1.85612
1.74794
2.00446
1.86998
1.934
2.02219
1.91468
1.73675
1.86383
1.8907
1.81416
1.85067
1.87051
1.74025
1.8955
1.80542
1.8917
1.93509
1.74244
1.77535
1.72692
1.87316
1.85113
1.88259
1.89519
1.73696
1.88505
1.83628
1.87215
1.7406
1.75216
1.84684
1.70353
1.88131
1.86742
1.7891
1.70927
1.7481
1.87218
1.85396
1.89113
1.93446
1.8761
1.73984
1.99102
1.97418
1.88859
1.8389
1.88002
1.75333
1.87616
1.9605
1.85436
1.88447
1.86834
1.77027
1.83284
1.75086
1.96111
1.74891
1.77613
1.72961
1.88866
1.88354
1.84435
1.86546
1.71551
1.83411
1.94314
1.84641
1.89069
1.86846
1.92512
1.82173
1.82002
1.78602
1.95296
1.76186
1.74963
1.73063
1.90508
2.03626
1.77256
1.85127
1.74296
2.04471
1.86967
1.94133
2.0363
1.8722
1.71817
2.01181
1.761
1.8559
1.85002
1.97058
1.72924
1.93299
1.76068
1.77324
2.04664
1.80688
1.92407
2.0188
1.86537
1.73359
1.84011
1.86456
1.79663
1.97832
1.82656
1.7055
1.92947
1.85467
1.85705
1.75019
1.74765
1.9883
1.86917
1.7292
1.87321
1.87187
1.84628
1.83897
1.89729
1.88491
1.8779
1.8813
1.72516
1.84561
1.91084
1.76703
1.97053
1.73842
1.70984
1.74947
1.88066
1.82213
1.84625
1.72612
1.81488
1.8541
1.87513
1.74157
1.75356
1.82487
2.02407
1.70018
1.7444
1.85578
1.74334
1.85324
1.89156
1.78704
1.76202
1.8387
1.82695
1.73771
1.8768
1.71347
1.72411
1.70701
1.88148
1.8503
1.86646
1.84774
1.89926
2.03866
1.84335
1.79133
1.81951
1.77993
1.89828
1.70623
1.73471
1.74276
1.86107
1.84037
1.77363
1.72559
1.87153
1.77818
1.77324
1.74388
1.87121
1.83152
1.80808
1.71515
1.75108
1.9615
1.87573
1.92994
1.81497
1.90586
1.89808
1.73507
1.8175
1.85515
1.74255
1.75975
1.75001
1.86039
1.70319
1.74166
1.74495
1.78113
1.8498
1.83147
1.78563
1.83746
1.82959
1.70474
1.8316
1.89651
1.76826
1.77816
2.04613
1.8081
1.83966
1.72023
1.81961
1.70302
1.71827
1.8445
1.8767
1.96769
1.814
1.79255
1.97691
1.9421
1.90622
1.92531
1.8589
1.81065
1.79737
1.70528
1.92407
1.87508
2.025
1.73813
2.01343
1.81495
1.88597
1.98167
1.77506
1.76563
1.8275
1.72504
1.77043
1.74328
1.703
1.77055
1.81467
1.83105
1.89212
1.79804
1.96689
1.84381
1.99515
2.01741
1.73541
1.73507
1.72841
2.00167
1.8818
1.86534
1.86992
1.92974
1.8844
1.71649
1.76504
1.76546
2.00031
1.82729
1.92132
1.86457
1.98487
1.85413
1.80031
1.88066
1.79125
1.70016
1.89297
1.90378
1.89588
1.85718
1.76989
1.78379
1.8341
1.82734
2.00468
1.77153
1.75397
1.93503
1.92502
2.04154
1.76189
1.81893
1.83585
1.92229
1.97056
2.00132
1.81682
1.77956
1.80526
1.73536
1.75368
2.01364
1.84873
1.87664
1.72361
1.84711
1.73345
1.70385
1.72719
1.87714
1.77297
1.71197
1.82795
1.82833
1.8782
1.98406
1.95607
1.86963
1.71435
1.96748
1.77261
1.72379
1.80398
1.85598
1.72368
1.76146
1.70755
2.00463
1.96228
1.94312
1.87443
1.8839
1.79396
1.86064
1.78225
1.79786
1.70118
1.85094
1.90019
1.93438
1.86878
1.7375
1.79261
1.7097
1.70092
1.74386
1.98033
1.855
1.76198
1.81386
1.79936
1.77667
1.86998
2.00211
1.9355
1.92974
1.75815
2.01741
1.96158
1.95984
1.96389
1.95334
1.93409
1.81009
1.90351
1.73122
1.73783
1.913
1.75124
1.95046
1.86974
1.87082
2.00721
1.70439
1.84165
1.77548
1.86252
1.85596
1.8761
2.00797
1.9595
1.84982
1.91251
2.00811
1.84771
1.90033
1.7192
1.83946
1.98498
1.81485
1.85767
1.77741
1.84498
2.03344
1.78913
1.95972
1.96879
1.73518
1.77035
1.8131
1.70053
1.98194
1.94901
1.89837
1.82742
1.9313
1.99066
1.96043
1.85269
1.7412
1.71188
1.76873
1.99628
1.73531
1.83649
1.85484
1.92681
1.87577
1.7456
1.80329
1.82614
2.04921
1.79319
2.0005
1.86262
1.78597
1.85517
1.86336
1.94004
2.03066
1.89908
1.88778
1.9559
1.95413
1.85156
1.71653
1.9105
2.021
1.85203
1.82927
1.72869
1.73382
1.96091
1.75096
1.85122
1.8608
1.87214
1.79992
1.81292
1.71759
1.994
1.71773
1.94311
1.76209
1.8873
1.76275
1.93094
1.85595
1.92613
1.91855
1.94279
2.01682
1.77744
1.809
1.92517
1.87935
1.80798
1.94604
1.87754
1.87512
1.85578
1.72919
1.79777
1.70631
1.89358
1.83558
1.71111
1.831
1.8939
1.77931
1.83256
1.72602
1.81666
1.85306
1.84596
1.76139
1.70587
1.85887
1.86627
1.85532
1.90193
1.86803
1.73705
1.79769
1.7362
2.01017
1.77396
1.77441
1.78474
1.82707
1.8596
1.98637
1.85056
1.71853
1.73799
1.83054
1.92959
1.76047
1.85648
1.88352
1.9281
2.04047
1.77718
1.93045
1.74317
1.84641
1.75571
1.78461
1.85614
1.74436
1.78371
1.75471
1.87908
1.76877
1.80311
1.85832
1.81573
1.76437
1.86771
1.75365
1.85565
2.02622
1.89749
1.97683
1.71197
1.84138
1.84943
1.78447
1.86679
1.84678
1.79852
1.79369
1.81416
1.75963
1.95756
2.00171
1.71879
1.72514
1.86694
1.77993
1.92519
1.75463
1.7558
1.86031
1.79536
1.87686
1.73846
1.79161
1.8048
2.03599
1.93349
1.71729
1.87053
1.88483
1.85725
1.86748
1.82565
2.0442
1.76036
1.81746
1.86858
1.84766
1.76295
1.71547
1.70897
1.75972
1.94775
1.75638
1.76134
1.78948
1.90205
1.81782
1.95026
2.02194
1.86556
1.72279
1.92152
2.03265
1.95635
2.0063
1.82316
1.83283
1.74675
1.94937
1.93254
1.74737
1.92112
1.91961
1.78834
1.84772
1.74279
1.84601
1.77913
1.87234
1.88173
2.02442
1.92235
1.84323
1.87938
1.74451
1.78456
1.71218
1.83089
1.86371
1.88403
1.70705
1.82071
1.72904
1.76063
1.9733
2.04771
1.76385
1.89055
1.90632
2.03362
2.03565
1.82574
1.86269
1.70075
1.74405
1.86439
1.81363
1.76615
1.88131
1.96822
1.89643
1.76963
1.85585
1.71276
2.03349
1.829
1.84409
1.75957
1.85293
1.76648
1.85914
1.94103
1.87572
1.77988
1.86764
1.77497
1.97815
1.70027
2.00445
1.78992
1.94839
1.8856
1.87327
1.75938
1.96453
1.81256
1.72156
1.94132
1.99758
1.71772
1.956
1.89169
1.85312
1.89758
1.87462
1.9263
1.89534
1.83278
1.96931
1.71499
2.00998
1.77583
1.7553
1.82885
1.87352
1.81192
1.88764
1.80551
1.92557
1.90228
1.90416
1.98658
1.82873
1.70943
1.92024
1.86626
1.93791
1.98461
2.01118
1.87023
1.83779
1.83354
1.71829
1.94777
1.79021
1.70888
1.98945
1.87024
1.73956
1.85802
1.79946
1.86498
1.73752
1.86891
1.84217
1.86015
1.77955
1.77464
1.85796
1.70114
1.8373
1.85864
1.715
2.03134
2.0049
1.81211
1.8654
1.87407
1.88883
1.89728
2.04685
1.83347
1.78748
1.78586
2.00674
1.85961
1.84045
1.94702
1.87254
1.75776
1.90542
1.80749
1.87669
1.89379
1.76317
1.8187
1.82575
1.85799
2.03563
1.81341
1.74068
1.91883
1.7046
1.70836
1.75521
2.00851
1.83258
1.92468
1.89499
1.9681
2.03769
1.88823
1.9691
2.02479
1.97162
1.9734
1.78406
1.77802
1.84524
1.90513
1.70268
1.87468
1.92537
1.7594
2.0012
1.77941
1.76638
1.9287
1.98063
1.7386
1.83723
1.86729
1.71117
1.87338
1.92083
2.03274
1.76
1.90102
1.93415
1.91956
1.92881
1.8656
1.79472
1.87453
1.73298
1.8125
1.74626
1.76293
1.84653
1.7651
2.04395
1.7479
1.78762
1.71648
1.75566
1.74347
2.03419
1.77049
1.72498
1.73945
1.94995
1.93144
1.81445
1.71861
1.89068
1.90029
1.70119
1.84742
1.79404
1.89364
1.91639
1.87178
1.72196
1.84994
1.73685
1.74132
1.8701
1.71785
1.9055
1.84942
1.84761
1.83696
1.93153
1.92927
1.85563
1.98606
1.73683
1.81656
1.85806
1.77074
1.88211
1.87799
1.95458
1.72872
1.91864
1.83871
1.70218
1.70803
1.87819
1.75371
1.73812
1.90679
1.94434
1.88297
1.70742
1.93991
1.71594
1.80567
1.79506
1.70381
1.85025
1.88697
1.78476
1.86228
1.9256
1.97788
1.84114
1.88683
1.8387
1.90053
1.7875
1.77749
2.00577
1.9142
1.87145
1.90446
1.95836
1.87056
1.72568
1.87177
1.88768
1.92326
1.7243
1.99345
1.84757
1.76547
1.91197
1.96045
1.91235
1.75152
2.04916
1.87885
1.79592
1.72705
2.02296
1.92982
1.81869
1.85664
1.79243
1.78076
1.94921
1.75545
1.86969
1.87352
1.7454
1.78548
1.84574
1.90517
1.82485
1.79951
1.87929
1.97942
1.86571
1.82431
1.81362
1.8506
1.8557
1.99625
1.71658
1.7838
1.86246
1.94103
1.99485
1.83055
1.88275
1.71625
1.87103
1.77281
1.89204
1.88173
1.80414
1.74609
1.96091
1.95665
1.89386
1.94161
1.86884
1.79055
1.77276
1.88287
1.86371
1.82161
1.85009
1.74366
1.88584
1.76458
1.70464
2.01155
1.99634
1.82928
1.76494
1.72793
1.99506
1.73039
1.92562
1.90654
1.83644
1.70251
1.718
1.89795
1.84052
1.82449
1.75543
1.71624
1.78731
1.71462
1.72461
1.92359
1.8265
1.86004
1.94448
1.71885
1.75538
1.78388
1.84307
1.93453
1.71812
1.82728
2.01087
1.7743
1.7331
1.85656
1.71539
1.86349
2.01047
1.78088
1.7474
1.78393
1.79507
1.92656
1.95078
1.81489
1.70359
1.73899
1.77692
1.88463
1.86069
1.96298
1.95376
1.71346
1.84848
1.70885
1.81658
1.70079
1.84712
1.93439
1.79732
1.85912
1.78226
1.86895
2.02449
1.73089
1.87353
1.74107
1.85915
2.02529
1.77801
1.71386
1.77298
1.99995
1.89065
1.75347
1.85955
1.88692
1.71441
1.75526
1.75848
1.84536
1.71489
1.91307
1.94403
1.80562
1.91281
1.70309
1.91957
1.89952
1.73643
1.80172
1.70789
1.76064
1.86185
2.01677
1.74905
1.92549
1.71028
1.86721
2.00435
1.99455
1.81955
1.85874
1.86272
1.94186
1.86944
1.76364
1.85907
1.86537
1.74165
1.78096
1.87693
2.04011
1.85241
1.82514
1.85634
1.87506
1.85969
1.89003
1.80805
1.96714
1.77795
1.80525
1.93943
1.83557
1.84937
1.86673
1.75617
1.97705
1.88093
1.93716
1.97756
1.71386
1.79067
1.73078
1.72801
1.96042
1.72779
1.9006
1.89713
1.74272
1.89975
1.85004
1.77068
1.96559
2.0079
1.71494
1.98391
1.73115
1.95296
2.00621
1.86316
1.91145
1.88216
1.73573
1.75844
1.70629
1.80062
1.70338
1.94435
1.73821
1.85845
1.82345
1.72164
1.85836
1.99796
1.94675
1.70429
1.73105
1.73785
1.83977
1.90422
1.88262
1.9554
1.96333
1.74572
1.81257
1.78901
1.87427
1.72812
1.78953
1.95819
1.85615
1.82288
1.82207
1.85986
1.70068
1.7463
1.87883
1.7707
1.74076
1.85723
1.71423
1.96811
1.83572
1.97462
1.86325
1.78239
1.91668
1.88431
1.98264
2.00684
1.97109
1.77667
1.89937
1.82953
1.80305
1.87972
1.91389
1.71484
1.90295
1.76943
2.01198
1.73195
1.85205
1.95422
1.87922
1.74388
1.87298
1.90999
1.98047
2.00631
1.86727
2.02639
1.79858
1.96134
1.9421
1.75301
1.84774
1.73196
1.99567
1.76287
1.81305
1.72445
1.95368
1.97395
1.75861
1.70467
1.71258
1.9635
1.82217
1.86048
1.73581
1.98421
1.71231
1.94954
1.72762
1.76596
1.84349
1.96355
1.72034
1.78089
1.75904
1.71188
1.92906
2.02713
1.95499
1.75809
1.87117
1.9053
1.97019
1.83251
1.79878
1.83936
1.90091
1.80321
1.96575
1.80751
2.03719
1.88335
1.86621
1.96084
1.8909
2.00038
1.71204
1.95862
1.98691
1.98139
1.8674
1.71034
1.75559
1.99778
1.85128
1.91171
1.78452
1.79411
1.75218
1.77442
1.78467
1.76266
1.88814
1.74096
1.87137
1.99189
1.84446
1.71925
1.74197
1.80473
2.01049
1.84813
1.7384
1.82902
1.86908
1.88493
1.70959
2.00233
1.82066
1.74857
1.72011
1.85744
1.9492
1.82016
2.02639
1.77525
1.83662
1.81669
1.99639
1.86859
1.73003
1.96056
1.73754
1.79969
1.84428
1.70555
1.7825
1.75568
1.78292
1.86347
1.77518
1.90606
1.93752
1.87981
1.94991
1.83029
1.94069
1.8719
1.73026
1.72607
1.93194
1.84384
1.91601
1.79705
1.7039
1.70203
1.80488
1.8508
1.73293
1.81241
1.89488
1.80657
1.78559
1.89623
1.87363
1.70803
2.04543
1.881
1.75622
1.79861
1.87371
2.03027
1.91535
1.74501
1.80067
1.83745
1.84431
1.82594
1.95384
1.87506
2.04012
1.97719
1.86948
1.77209
1.73029
1.89332
1.9533
2.02012
1.80768
1.84841
1.80232
1.80079
1.79369
1.80044
1.90208
1.9566
1.90248
1.78067
2.04571
2.04158
1.85164
1.99428
1.7288
1.98522
2.00788
1.73173
1.84467
1.77449
1.72325
1.89653
1.73414
1.82478
1.85573
1.87226
1.86814
1.74767
1.70314
1.82888
1.70067
1.93361
1.90944
1.87271
1.70136
1.83421
1.75444
1.96007
1.85142
1.74717
1.74792
1.85886
1.81167
1.9013
1.71706
1.7563
1.72378
1.87769
1.74949
1.8758
1.86541
1.90745
1.82486
1.84703
1.72715
1.86565
1.73981
2.01915
2.01093
1.70609
1.87082
1.89824
1.9639
1.9207
1.75145
1.86386
1.94233
1.8796
1.71413
1.99552
1.80562
1.9241
1.83338
2.01872
1.96584
1.76402
1.71761
1.74566
1.86641
1.71258
1.76024
1.91959
1.74508
2.0302
1.77035
2.01618
1.71893
1.79225
1.86968
1.86939
1.86408
1.88044
1.75886
1.85399
1.71943
1.80322
1.89864
1.75332
1.76854
1.89508
1.91969
1.76438
1.70034
1.95577
1.81072
1.8799
1.8785
1.87235
1.79238
1.88271
1.85237
1.99878
1.92078
1.79264
1.81341
1.74825
1.7782
1.76944
1.72261
1.76856
1.7416
1.76059
1.71991
1.97387
1.95502
1.8804
1.99896
1.93875
1.7367
1.87054
1.83806
1.74791
1.81187
1.71627
1.772
2.01191
1.80238
1.70902
1.87049
1.88765
1.91272
1.85624
1.79861
1.75127
1.85174
1.70435
1.8781
1.80693
1.93133
1.86396
1.7741
1.85773
1.93241
1.71111
1.75525
1.72076
1.72623
1.77369
1.74127
1.745
1.7451
1.99597
2.01112
1.80625
1.97902
1.99845
1.83982
1.86402
1.83112
1.90819
1.79979
1.82785
1.93943
1.9011
1.79485
1.70091
1.93677
1.74304
1.77888
1.92908
1.82591
1.92787
1.77237
1.98386
1.80225
1.85101
1.70179
1.71752
1.89082
1.71276
1.94446
2.04601
2.02036
1.71177
1.71257
1.8662
1.87876
1.8525
2.03802
1.93163
1.94535
1.74292
1.70019
1.86712
1.97581
1.84509
1.96993
1.71291
1.99085
1.84111
1.72286
2.04175
1.78775
1.92387
1.9423
1.78598
1.8613
1.76555
1.868
1.83746
1.87252
1.84485
1.70654
1.86071
1.85915
1.73252
1.81183
1.76583
1.80973
1.90834
1.82279
1.95735
1.87867
1.7441
2.03203
1.99652
2.01395
2.0308
1.70094
1.88841
1.79676
1.73993
1.76312
1.84528
1.87598
1.85237
1.84503
1.92693
1.86907
1.72963
1.8109
1.97017
1.79139
1.7929
1.92898
1.84987
1.73795
1.90723
1.85261
1.84803
1.74539
1.93902
2.01216
1.73832
1.87365
1.81676
1.71756
1.93492
1.78247
1.74743
1.94162
1.87205
1.85115
2.03889
1.71714
1.75066
1.7286
2.03002
1.8765
1.82297
1.99574
1.87227
1.97356
1.89964
1.75317
1.79078
1.90695
1.91185
1.71656
1.78118
1.94186
1.92696
1.79042
2.0179
1.71204
1.87916
1.72315
1.83589
1.90597
1.95796
1.72041
1.82394
1.80752
1.821
1.87558
1.94717
1.71837
1.78746
1.71622
1.93578
1.95921
1.73526
1.98509
1.9081
1.87179
1.76739
1.94884
1.74158
1.70719
1.89608
1.84077
1.84302
1.91978
1.99726
1.7334
1.75632
1.76869
1.83569
1.80943
1.72703
1.73835
1.91796
1.84611
1.70905
2.03194
1.74197
1.73145
1.75278
1.87986
1.89512
1.71506
1.99265
1.88565
1.92509
1.7086
1.75215
2.00879
1.74192
1.75507
1.86991
1.87262
1.72877
1.95511
1.74565
1.75496
1.82578
1.70074
1.87247
1.88073
1.74922
1.93454
1.84325
1.85095
1.79762
1.78168
1.78412
1.88167
2.04803
1.92741
1.77087
1.99929
1.77765
2.00206
1.90898
1.93522
1.78274
1.70503
1.84712
1.84989
1.88888
1.8672
1.80043
1.78049
1.80521
1.92437
1.85225
1.85863
1.79227
1.86176
2.01474
1.78686
1.75757
1.7586
1.7181
1.78226
1.88995
1.94466
1.81398
1.9166
1.84004
1.85021
1.8676
1.73604
1.7613
1.82645
1.8951
1.89097
1.83826
1.79979
1.99855
1.7544
1.72119
1.72017
1.82291
2.01693
1.9673
1.85983
1.78656
1.93617
1.85776
1.75668
1.88709
2.01285
2.00419
1.83786
1.86566
1.84773
1.88295
1.78258
1.75904
1.78129
1.73634
1.70089
1.70889
1.87091
1.82188
1.85022
1.73462
2.02687
1.78771
2.0186
1.81402
1.77266
1.8754
1.8604
1.7369
1.79363
1.88545
1.90843
1.70185
1.89438
1.77215
1.81984
1.77135
1.74509
1.75326
1.85935
1.74099
1.82575
1.70908
1.95803
1.84536
1.74219
1.74272
1.80542
1.70632
1.86547
1.88
1.81897
1.71884
1.70614
1.70472
1.72513
1.85263
2.00224
1.85742
1.84221
1.9838
1.71135
1.79748
1.81206
1.7836
1.7497
1.76684
1.76109
1.8757
2.00862
1.81053
1.93206
1.73176
1.93931
1.78507
1.98992
1.76304
1.8232
1.89899
1.85243
1.70431
1.8453
1.86471
1.88506
1.9584
2.02717
1.71066
1.81158
1.75931
1.7595
1.80838
1.98828
1.86768
1.94402
1.72147
1.77652
1.71212
1.76807
1.75399
1.86032
1.79752
1.81572
1.93378
1.87809
1.86449
1.90518
1.88266
1.94871
2.01521
1.70494
1.85827
1.89911
1.94048
1.71463
1.89621
1.80125
1.80003
1.86571
1.83802
1.86762
1.74937
1.9355
1.87917
1.83477
1.94429
1.94177
1.79041
1.73682
1.74636
1.94038
1.85188
1.72645
2.0438
1.88745
1.72476
1.96969
1.91859
1.86013
1.72023
1.73585
1.76744
1.99019
1.93786
1.73828
1.72635
1.73227
1.70872
1.77494
1.7181
1.96875
1.74236
1.87103
1.72659
1.87212
2.04569
1.7948
1.80335
1.70867
1.87585
1.85922
1.88885
1.87238
1.96099
1.70295
1.88435
1.8881
1.86467
1.73022
2.0029
1.71357
1.71203
1.89669
1.78513
1.78975
1.75058
1.86392
1.9382
1.7846
1.86557
2.03361
1.71846
1.71689
1.81176
1.7641
1.96302
1.85819
1.82456
1.8886
1.79526
1.89701
1.94651
1.85261
1.83371
1.85084
1.72654
1.71314
2.00059
1.84469
2.03192
1.76083
1.85329
1.73095
1.72259
1.74675
1.81364
1.87366
1.77969
1.76072
1.83916
1.93814
1.77639
1.97798
2.03749
1.87051
1.77209
1.7943
1.73407
1.95487
1.83896
1.81059
1.89046
2.02705
1.75787
1.88378
1.79479
1.82007
1.80094
1.77641
1.99612
1.74091
1.80375
1.99947
1.88882
1.83846
1.72885
1.87521
1.7445
1.89037
1.74753
1.89916
1.77564
1.82225
1.8502
1.80147
1.81128
1.7443
1.83425
1.7958
1.92826
1.85396
1.97341
1.99164
1.77978
1.90365
1.98662
1.70317
1.85477
1.85438
1.89608
1.89318
1.70515
1.77992
2.00824
1.80388
1.87243
1.98081
1.83108
1.76197
1.99065
1.75206
1.95627
1.82922
1.7097
1.71582
1.71714
1.86168
1.91713
1.93683
1.91003
1.85991
1.87857
1.90426
1.70109
1.89677
2.00966
1.85669
1.8204
1.85331
1.83334
1.88407
1.80116
1.93204
1.85088
1.99865
1.71438
1.83307
1.85418
1.78349
1.80431
2.0026
1.73408
1.91306
1.70891
1.84294
1.79841
1.77668
1.96389
1.82355
1.72469
2.00864
2.03455
1.76478
1.77013
1.92594
1.76339
1.97996
1.96329
1.77732
1.78395
1.86887
1.87822
1.98066
1.87631
2.0087
1.89424
1.71261
1.75153
1.81937
1.82665
1.96759
1.74281
2.04128
1.77447
1.82443
1.98039
1.8968
1.76873
1.96363
1.71631
1.83908
1.85997
1.87297
1.75227
2.03395
1.8781
1.80459
1.81829
1.70673
1.72281
1.81447
1.75497
1.79765
1.85945
2.02099
1.79553
1.80865
1.71352
1.71052
1.79611
2.04101
1.84438
1.97971
1.875
1.8184
1.96617
1.87508
1.80067
1.89404
1.86152
1.8724
2.0263
1.89995
1.94045
1.81299
1.90401
1.70578
1.86145
2.01342
1.79231
1.72391
1.78825
1.83711
1.85803
1.83241
1.81327
1.88389
1.86212
1.85732
1.81868
1.94951
1.85491
1.73653
1.78137
1.92325
1.74808
1.80791
1.89029
1.82669
1.85244
1.74086
1.70029
1.8782
1.81284
1.87171
1.8567
1.77952
1.99632
1.77736
1.73686
1.71606
1.88408
1.76864
1.86961
2.00914
1.73674
1.86909
1.90586
1.724
1.76918
1.71278
1.732
1.8435
1.77339
1.95072
1.72638
1.87576
1.73944
1.81466
1.90191
1.88239
1.70814
2.00478
1.87488
1.87668
1.84241
1.95433
1.87681
1.76325
1.9395
2.0413
1.71425
1.96855
1.88351
1.76197
1.92763
1.83946
1.91668
1.88569
1.71593
1.78456
1.85277
1.78459
1.83913
1.90239
1.88177
1.78116
1.85745
1.86896
1.9404
1.72109
1.76851
2.03366
1.77805
1.89948
1.70489
1.71886
1.90725
1.95769
1.98855
1.87393
1.9582
1.87715
1.85567
1.86692
1.75278
1.93849
1.86869
1.86767
1.99274
2.00055
1.73127
1.8133
2.00533
1.8773
1.93428
1.98361
1.73405
1.70293
1.83159
1.88141
1.81741
1.86863
1.81206
1.7613
1.83032
1.89166
1.88966
1.86895
1.78712
1.84164
1.84223
1.71832
1.79533
1.74336
1.86063
1.751
1.73323
1.79624
1.98082
1.82481
1.7787
1.73559
1.99056
1.71494
1.73375
1.90659
1.88533
1.88054
1.7198
1.78712
1.87562
1.86102
1.84776
1.81669
1.70005
1.87394
1.81545
1.86067
1.88535
1.82398
1.73933
1.98635
1.81001
1.86185
1.71303
1.72453
1.89792
1.81493
1.98562
1.99259
1.73486
1.71773
1.94666
1.88761
1.8867
1.71052
1.77985
1.84072
1.87706
1.90122
1.85157
1.90947
1.91127
1.91873
1.74691
1.84075
1.87091
1.87735
1.83642
1.85272
2.04993
1.8524
1.85067
1.75257
2.03854
1.99232
1.79324
1.80294
1.83241
1.98496
1.84899
1.77187
1.71625
2.03925
1.85539
1.93183
1.79723
1.89509
1.7052
1.92535
1.77195
1.72768
1.81478
1.77603
1.90541
1.94725
1.84937
1.87961
1.8657
1.84026
1.7565
1.92825
1.81537
1.87708
1.9735
2.00812
1.82426
1.77047
1.89877
1.87019
1.85192
1.88781
1.9257
1.91648
1.77729
1.82985
1.71167
1.90556
1.94859
1.95953
2.03835
1.72502
1.8591
1.98096
1.78835
1.77236
1.93446
1.91614
1.75576
1.9468
1.84309
1.76168
1.94112
1.77345
1.7031
1.87725
1.86539
1.96308
1.80768
1.82366
2.01617
2.03845
1.70491
1.76604
1.77165
1.87338
1.86461
1.85443
1.86897
1.73393
1.72672
1.73334
1.96429
1.86467
1.73153
1.7112
1.73351
1.77501
1.70809
1.88374
1.70749
1.83785
1.70751
1.86397
1.86965
1.8074
1.86676
1.89019
1.90076
1.9475
1.95667
1.85532
1.73594
1.80275
1.88502
1.84282
1.70875
1.78363
1.85102
1.86721
1.78716
1.86509
1.84306
1.99784
1.75848
1.7469
1.87755
1.98603
1.98046
1.72222
1.97127
1.83428
1.71219
1.87851
1.79661
1.84442
1.85955
1.94443
1.70169
1.81442
1.78996
1.83447
1.88754
1.85316
1.85001
1.70932
1.90157
1.8498
1.86647
1.96762
1.88031
1.75859
1.86892
1.77543
1.74187
1.98394
1.95555
1.82726
1.70531
1.86138
1.88763
1.70903
1.70031
1.84895
1.79723
1.98569
1.74979
1.72025
1.8227
1.81488
2.03449
1.90473
1.71998
1.75012
1.70716
1.79102
1.85693
1.87378
1.70177
1.85954
1.87437
1.73123
1.94107
1.81374
1.96618
2.03232
1.91355
1.86248
1.93303
1.89576
1.84147
1.83965
1.93786
1.82967
1.75195
1.87651
1.80767
1.83402
1.90976
1.89571
1.70781
1.75076
1.87675
1.71688
2.03757
1.81228
1.71345
1.84272
1.88839
1.86269
1.87902
1.71661
1.76356
1.90531
1.7413
1.95392
1.97008
1.92404
1.88044
1.80126
1.97901
1.73393
1.92021
1.77874
1.74318
1.78402
1.70349
1.84593
1.84775
1.90267
1.8404
1.7738
1.8765
1.74924
2.00935
1.83469
1.87002
1.73985
1.93036
1.85879
1.98943
1.91125
1.99017
1.99432
1.85215
1.87093
1.86079
1.80118
1.94942
1.82815
2.02399
1.75297
1.76769
1.81859
2.0038
1.90354
1.78221
1.88204
1.79771
1.88861
1.91333
1.81419
1.75744
1.70633
1.83955
1.90506
1.80527
1.9546
1.88568
1.75045
1.85744
1.73128
1.76164
1.80205
1.86187
1.8566
1.85475
1.75901
1.76149
1.78169
1.71151
1.98986
1.88432
1.99093
1.705
1.87253
1.82539
2.03834
1.86801
1.96106
1.73755
1.75947
1.86369
1.97845
1.86336
1.7132
1.73461
1.85559
1.72477
2.01007
1.76268
1.82939
1.82328
1.88495
1.79017
1.7532
1.97515
1.75817
1.79258
1.91665
1.86293
1.85116
1.88078
1.84264
1.76785
1.77295
1.8396
1.85515
1.88766
1.72308
2.02772
1.80957
1.89903
1.85496
1.85215
1.81631
1.86911
1.86593
1.79336
1.88497
2.00336
1.86848
1.85179
1.74091
1.85686
1.98474
1.93178
1.87327
1.7766
1.77021
1.75205
1.90002
2.01067
1.81597
1.96472
1.77547
2.00865
1.84815
2.01672
1.87534
1.71582
1.73955
1.97223
1.78548
1.97225
1.82645
1.95527
1.98653
1.7191
1.79154
1.72848
1.8896
1.8798
1.77686
1.72217
1.74041
1.91982
1.81773
1.97064
1.8295
1.71443
1.77585
1.73553
1.85116
1.72586
1.87978
1.95906
1.85417
1.87058
1.71518
1.85516
1.99737
1.74528
1.84051
1.85121
1.7132
1.91608
1.84704
1.886
1.70728
1.91398
1.86435
1.70106
1.77077
1.86155
1.71806
1.85489
1.85457
2.02038
1.70328
1.9532
1.83971
2.0476
1.81828
1.86766
1.79048
1.86052
1.73639
1.73005
1.98082
1.82673
1.73071
1.81889
1.92747
1.85688
1.74362
1.8699
1.97703
1.84665
1.7717
1.74332
1.75142
1.72629
1.75672
1.88041
1.94766
1.95055
1.86305
1.7405
1.84502
1.81933
1.86844
1.77734
1.72889
1.9618
1.93942
1.95658
2.03619
1.86466
1.78047
1.92219
1.92027
1.97228
1.75938
1.85869
1.85077
1.81499
1.98271
1.86087
1.89957
1.84077
1.84968
1.81862
1.91714
1.95266
1.9879
1.71777
1.72661
1.87734
1.75632
1.88299
1.74256
1.86969
1.80721
2.02782
1.74068
1.83254
1.71199
1.78123
1.81007
1.72009
1.87427
1.95156
1.72605
1.71263
1.84633
1.81562
1.93399
1.95462
1.70699
1.79811
1.76929
1.90873
1.8832
1.86657
1.8802
1.72033
1.89626
1.98474
1.80888
1.71184
1.91918
1.92346
1.8793
1.75108
1.80529
1.8541
1.84927
1.74251
1.91256
1.99233
1.75718
1.80231
2.0045
1.70648
1.73066
1.94766
1.70546
1.75114
1.9694
1.70262
1.82349
1.74568
1.81577
1.74946
1.7086
1.95304
1.97558
2.00516
1.79207
1.70406
1.78745
1.76791
1.94499
1.72825
1.76329
1.70797
1.90443
1.85666
1.70195
1.97273
1.86745
1.81449
2.02991
1.95066
1.72869
1.71894
1.91219
1.90631
1.81634
1.76986
1.87635
1.70011
1.83654
1.72431
1.86306
1.70728
1.86306
1.86354
1.98274
1.99824
2.02981
1.93621
1.99768
1.89429
1.88245
1.8005
1.71963
1.73716
1.96943
1.7491
1.81938
1.87698
1.98573
1.85286
2.0346
1.86063
1.83758
1.78655
1.72413
1.86221
1.75242
1.79089
1.83135
1.84029
1.99069
1.85649
1.80274
1.92108
2.04391
1.84963
1.73879
1.9293
1.99174
1.77023
1.87684
1.85353
1.77584
1.84103
1.97608
1.77616
1.72728
1.86633
1.77666
1.83484
1.895
1.71338
2.04758
2.02417
1.85798
1.90948
1.92551
1.88608
1.8097
1.72371
1.83779
1.89794
1.93407
1.83205
2.02666
1.81894
1.83346
1.77425
1.70609
1.98877
1.73058
1.88188
1.7792
1.86467
1.91876
1.85533
1.72546
1.9333
1.86458
1.82796
1.87232
1.88029
1.77327
1.71386
1.77684
1.72098
1.82694
1.87233
1.74863
1.71076
1.98491
1.70348
1.70269
1.82387
1.85285
1.70598
2.02477
1.77008
1.83904
1.74899
1.98223
1.79077
2.00974
1.80814
1.74812
1.72711
1.71858
1.77964
1.97658
1.76484
1.85759
1.74507
1.72496
1.85052
2.04978
2.01664
1.85192
1.82992
1.71767
1.89391
1.85908
2.00711
1.79185
1.77048
2.04269
1.86319
1.86881
2.01646
1.73696
1.87471
1.87227
1.7447
1.79667
1.97951
1.7335
1.79064
2.042
1.86698
1.79299
1.98176
1.78622
1.76868
2.04558
1.86116
1.79455
1.73487
1.89336
1.86208
1.7985
1.77235
1.87449
1.89739
1.84126
1.73505
2.00953
1.85094
1.8877
1.84378
1.77318
1.77208
1.85088
1.71207
1.74166
1.99928
1.82763
1.73794
1.73869
1.91673
1.80422
1.8575
1.85124
1.94522
1.86185
1.94683
1.77304
1.90026
1.83243
1.80677
1.86649
1.78742
2.0019
1.8638
1.87755
1.80916
1.79677
1.82406
1.74298
1.87809
1.71
1.71529
1.99608
2.01047
1.80837
1.79034
1.79334
1.85257
1.8571
1.86672
1.7932
1.79599
1.8338
1.88169
2.02347
1.87816
1.83702
1.86319
1.87168
2.00588
1.72331
1.78332
1.7572
1.82406
1.75836
1.787
1.78032
1.99408
1.76833
1.7725
1.83934
1.84236
2.00863
1.89067
1.73824
1.82362
1.88246
1.83133
1.88506
1.81569
1.74957
1.89877
1.84723
1.74051
1.795
1.7433
1.84569
1.91085
2.04647
2.04524
1.8851
1.79873
1.76572
1.83637
1.81743
1.84415
1.99918
1.79282
1.76367
1.71313
1.70014
1.78108
1.70172
1.78469
1.87513
1.71881
1.87664
1.88169
1.78145
1.78263
1.73866
1.87493
1.84362
1.81701
1.80018
1.85031
1.85985
1.90623
1.71276
1.97209
1.81937
1.82323
1.88831
2.00686
1.86373
1.75362
1.86511
1.75085
1.757
1.78221
1.91136
1.97575
1.95777
1.79614
1.80403
1.80485
1.8806
1.86589
1.86417
1.7053
1.70816
1.88829
1.73539
1.71498
1.91273
1.92448
1.99805
1.76275
2.01838
1.95357
1.9103
1.99791
1.72695
1.71661
1.88989
1.74792
1.87936
1.73143
1.76924
1.82354
1.85903
1.70532
1.71821
1.86247
1.73231
1.98646
1.85818
1.75301
1.8266
1.99942
1.74654
1.70307
1.8422
1.78578
1.92087
1.75787
1.77371
1.88776
1.73625
1.93278
1.92028
1.90328
1.83999
1.86687
1.98495
1.84685
1.74589
1.90437
1.74943
1.85916
1.71086
1.87554
1.92265
1.70207
1.85749
1.79337
1.88215
2.04167
1.89325
1.9596
1.70306
1.89144
1.71862
1.86274
1.86447
1.76784
1.80203
1.9696
1.81603
1.86103
1.81779
1.9884
1.84595
1.78509
1.91447
1.71807
1.77459
1.8964
1.76262
1.84293
1.74521
1.97238
1.72705
1.72429
1.74268
1.73026
1.85321
1.78195
1.74885
1.73639
1.74617
1.74998
1.89857
2.01331
1.93101
1.86731
1.84958
1.84753
1.7516
1.93736
1.81124
1.72255
1.76225
2.01759
1.82553
1.72284
1.84516
2.00826
1.87163
1.79447
2.00602
1.86508
1.72889
1.89593
1.75141
1.95101
1.89455
1.96733
1.995
1.73798
1.83255
1.70752
1.85207
1.85637
1.995
1.87707
2.03938
1.93776
1.71333
1.96712
1.86663
1.73723
1.86575
1.79861
1.92653
1.71503
1.71381
1.88954
1.81063
1.8657
2.0331
1.97149
1.86063
1.9538
2.01583
1.71354
1.89309
1.78614
1.95807
1.71754
1.77206
1.8674
1.70855
1.87228
1.91353
1.85978
1.99303
1.92751
1.87202
1.92175
1.77342
2.04202
1.7955
1.81087
1.92349
1.95296
1.76899
1.79887
1.70928
1.78475
1.71523
1.80399
1.75969
1.71571
1.89607
1.74883
1.78925
1.77829
1.87848
1.8959
1.90251
1.7767
2.048
1.79056
1.79594
1.84974
1.8382
1.85003
1.83297
1.96804
1.90831
1.7359
2.02401
1.7823
1.85497
1.84399
2.04153
1.78413
1.70231
1.85366
1.85932
1.92079
1.98607
1.99672
1.85534
1.86693
1.88651
1.70612
1.87907
1.72985
1.86873
1.89897
1.80243
1.93867
1.88598
1.94197
1.74408
1.71499
2.02654
1.7321
2.01099
1.87641
1.77191
1.7413
1.75952
1.70512
1.79879
1.80751
1.72671
1.7807
1.91914
1.84619
1.76239
1.76036
1.74984
1.89514
1.98934
1.94063
2.02673
1.88186
1.87021
1.99559
1.8242
2.00702
1.79718
1.86182
1.82028
1.98561
1.79163
1.97206
1.82716
1.98576
2.02155
1.84288
1.74724
1.72573
1.75637
1.7183
1.75314
1.7351
1.7469
1.75545
1.87728
1.7571
1.84491
1.85695
1.77116
1.84701
1.83057
1.99518
1.91391
1.80745
1.95321
1.9483
2.04765
1.86765
1.80964
2.00795
1.85258
1.70534
1.83794
1.77052
1.73149
1.86696
1.95979
1.8528
1.87288
1.75823
1.71964
1.79108
1.90375
1.86709
1.89736
1.93887
1.84912
1.73657
1.83532
1.91289
1.91266
1.72584
1.95243
1.73896
1.80463
1.85518
1.73054
1.84025
1.7982
1.76767
1.93885
1.99629
1.93507
1.92731
1.8488
1.96967
1.73457
1.81568
1.84983
1.73789
1.88676
1.92261
1.80003
1.78699
1.85433
2.00799
2.0316
1.72077
1.92943
1.97292
1.8673
1.86211
1.8337
1.71213
1.70603
1.75183
1.96784
1.88266
1.83613
2.03445
1.87117
1.81697
1.7996
1.79428
1.81499
1.78968
1.74477
1.8503
1.99093
2.00878
1.93019
1.72498
1.86931
1.84993
1.75198
1.76785
1.94274
1.98854
1.71032
1.71461
1.82582
1.84898
1.89317
2.0303
1.72039
1.94516
2.00469
1.74463
1.95402
1.74452
1.86171
1.82458
1.73021
2.01025
1.77329
1.954
1.75479
1.77139
1.85951
1.94682
1.76225
1.76186
1.84052
1.83928
1.96097
1.86834
1.98918
1.88434
1.99265
1.77636
1.84865
1.99615
1.78698
2.00487
1.972
1.72036
1.70472
1.9928
1.80823
1.72015
1.70254
1.88107
1.73154
1.80315
1.79591
1.86211
1.85282
1.73866
1.82519
1.74031
1.9578
1.73447
1.81768
1.76227
1.78034
1.83632
1.80983
1.82931
1.87426
1.84273
2.04749
1.83778
1.99716
1.74648
1.91056
2.03825
1.72606
1.73658
1.80375
1.70899
1.7211
1.71527
1.87744
1.84454
1.70821
2.02571
1.79137
1.71337
1.90159
1.76948
1.78064
1.71162
1.74903
2.04626
1.71992
1.97298
1.79649
1.98746
1.83597
1.79783
1.87813
1.85494
2.03847
1.80491
1.86723
1.82576
1.80811
1.80001
1.70719
1.80402
1.99778
1.79573
1.9232
1.87834
1.82832
1.89059
1.79278
1.74182
1.79587
1.90896
2.04685
1.86131
1.86003
1.88775
1.85438
1.71294
1.86779
1.79884
1.92533
1.72446
2.01508
1.78496
1.83364
1.92325
1.71563
2.01998
1.71346
1.71222
1.82939
1.73229
1.79532
1.75655
1.78802
1.83251
1.92773
2.00105
1.8224
1.84678
1.8377
1.70929
1.927
1.80863
1.85236
1.7719
1.86158
1.95837
1.86036
1.70122
1.82254
1.88827
1.75575
1.84952
1.7834
1.76289
1.71032
1.86949
1.88835
1.88748
1.79242
1.90356
1.78257
1.80944
1.74716
1.86082
1.73674
1.83136
1.76942
1.93607
1.71148
1.80278
1.77678
1.77294
1.85285
2.01063
1.8449
1.9273
1.72204
1.84137
1.9508
1.70285
1.93907
1.73898
1.8448
1.78603
1.81832
1.7161
1.89958
1.99473
1.74646
1.94293
1.76984
1.77138
1.80303
1.74524
1.87266
1.84732
1.85817
1.92127
1.91716
1.80843
1.70104
1.92065
1.71057
1.80178
1.88509
1.77701
1.77696
1.94756
1.7623
1.8643
1.74378
1.83218
1.70505
1.86895
1.80829
2.00027
1.71809
1.9394
1.78742
1.86489
1.88052
1.74247
1.8391
1.86002
1.76405
1.95754
1.74827
1.93428
1.73957
1.98171
2.00525
1.82481
1.96803
1.99676
1.96505
1.75859
1.98915
1.86303
1.91738
1.71868
1.71426
1.98132
1.85392
1.74975
1.87257
1.71541
1.907
1.80198
1.9001
1.77415
1.82019
1.93269
1.72637
1.77406
1.87572
2.04322
1.72711
1.7859
1.7703
1.86624
2.01929
2.02758
1.86169
1.76303
1.94734
1.76611
1.74337
1.86795
1.91449
1.83581
1.73551
1.929
1.88639
1.76396
1.882
1.78576
1.84887
1.73519
1.9225
1.89278
1.97947
1.77353
1.73711
1.85057
2.04917
1.81784
1.76525
1.92457
1.99448
1.88207
1.89662
1.73498
1.8625
1.81255
1.8896
1.79147
1.75024
1.72656
1.85546
1.87325
1.84436
1.96564
1.99373
1.73976
1.83236
1.80069
1.77795
1.73233
1.76741
1.87943
1.76593
1.78137
1.73584
1.86352
1.70788
1.75674
1.88064
1.87364
1.86141
1.88284
2.03669
1.73037
1.83802
1.82688
1.8455
1.82769
2.01334
1.94472
1.91819
1.71473
1.7225
1.82716
1.77928
1.74185
1.90656
1.87144
1.74231
1.77599
1.96496
1.79543
1.80513
1.99963
1.84711
1.87925
1.76024
1.85613
1.76017
1.72909
2.02457
1.93278
1.87834
1.87121
1.78302
2.01867
1.95977
1.7499
1.71593
1.75715
1.97746
1.88385
1.88332
1.85577
1.71727
1.7093
1.9457
1.77073
1.7781
1.88966
1.78604
1.80991
1.98019
1.83556
1.92101
1.89934
1.86468
1.83313
1.83288
2.0405
2.02149
1.71756
1.99229
1.83015
1.92686
1.72322
1.86546
1.7371
1.97332
1.7175
1.71966
1.75038
1.81752
1.86445
1.71063
1.76791
1.96966
1.88446
1.77434
1.84574
1.89831
1.81413
1.8515
1.74511
1.83046
1.8665
1.90733
1.70732
1.84875
1.86795
2.04763
1.81216
1.78959
1.86842
1.87623
1.83892
2.04951
1.75551
2.02263
1.84204
1.7302
1.80859
1.71846
1.79475
1.92683
1.86663
1.95919
1.94901
1.79202
1.8461
1.85041
1.94794
1.8472
1.99383
1.75565
1.85793
1.86405
1.85623
1.75382
1.99762
1.8572
1.71007
1.78752
1.90346
1.78627
1.70641
1.85351
1.76838
1.82217
1.87819
1.90001
1.92265
1.84057
1.90878
1.73817
2.04185
1.97285
1.80532
1.87124
1.96088
1.89416
1.88934
1.93307
1.71893
1.97358
1.71479
1.89182
1.84637
1.86269
1.71864
1.82526
2.03554
1.84889
1.87766
1.74865
1.71102
1.94006
1.92619
1.70769
1.84406
1.75451
1.79792
1.89876
1.87605
1.70034
1.83604
1.78977
1.99256
1.83506
1.785
1.84907
1.91534
1.84839
1.79131
1.71364
1.88911
1.70872
1.8735
1.90461
1.84647
1.81309
1.85626
1.7849
1.88175
1.87138
1.71602
1.75868
1.99631
1.79948
1.92194
1.75258
1.85404
1.8417
1.91222
1.84354
1.76272
1.70962
1.82939
1.98978
1.87989
1.76636
1.87814
1.86524
1.87895
1.78857
1.83263
1.87515
1.9773
1.84019
1.78747
1.70512
1.84937
1.77323
1.89677
1.91802
1.73552
2.00865
1.71894
2.01712
1.7907
1.88341
1.99819
1.73719
1.80911
1.99008
1.84388
1.74419
2.01997
1.92234
1.96411
1.92311
1.83366
1.95034
1.97123
1.82655
1.70733
1.83049
1.80291
1.77247
2.0494
1.84954
1.71204
1.9664
1.73798
1.87196
1.75525
1.82861
1.94062
1.82878
1.85018
1.81137
1.70737
1.78007
2.02038
1.75092
1.98285
1.9633
1.8683
1.75688
2.01403
1.79514
1.94155
2.03592
1.81347
2.04435
1.80936
1.85155
1.75735
1.88836
1.7117
1.91605
1.87751
1.96666
2.0228
1.91687
1.75439
1.72868
2.02664
1.77269
1.72166
1.87303
1.92656
1.8579
1.77956
1.84058
1.98479
1.79761
1.74592
1.7945
1.85028
1.84324
1.84497
1.84516
1.86727
1.98708
1.94341
1.86167
2.02584
1.87963
1.81815
1.75521
1.73287
1.88108
1.92345
1.88191
1.80423
1.87284
1.87094
1.87277
1.74478
1.83013
1.87625
1.90926
1.99628
1.81314
1.99389
1.87699
1.77678
1.77999
1.96867
1.95531
1.87018
1.77401
1.91206
1.729
1.83915
1.78796
1.94444
2.01689
1.77612
1.90966
1.70921
1.72867
1.81973
1.76208
1.76447
1.75809
1.98118
1.76078
1.88531
1.87476
1.77943
1.77381
1.84168
1.78573
2.02789
1.88477
1.76245
2.01022
1.79596
1.86619
1.88654
1.71933
1.73316
1.98953
1.85282
1.75284
1.82151
1.78182
1.74459
1.82756
1.77708
1.71763
1.7138
1.73724
1.82659
1.72001
1.85297
1.70884
1.87202
1.99095
1.78616
1.81218
1.84863
1.86443
1.7507
1.81243
1.98884
1.77391
1.7627
1.81612
1.8256
1.70484
1.99561
1.85578
1.84458
1.79327
2.04909
1.73986
1.75499
1.85082
1.85757
2.03256
1.88923
1.97062
1.78379
1.73567
1.87239
1.70857
1.93907
1.85818
2.04684
1.86099
1.93544
2.01296
1.96804
1.92558
1.7952
2.04165
1.75512
1.72105
1.84402
1.70796
1.96381
1.75938
1.90237
1.83456
1.97619
1.77352
2.02329
1.88771
1.86697
1.93229
1.70022
1.92373
1.79989
1.83461
1.86371
1.90239
1.7529
1.71132
1.81116
1.73412
1.86177
1.92617
1.87735
1.79163
1.98479
1.78239
1.70488
1.7928
1.87023
1.93932
1.7935
1.80173
1.86636
1.89217
1.86142
1.71727
1.86763
1.75307
1.83475
1.80548
1.87383
1.77264
1.92279
1.7042
1.96309
1.76075
1.87706
1.75888
1.90684
1.99146
1.89035
1.92422
1.8032
1.85782
1.83766
1.79149
1.71572
1.73084
1.81556
1.83444
1.84039
1.83666
1.86696
1.87665
1.85345
1.84386
1.87113
1.81701
1.94601
1.99101
1.94753
1.87596
1.77648
1.85791
1.84373
1.7024
1.86651
1.84879
1.90484
1.74662
1.77159
1.80049
1.92288
1.71711
1.92806
1.87369
1.77687
1.97313
1.88677
1.80426
1.90152
1.85724
1.76577
1.73144
1.71231
2.02252
1.87716
1.81301
1.87198
1.81031
1.72705
1.98821
1.87286
1.95715
1.70919
1.87137
1.9289
1.84174
1.9526
1.85307
1.72079
1.94002
2.04782
1.71532
1.89246
1.97871
1.76577
1.84609
1.85094
1.76832
1.80436
1.73927
1.88353
1.7955
1.83922
1.92186
1.82228
1.8258
1.85311
1.81618
1.82935
1.72487
1.70101
1.85457
1.84041
1.85296
1.75462
1.74234
1.73008
1.70379
1.87855
1.72724
1.87484
1.87292
1.9362
1.99153
1.70184
1.76829
1.7222
2.02391
1.91047
1.70875
1.87158
1.85891
1.70219
1.85659
1.90243
1.86541
2.00021
2.04275
1.81848
1.9552
1.96992
1.89685
1.85759
1.93666
1.72355
2.01225
1.72811
1.74157
1.82064
1.82738
1.85297
1.8437
1.81774
1.79462
1.86074
1.80129
1.72267
1.81877
1.94428
1.7532
1.78176
1.71815
1.85783
1.76534
1.73416
1.70676
1.87017
1.72651
1.85383
1.89462
1.82336
1.96964
1.81839
1.83476
1.85102
1.85861
1.84027
1.71575
1.91758
1.9043
1.97154
1.895
1.70082
1.85279
1.88412
1.87498
1.83722
1.94431
2.0334
1.9064
1.77174
1.90123
1.83644
1.88167
1.95636
1.78175
1.89859
1.98032
1.86959
1.81607
1.84882
1.77216
1.89383
1.74798
1.98125
1.79595
1.75463
1.71115
1.82026
1.75504
1.86268
1.77013
1.76987
1.97229
1.95642
1.86221
1.7076
1.78868
1.84996
1.87086
1.8961
1.77479
1.99103
1.89572
1.90248
1.85544
2.04828
1.86658
1.86929
1.78968
1.97149
1.74619
1.7156
1.84522
1.74068
1.80781
1.93628
1.81217
1.85095
1.73748
1.88142
1.87522
2.03143
1.76756
2.02006
1.80792
1.72345
1.7549
1.87421
1.76572
1.85546
1.98311
1.86435
1.87606
1.75575
1.74017
2.0151
1.72867
1.87338
1.78523
1.93122
1.70995
1.94747
1.76295
1.70042
1.9184
1.82521
1.93199
2.02811
1.8514
1.83707
2.01162
1.77134
1.84913
1.97756
1.82588
1.83877
1.71135
1.91141
1.86039
2.04755
1.70158
1.76721
1.8164
1.85378
1.89284
1.72385
1.81917
2.01606
1.85848
1.8576
1.70477
1.91374
1.73851
1.7817
1.71617
1.87086
1.7493
1.81765
1.80767
1.91568
1.73674
1.70485
1.86031
1.80979
1.72278
1.82023
1.92153
1.93896
1.88838
1.79489
1.97173
1.93233
1.70408
1.99944
1.7621
1.90386
1.71729
1.78555
1.86638
1.71157
1.8717
1.8593
1.7021
1.95785
1.75176
1.75176
1.83106
1.84124
1.72926
1.7314
1.70979
1.82208
1.79297
1.76893
2.03221
1.87754
1.8537
1.96534
1.89724
1.73444
1.85073
1.70025
1.88786
2.0138
1.98604
1.85878
1.81198
1.86757
1.70161
1.7701
1.90834
1.84429
1.75947
1.81124
1.78433
1.73243
1.80539
1.7411
1.78268
1.76057
1.96641
1.70284
1.77759
1.91603
1.96787
1.87711
1.90304
1.70381
1.77819
1.70951
1.78929
1.89698
1.84219
1.70375
1.75857
1.71835
1.81046
1.84626
1.7771
1.89026
2.0276
1.82544
1.76517
1.98687
1.87834
1.76158
1.9213
1.88225
1.83295
1.86535
1.70175
1.76381
1.72169
1.86011
1.78376
1.88303
1.80627
1.77875
1.84791
1.73444
1.75133
1.85289
2.04529
1.90221
1.86595
1.78357
1.99437
1.88475
1.92311
1.73316
1.78207
1.82688
1.8088
1.84427
1.87325
1.71849
2.03697
2.0156
1.85441
1.7305
1.79738
2.01471
1.7087
1.7969
1.70873
2.0315
1.86205
1.88259
1.74076
1.7043
1.71442
1.70026
1.73149
1.70529
1.76621
1.80561
1.72619
1.71055
1.86991
1.83907
1.79467
1.7364
1.84417
1.75012
1.73815
1.985
1.86294
1.79606
1.70329
1.90268
1.78123
1.87437
1.90533
1.732
1.95049
1.86866
2.04486
1.76868
1.9651
1.77084
1.87701
1.73361
1.81748
1.78287
1.74796
1.85232
1.98281
1.7964
1.82964
1.96967
1.84072
1.809
1.91331
1.90195
1.98426
1.78434
1.84173
1.75729
1.71211
1.73912
1.89174
1.8487
1.9075
1.90131
1.91987
1.92561
1.82303
1.73032
1.86652
1.99612
1.74342
1.75098
1.79548
1.8491
1.73359
1.8731
1.83476
1.8612
1.80069
1.86073
1.7931
1.72982
1.74162
1.94075
1.85654
1.72943
1.73001
1.88732
1.87769
1.70609
1.75584
1.87317
2.0123
1.86146
1.74984
1.79079
1.8433
1.76994
1.70239
1.8459
1.85486
1.8808
1.96541
1.75424
1.98992
1.81252
1.87881
1.89997
1.73862
1.74256
1.85214
1.96512
1.9012
2.00738
1.83599
1.74385
2.01062
1.78904
1.80562
1.78771
1.89311
1.99748
1.71772
1.72353
1.861
1.72555
2.04097
1.87373
1.70826
1.97244
1.91394
1.82097
1.79718
1.72641
1.8408
1.82255
1.85154
1.76927
1.71906
1.92128
1.7755
1.889
1.81668
1.84071
1.95428
1.88658
1.7783
1.86829
2.02834
1.94708
1.88519
1.83608
1.85237
1.87531
1.90267
1.83998
1.9763
1.93892
1.89075
1.97495
1.7308
1.72539
1.87324
1.86979
2.04319
1.85664
1.81249
1.72923
1.73077
1.98187
1.87808
1.7623
1.73295
1.85525
1.94348
1.91806
1.86677
1.86095
1.85387
1.81727
1.88532
1.94557
1.87057
1.91019
2.02632
1.74997
1.88611
1.84382
1.9548
1.85274
1.87601
1.79858
1.89469
1.87067
2.04057
1.98983
1.82595
1.73328
1.87928
1.84305
1.84809
1.745
1.94173
1.86919
1.9596
2.01591
1.87224
1.89006
1.96068
1.77815
2.02978
1.70121
1.76347
1.72177
1.76891
1.85705
1.72783
1.77764
1.80017
2.01115
1.79427
1.92806
2.01381
1.91368
1.89389
1.77004
1.80807
1.99199
1.80752
1.84928
1.83781
1.77799
1.73282
1.71143
2.03797
1.74949
1.7264
1.72376
1.84559
1.98553
2.02257
1.82362
1.76603
1.744
1.71984
1.86954
1.8574
1.88029
1.85776
1.83877
1.7901
1.70506
1.83029
1.84807
1.76413
1.89272
1.87174
2.03666
1.84338
1.75233
1.82087
2.00844
1.80819
1.89375
1.78128
1.78347
1.92852
1.89137
1.83953
1.73683
1.8025
1.73881
1.96348
1.9583
1.84832
1.73123
1.95926
1.81268
1.83905
1.70146
1.7096
1.95804
1.70669
1.89957
1.82681
1.7459
1.79022
1.96009
1.89773
1.74876
1.71321
1.72206
2.01186
1.71312
1.78125
1.93906
1.76391
1.7176
1.85884
1.95301
1.7846
1.76549
1.98357
1.89979
1.72083
1.87768
1.88809
2.04443
1.756
1.86274
1.87425
1.84298
1.82105
1.86323
1.82032
2.01937
1.91821
1.92245
1.71575
1.96027
1.73321
1.82076
1.99463
1.75913
1.74877
1.71048
1.70697
1.86566
2.00839
1.80759
1.70949
1.79963
1.82039
1.95768
1.85607
1.8976
1.93091
1.78166
1.89613
1.81929
1.79942
1.85446
1.70473
1.80733
1.81673
1.95928
1.76437
1.7447
1.72594
1.84874
1.7192
2.02155
1.71846
1.86384
1.93756
1.77304
1.74764
1.81239
1.87466
1.87513
1.93603
1.74782
1.82162
1.82972
1.87812
1.80269
1.71358
1.75341
1.84243
1.70361
1.85389
1.70528
1.82452
1.85702
1.77099
1.74951
1.74454
1.86946
1.79393
1.87237
1.90098
1.71471
1.79772
2.03572
1.8429
1.92319
1.91371
1.9561
1.77675
2.00712
1.93609
1.71487
1.89634
1.98858
1.9944
1.7961
1.8602
1.71005
1.8699
1.86408
1.76563
1.84786
1.95441
1.88646
1.7763
1.91503
1.83668
2.0169
1.8574
1.86526
1.98565
1.89913
1.84722
1.86021
1.9187
1.90284
1.86498
1.84194
2.02441
1.77721
1.8527
1.98335
1.93784
1.86002
1.70859
1.77304
1.86782
1.72977
1.83396
1.94789
1.71366
1.8715
1.70447
1.89444
1.73876
1.87791
1.83217
1.83165
1.7343
1.8944
1.89118
1.89468
1.93178
1.94847
1.86899
1.97633
1.75413
1.88946
1.98965
1.85811
1.71511
1.98988
1.86213
1.75821
1.77161
2.01429
1.84781
2.01715
1.77788
1.86043
1.88804
1.89184
1.92943
1.72476
1.88589
1.97729
1.76328
1.89405
2.0318
1.75158
1.77635
1.85152
1.70667
1.74881
1.7005
1.86718
1.85806
1.75001
1.86552
2.02071
1.85769
1.89564
1.77699
1.94673
1.80463
1.83487
1.82092
1.703
1.81757
1.94771
1.98303
1.86043
1.72816
1.95967
1.75015
1.83019
1.9601
1.77861
2.01397
1.8518
1.88446
1.96634
1.97587
1.92735
1.92605
1.76915
1.71494
1.89339
1.8676
1.90431
1.76624
1.82633
1.82633
1.93291
2.02437
1.90321
2.01361
1.72531
1.84803
1.77018
1.83816
1.72527
1.81599
1.71134
1.81801
1.94834
1.95963
1.91249
1.75226
2.00155
1.82494
1.75829
1.81495
1.88878
1.70215
1.97522
1.96134
1.84041
1.78369
1.8734
1.97201
2.04404
2.0304
1.73657
1.8257
1.76056
1.98286
1.71909
1.80581
1.70553
1.70899
1.87795
1.88498
2.0267
1.7178
1.87816
1.83148
1.98451
1.70597
1.88534
1.86154
1.81666
1.94906
1.72637
1.82878
1.94112
1.89534
1.81961
1.93229
1.7047
1.77171
1.84445
1.70525
1.78859
2.04097
1.81468
1.78152
1.86955
1.94946
1.71239
1.77687
1.86774
1.7169
1.7797
1.76194
1.75562
1.93865
1.77564
1.85074
1.73349
1.79655
1.88394
1.83272
1.8694
1.76063
1.7162
1.82669
1.88856
1.85701
1.85126
1.82114
1.87432
1.86167
1.91106
1.98023
1.90805
1.82056
1.82012
1.75291
1.77059
1.85276
1.89059
1.72013
1.7503
1.75142
1.70231
1.85404
1.85146
1.85852
1.87317
1.84426
1.78173
2.04112
1.9814
1.7732
1.87178
1.85024
1.85946
1.87393
1.92631
2.03939
2.00208
1.74645
1.73762
2.02711
1.71393
1.99131
1.89924
1.92737
1.89875
1.85847
1.84262
1.97817
1.72737
1.87117
1.7881
1.79203
1.85466
1.84702
1.70844
1.86802
1.8586
1.85934
1.8554
1.77448
1.84996
1.77304
1.73929
1.78093
1.86768
1.79693
1.71068
1.75364
1.72143
1.87031
1.7172
1.80326
1.79935
1.87293
1.86843
1.88534
1.84948
1.93615
1.77441
1.81149
1.93017
1.71699
1.87014
1.79377
1.95108
1.86195
1.796
1.85438
1.88893
1.81566
1.72101
2.02745
1.95419
1.71926
1.97086
1.97246
1.71367
2.03756
1.84006
1.7488
1.70732
1.9829
2.04394
1.89157
1.7255
2.04958
1.84839
1.87066
1.77082
1.85342
1.72237
1.75858
1.93945
1.93039
1.76335
1.86699
1.86197
1.76478
1.90081
1.94129
1.78659
1.82428
1.89455
1.71847
1.94816
1.9436
1.72248
1.71114
1.71155
1.72549
1.96121
1.77192
1.79812
1.75001
1.89536
1.79919
1.89233
1.90399
1.80936
1.97662
1.88933
1.79633
1.87269
1.88926
2.02943
1.911
1.71192
1.91371
1.8631
1.89909
2.01898
1.98184
1.70062
2.01834
1.92619
1.87693
1.86487
1.88528
1.91413
1.85547
1.78121
1.72793
1.84099
1.82434
2.03361
1.76419
1.76328
1.76198
1.87511
1.74585
1.79434
1.83715
1.74975
1.83838
1.94635
1.82145
1.79558
1.90518
1.71837
1.93348
1.84999
1.88003
1.92979
1.73278
1.77431
1.77493
1.99725
1.78981
1.87184
1.98156
1.72738
1.84235
1.79643
1.71802
1.7271
1.84593
1.88619
1.88547
1.71617
1.78881
1.73574
1.844
1.79799
1.83035
1.87223
1.92815
1.70698
1.77641
1.93545
1.87906
1.71007
1.72742
1.7382
1.90456
1.81966
1.74916
1.97349
1.81061
1.72881
1.78767
1.85438
1.85259
1.83455
1.72097
1.86171
1.81147
1.73018
1.95079
1.86048
1.70481
1.84746
1.8844
1.98573
1.73992
1.93978
1.81615
1.8289
1.85472
1.85799
1.73976
1.72124
1.92247
2.04108
1.73237
1.84832
1.75136
1.72966
1.70452
1.91473
1.71644
1.72106
1.86436
1.70288
1.81582
1.72292
1.93007
1.8722
1.78002
1.84506
1.86136
1.82652
1.82639
1.86927
1.79655
1.88758
1.96
1.70342
1.85543
1.9557
1.77814
1.87665
1.92206
1.94026
1.72261
1.8834
1.86502
1.8927
1.98333
1.88182
1.85192
1.86206
1.96014
1.92291
1.73858
1.88828
1.92159
1.97849
1.90925
1.76082
1.72279
1.82607
1.72047
2.00994
1.86211
1.86017
1.89205
1.8677
1.7948
1.77664
1.99556
1.90783
1.82537
1.87055
1.87575
1.74018
1.79854
1.90177
1.80215
1.81322
1.86586
1.81138
1.85936
1.74451
1.74081
1.8576
1.84193
2.00882
2.04533
1.86748
1.7029
1.81468
1.71549
1.84402
1.88015
1.9055
1.89861
1.92726
1.81941
1.97012
1.87925
1.81997
1.88325
1.85845
1.75331
1.83457
1.79753
1.9476
1.75628
1.84249
1.84587
1.96327
1.71799
1.96154
1.71089
1.90442
1.92655
1.80671
1.87987
1.96179
1.8091
1.9684
1.91094
1.74061
1.77228
1.88541
1.94017
1.83096
1.72181
1.90465
1.92722
1.83595
1.88751
1.9837
1.87598
1.71198
1.96293
1.76822
1.75728
2.02312
1.86926
1.90584
1.94479
1.87387
1.98791
1.79328
1.80501
1.7802
1.89269
1.7224
1.85456
1.84471
1.72576
1.87705
1.82615
1.72681
1.81128
1.87365
1.85752
1.87516
1.74358
1.91481
1.98494
1.82009
1.7941
1.73555
1.81473
1.93892
1.73457
1.83407
1.86149
1.87736
1.89052
1.72129
1.85682
1.71345
1.85834
2.00439
1.93317
1.86655
1.70816
1.76731
1.90218
1.82477
1.95723
1.72866
1.7273
1.8683
1.77284
2.0457
1.80813
1.99474
1.74641
1.8158
1.88279
2.04984
1.7796
1.86449
1.9761
1.80377
1.85858
1.85175
1.72737
1.74362
1.94811
1.76494
1.88032
1.85977
1.72809
1.87323
1.76485
1.74469
1.89581
2.02648
1.87084
1.75158
1.81604
1.7233
1.80779
1.84004
1.74662
1.79705
1.82029
1.71719
1.71712
2.02953
1.74007
1.9655
1.74429
1.92144
1.95509
2.04145
1.74794
1.70509
1.7752
1.85867
1.73373
2.02413
1.96668
1.91955
1.8898
1.72039
1.87693
1.9337
2.00698
1.87604
1.97808
1.86866
1.86785
1.70617
2.02509
1.71326
1.90704
1.76477
2.0109
1.9429
1.87371
1.81318
1.77083
1.78954
1.72184
1.98145
1.98239
1.88456
1.76711
1.71983
1.95579
1.79439
2.02799
1.79512
1.76439
1.71998
1.92685
1.92352
1.95209
2.02503
1.79864
1.89048
1.7448
1.83438
2.01164
1.79931
1.84412
1.94349
1.86729
1.87842
1.95013
1.90598
1.84356
1.84002
2.04301
1.74328
1.93804
1.7068
1.92723
1.86487
1.92927
1.91115
2.01626
1.74058
1.8646
1.74532
1.96569
1.86962
1.84875
1.7452
1.88916
1.73822
1.73873
1.7005
1.84361
2.03174
1.9305
1.88177
1.73996
1.89733
1.91372
1.80142
1.7516
1.84307
1.99208
2.02212
1.99634
1.76496
1.98954
1.79832
1.99081
1.94576
1.73088
1.8582
1.72993
1.7991
1.98499
1.82563
1.81262
2.04984
1.93092
1.70883
1.99321
1.99516
1.8183
1.84121
1.72097
1.75515
1.77845
1.73099
1.93056
1.85899
1.70426
1.75355
1.70258
2.03453
1.8126
1.76776
1.87969
1.74235
1.88725
1.72703
1.72216
1.82159
1.85879
1.82597
1.99504
1.85246
1.97088
1.78905
1.72496
1.75167
1.86655
1.857
1.88165
1.93284
1.74166
1.84768
1.73139
1.88368
1.75289
1.74151
1.93238
1.81566
1.91566
1.7315
1.89131
1.70986
1.89172
1.86268
1.84369
1.93116
1.77734
1.85133
1.94154
1.82766
1.70744
1.93059
1.79282
1.71325
1.70986
1.76577
1.73495
1.70774
1.79546
1.97048
1.82829
2.04885
1.85538
1.80596
1.71307
1.87731
1.86289
1.85905
1.79068
1.75034
1.78243
1.91721
1.82908
2.0231
1.89021
1.73398
1.70522
1.78589
1.9375
1.77851
1.84398
1.75457
1.76813
1.88513
1.75241
1.7381
1.8119
1.86123
1.70674
2.0325
2.0077
1.85391
1.8745
1.72627
1.83088
1.9391
1.94485
1.94815
2.02612
1.83402
1.75804
1.85709
1.88876
1.73227
2.01837
1.71289
1.80269
1.82327
1.84436
1.97106
1.81555
1.85253
1.86876
1.81369
1.84996
1.71596
1.87872
1.85494
1.90892
1.74259
1.98063
1.85647
1.81769
1.93177
1.76983
1.78346
1.9106
1.86621
1.72966
1.73406
1.70304
1.99706
1.77623
2.03654
1.73011
1.7258
1.78623
1.93081
1.83615
1.76411
1.89706
1.84892
1.74883
1.94938
1.76188
1.71224
1.89479
1.92475
1.74684
1.73651
1.75789
2.02231
1.99181
1.94744
1.77136
1.86684
1.85758
1.70328
1.80377
1.80659
1.7009
1.84435
1.71949
1.9074
1.84771
1.84165
1.84124
1.99051
1.81174
1.8938
1.9413
1.74715
1.87923
1.97389
1.84551
1.88851
1.91589
2.00307
1.76583
1.8803
1.91328
1.95175
1.83931
1.71528
1.80934
1.99384
1.9278
2.00687
1.90678
1.74106
1.7673
1.78343
2.02487
1.85468
1.74418
1.86563
1.80577
1.70596
1.86086
1.70118
1.87579
1.99234
1.83759
1.71691
1.85001
2.02416
1.86626
1.99393
1.8506
1.95699
1.83116
1.86896
1.71432
1.84393
1.70613
1.80886
1.72426
1.71714
1.81827
1.86502
1.85192
1.9812
1.87959
1.84399
1.98552
1.89165
1.83682
2.04516
1.86397
1.87133
2.0174
1.7814
1.81687
1.98998
1.83879
1.77994
1.79335
1.74057
1.97301
1.7143
1.97952
1.86881
1.79917
1.85531
1.89625
1.83399
1.7069
1.83342
1.85869
1.98835
1.7326
1.82773
1.88626
1.74839
1.90762
1.89642
1.90388
1.75922
1.96925
1.9792
1.80256
2.03465
1.99314
1.70212
1.85403
1.8456
1.75972
1.83529
1.75547
1.79138
1.9544
1.75765
2.04119
1.90623
1.8657
1.74634
1.92981
1.80962
1.88394
1.85383
1.91924
1.82501
1.7537
1.81059
2.00493
1.7277
1.72286
1.71942
1.93946
2.04891
1.80841
1.89452
1.8944
1.75525
1.84438
1.90062
1.73841
1.81744
1.8882
1.79631
1.90585
1.83512
1.96814
1.73228
1.7072
1.81285
1.83201
1.82701
1.82417
1.93309
1.81936
1.72772
1.74089
1.79942
1.89848
1.85499
1.8479
1.76145
1.85945
1.85829
1.72567
1.72582
1.96632
1.72573
1.91309
1.86145
1.73344
1.74066
1.87732
1.84562
1.73497
1.7821
1.83584
1.79387
1.88251
1.76601
1.84346
1.98805
1.74351
1.88119
1.80264
1.85107
1.88409
1.79799
1.71052
1.81493
1.75927
1.90443
1.71758
1.77929
1.79073
1.94055
1.79816
1.8854
1.81349
1.80471
1.8739
1.8352
1.98095
1.85946
1.7498
1.85288
1.76091
1.85517
1.8061
1.89661
1.98574
1.75303
1.8619
1.78273
1.81897
1.86557
1.88129
1.7066
1.71854
2.01129
1.72013
1.93231
1.99214
1.85595
1.95197
1.70856
1.82227
1.75598
2.01484
1.83381
1.76201
1.74809
1.84737
1.70734
1.92279
2.01526
2.02322
1.86113
1.72627
1.94518
1.73679
1.80021
1.8772
1.71676
1.74699
1.97648
1.99931
1.71156
1.89141
1.91341
1.87992
1.75546
1.87859
1.86908
1.75421
1.86253
1.7766
1.81298
1.9391
1.80346
1.93593
1.8553
1.70094
1.74677
1.75895
2.00204
1.73263
2.04821
2.01657
1.73658
1.91621
1.88476
1.76089
1.89784
1.78941
1.78617
1.85541
1.83447
1.76059
1.87141
1.74926
1.84962
1.92101
1.71606
1.77751
2.03137
1.8097
1.91126
1.84049
1.9944
1.75207
1.94595
1.97086
1.72556
1.95784
1.7987
1.86026
1.92972
1.85502
1.86869
1.93982
1.74932
1.71617
1.97433
1.84355
2.03274
1.74272
1.76758
1.87833
1.92874
1.99945
1.74783
2.03766
1.76573
1.71146
1.76746
1.85696
1.87401
1.9889
1.86757
1.77544
1.74437
1.81071
1.88031
1.8386
1.80266
1.86307
1.7536
2.01413
1.81713
1.77108
1.87192
1.7179
1.893
1.8893
1.72792
1.83061
1.93172
1.94792
1.90213
1.83203
1.76419
1.93588
1.98334
1.97359
1.82769
1.97477
1.87251
1.97192
1.88574
1.90205
1.79338
1.83201
1.86009
1.80936
1.74867
1.73201
1.85179
1.81064
1.77145
1.8608
1.75333
1.98247
1.95446
1.70826
1.86731
2.00918
2.0441
1.8368
1.76893
1.7849
1.91611
1.94612
1.77306
1.71612
1.75714
1.83709
1.72822
1.75481
1.80893
1.99147
1.74008
1.80269
1.86143
1.70344
1.89651
1.86107
1.80652
1.91758
2.00646
2.0071
2.00144
1.75014
1.83618
1.7965
1.75935
1.94475
1.90541
1.70229
1.93091
1.95813
1.81441
1.75391
1.87249
1.82761
1.72272
1.77252
1.85741
1.80637
1.9088
1.71532
1.78281
1.77695
1.71172
1.8582
1.83761
1.82001
1.78415
1.71528
1.7818
1.94238
1.82662
1.81081
2.03495
1.74333
1.7542
1.77299
1.70786
1.85554
1.76379
1.8636
2.04923
1.8517
1.92688
1.81823
1.8273
1.97787
1.83048
2.02172
1.89921
1.83605
1.87329
1.83356
2.0123
1.77027
1.86604
1.84151
1.79527
2.01666
1.94193
1.85842
1.98302
1.91269
1.78711
1.79129
1.85693
1.95972
1.7011
1.74696
1.86128
1.79355
1.7895
1.77816
1.77609
1.82603
1.96938
1.79608
1.73988
1.81361
1.74083
1.90083
1.80417
1.82915
1.93445
1.84663
1.86382
1.87253
1.7177
1.89924
2.0334
1.95105
1.94653
1.90593
1.75415
1.7597
1.82571
1.7162
1.87807
1.79065
1.86323
1.86201
1.88001
1.92669
2.04018
1.82403
1.88345
1.95216
1.70141
1.73323
1.97464
1.75018
1.84799
1.72673
1.74071
1.86829
1.76701
1.95411
1.72595
1.84909
1.86825
1.89952
1.82079
1.72424
1.73833
1.72738
1.85259
2.00547
1.80054
1.86814
1.71995
1.9329
2.02198
1.93247
1.86955
1.86426
1.79209
1.76317
2.02825
1.9035
1.9945
1.79991
1.72081
1.72544
1.9212
1.71003
1.85942
1.82984
1.77713
1.86408
1.99702
1.83211
1.77731
1.82176
1.90159
1.86439
1.87865
1.95205
1.7035
1.85079
1.79383
1.82055
1.80642
2.04156
1.79494
1.76585
1.8285
1.7327
1.90004
1.90129
1.75493
2.0172
1.82568
1.86215
1.89993
1.70378
1.75505
1.71282
1.73863
2.01877
1.98769
1.94569
1.87437
1.96176
1.76408
1.8848
2.04357
1.85697
1.96226
1.968
1.7333
1.87103
1.80505
1.84566
1.80539
1.89913
1.79746
1.9608
1.80383
1.96738
1.76185
1.83303
1.72897
1.86091
1.73228
2.04652
1.73436
1.73407
1.75613
1.79818
1.73548
1.81478
1.84872
1.84991
2.02693
1.8219
1.77323
1.76604
1.78847
1.72114
1.85146
1.986
1.94067
1.86087
1.92853
1.87769
1.79506
1.8766
1.87631
1.87715
1.88064
1.85311
1.84703
1.9276
2.04157
1.71057
1.72188
1.78792
1.78175
1.97204
1.72895
1.83068
1.86673
1.84949
1.72086
1.94639
1.71602
1.78361
1.86007
1.85884
1.81063
1.82562
1.95944
1.85864
1.77085
1.86874
1.7123
1.87418
1.84962
1.88976
1.84651
1.71705
1.84673
1.78761
1.70247
1.93772
1.76175
1.83796
1.76754
1.88145
1.98356
1.99742
1.81219
1.7812
1.9046
1.855
1.76207
1.80232
2.01118
1.84466
1.76511
1.82904
1.86268
1.72476
1.70784
1.98093
1.84664
1.80859
1.75984
1.71111
1.92074
1.71375
1.73809
1.81413
1.87342
1.75441
2.04964
1.71955
1.89309
1.82912
1.78897
1.86533
1.75551
1.7123
1.8291
1.86765
1.85209
1.8952
1.76465
1.87261
1.75212
1.88917
1.8815
1.75904
1.87703
1.75527
1.70596
1.73182
1.89993
1.86933
1.74754
1.81684
1.71213
1.82559
1.73105
1.88641
1.74981
1.95014
1.86274
1.81261
1.79722
1.84624
2.03534
1.72261
1.94349
2.0176
1.81618
2.04372
1.80669
1.79475
1.87419
1.82218
1.89084
2.01958
1.97293
1.84106
1.9171
1.70895
1.74489
1.90556
1.71516
1.78963
1.75726
1.87052
1.70866
2.04212
1.86577
1.81961
1.94814
1.99674
1.85189
1.91587
1.87059
1.70678
1.7052
1.86346
1.96554
1.93562
1.98601
1.97937
1.8451
1.82856
1.83118
1.72748
1.93075
1.8546
1.93055
1.72022
1.95394
1.85078
1.8629
1.86579
1.99706
1.8204
1.75759
1.87285
1.73743
1.75205
1.90376
1.86741
1.73202
1.87937
1.79351
2.04563
1.82585
1.71561
1.8831
1.76932
1.94191
1.72183
1.7515
1.85285
1.80197
1.71466
1.73157
1.82643
1.74672
1.7482
1.73547
1.70898
1.87964
1.88587
1.79539
1.96302
1.80618
1.88057
1.83943
1.94084
1.95596
1.89156
1.73844
1.98383
1.95694
1.92051
1.71902
1.82035
1.92119
1.86823
1.87321
1.7649
1.83164
1.9349
1.77753
2.04351
1.72106
1.79884
1.7768
1.72981
1.8204
1.78946
1.85099
2.04035
1.76837
1.73687
1.87769
1.80616
1.72088
1.94736
1.72498
1.72976
1.96676
2.02989
1.73795
1.84214
2.0068
1.92079
1.86205
1.90426
1.86611
1.85546
1.76132
1.83176
1.94924
1.86754
1.88095
1.7794
1.96662
1.82321
2.04228
1.92681
1.71851
1.84571
1.86354
1.94895
1.84804
1.70041
1.77285
1.82352
1.80257
2.0296
1.86034
1.886
1.90225
1.96822
1.85437
1.94113
1.87997
1.77333
1.96509
1.75256
1.77169
2.02967
1.77746
1.78898
1.8899
2.01953
1.77519
